imageId,age,gender,ethnicity,emotion
0,4,male,caucasian,neutral
2,80,female,caucasian,slightlyhappy
3,50,female,caucasian,happy
5,27,male,asian,slightlyhappy
6,24,female,caucasian,slightlyhappy
7,43,male,caucasian,other
8,26,male,asian,neutral
9,39,female,caucasian,neutral
10,17,male,caucasian,other
11,51,male,asian,neutral
12,2,female,caucasian,neutral
13,1,female,caucasian,other
14,6,female,caucasian,slightlyhappy
15,18,female,caucasian,neutral
16,24,male,caucasian,slightlyhappy
17,5,female,caucasian,slightlyhappy
18,40,female,caucasian,happy
21,1,female,caucasian,other
22,35,male,caucasian,slightlyhappy
23,25,male,caucasian,neutral
24,5,male,caucasian,slightlyhappy
25,30,female,caucasian,slightlyhappy
26,24,female,caucasian,slightlyhappy
27,35,male,caucasian,neutral
28,65,male,caucasian,neutral
30,1,male,caucasian,neutral
33,16,female,caucasian,slightlyhappy
35,16,female,caucasian,slightlyhappy
36,2,male,afroamerican,other
38,10,female,caucasian,happy
40,1,male,caucasian,other
41,34,female,asian,neutral
42,15,female,caucasian,neutral
43,30,female,caucasian,slightlyhappy
46,16,female,caucasian,neutral
47,19,female,caucasian,slightlyhappy
49,10,female,caucasian,slightlyhappy
50,42,male,asian,slightlyhappy
51,23,female,caucasian,neutral
52,25,female,asian,neutral
53,1,female,caucasian,neutral
54,58,female,caucasian,happy
56,44,female,caucasian,happy
58,21,male,caucasian,happy
59,14,female,caucasian,slightlyhappy
61,24,male,caucasian,slightlyhappy
63,40,male,caucasian,slightlyhappy
64,26,female,caucasian,slightlyhappy
65,34,male,caucasian,neutral
66,48,male,caucasian,neutral
67,39,male,caucasian,neutral
69,24,female,caucasian,other
70,27,male,caucasian,happy
71,45,female,caucasian,slightlyhappy
72,24,male,caucasian,slightlyhappy
73,21,female,caucasian,neutral
74,24,male,asian,slightlyhappy
75,24,male,caucasian,happy
76,26,female,asian,slightlyhappy
77,14,female,caucasian,happy
78,17,female,afroamerican,happy
80,27,female,caucasian,slightlyhappy
81,23,female,caucasian,slightlyhappy
82,25,female,caucasian,other
83,18,female,caucasian,slightlyhappy
84,58,male,caucasian,other
85,51,female,caucasian,other
86,25,male,caucasian,neutral
88,37,male,caucasian,neutral
89,50,male,caucasian,other
90,35,male,caucasian,slightlyhappy
91,22,male,caucasian,slightlyhappy
92,28,female,caucasian,slightlyhappy
93,59,male,caucasian,slightlyhappy
94,30,male,caucasian,happy
95,17,male,caucasian,neutral
96,53,female,caucasian,happy
97,51,female,caucasian,happy
99,19,female,caucasian,happy
100,45,male,caucasian,slightlyhappy
101,9,male,afroamerican,other
103,32,female,caucasian,slightlyhappy
104,27,male,caucasian,slightlyhappy
105,60,female,caucasian,happy
106,45,female,caucasian,happy
107,23,male,afroamerican,happy
109,20,male,caucasian,other
110,13,female,caucasian,neutral
111,54,male,caucasian,neutral
112,49,male,caucasian,slightlyhappy
113,19,female,caucasian,happy
115,80,female,caucasian,other
116,24,male,caucasian,other
117,11,female,caucasian,happy
118,8,male,caucasian,other
119,60,male,caucasian,slightlyhappy
121,23,female,caucasian,slightlyhappy
122,15,female,caucasian,neutral
123,22,female,caucasian,slightlyhappy
124,25,female,caucasian,neutral
125,28,male,caucasian,slightlyhappy
126,37,male,caucasian,neutral
127,24,male,asian,neutral
130,5,female,caucasian,slightlyhappy
131,60,male,caucasian,slightlyhappy
132,43,male,caucasian,slightlyhappy
133,24,female,caucasian,happy
134,42,male,caucasian,happy
135,26,female,caucasian,slightlyhappy
136,54,male,asian,neutral
137,52,female,caucasian,neutral
138,24,female,asian,slightlyhappy
139,23,female,caucasian,neutral
140,26,male,caucasian,slightlyhappy
141,18,female,caucasian,happy
142,54,female,caucasian,happy
146,23,female,caucasian,happy
147,8,female,caucasian,neutral
148,40,female,caucasian,happy
150,37,male,caucasian,slightlyhappy
151,1,male,caucasian,neutral
152,25,female,caucasian,other
153,20,male,caucasian,slightlyhappy
154,28,male,caucasian,neutral
155,60,male,caucasian,neutral
156,34,male,caucasian,slightlyhappy
157,48,female,asian,neutral
158,1,female,afroamerican,neutral
159,18,female,asian,neutral
160,21,male,caucasian,neutral
161,30,female,asian,slightlyhappy
162,32,male,caucasian,other
163,48,male,caucasian,slightlyhappy
164,50,male,caucasian,neutral
165,45,male,caucasian,slightlyhappy
167,80,female,caucasian,other
169,21,male,caucasian,slightlyhappy
170,13,female,afroamerican,happy
171,32,female,caucasian,slightlyhappy
172,33,female,caucasian,happy
175,72,male,asian,neutral
176,47,male,caucasian,slightlyhappy
177,30,male,caucasian,other
178,6,male,caucasian,other
180,26,male,caucasian,slightlyhappy
182,23,male,caucasian,slightlyhappy
183,28,male,caucasian,neutral
185,26,male,caucasian,slightlyhappy
186,16,male,caucasian,neutral
188,39,female,caucasian,slightlyhappy
190,65,male,caucasian,neutral
191,55,male,caucasian,neutral
193,63,male,caucasian,slightlyhappy
194,21,female,caucasian,slightlyhappy
195,26,male,caucasian,happy
196,17,female,caucasian,slightlyhappy
197,22,female,caucasian,happy
198,17,female,caucasian,neutral
199,24,male,asian,slightlyhappy
200,15,male,caucasian,neutral
201,33,male,caucasian,neutral
203,12,male,caucasian,happy
204,16,male,asian,slightlyhappy
205,34,male,caucasian,neutral
206,44,female,caucasian,neutral
207,28,male,caucasian,neutral
209,16,female,asian,happy
210,45,female,asian,happy
211,19,female,caucasian,slightlyhappy
214,34,male,caucasian,slightlyhappy
215,17,female,afroamerican,slightlyhappy
217,7,male,asian,neutral
218,8,female,asian,slightlyhappy
219,23,male,caucasian,neutral
222,56,male,caucasian,happy
223,18,female,caucasian,slightlyhappy
224,60,female,caucasian,slightlyhappy
225,29,female,caucasian,slightlyhappy
226,25,female,caucasian,happy
228,50,male,caucasian,happy
229,49,female,caucasian,happy
230,58,male,asian,other
231,30,female,caucasian,slightlyhappy
232,28,male,caucasian,neutral
233,6,male,caucasian,neutral
234,25,male,caucasian,slightlyhappy
235,4,female,caucasian,happy
236,6,male,asian,neutral
237,37,female,caucasian,slightlyhappy
238,1,male,caucasian,slightlyhappy
240,26,male,caucasian,neutral
244,48,male,caucasian,neutral
246,18,male,caucasian,slightlyhappy
247,28,male,caucasian,happy
249,11,male,caucasian,neutral
250,10,female,asian,slightlyhappy
252,30,female,caucasian,slightlyhappy
253,19,female,caucasian,happy
254,53,male,caucasian,slightlyhappy
255,80,male,caucasian,slightlyhappy
256,39,male,caucasian,neutral
259,34,female,caucasian,slightlyhappy
260,15,female,caucasian,slightlyhappy
262,31,male,caucasian,slightlyhappy
264,16,female,asian,neutral
265,52,male,caucasian,slightlyhappy
266,16,female,caucasian,slightlyhappy
268,28,female,asian,slightlyhappy
269,15,male,caucasian,slightlyhappy
270,16,male,caucasian,slightlyhappy
271,40,female,asian,other
275,24,female,caucasian,slightlyhappy
276,50,male,caucasian,slightlyhappy
280,30,male,caucasian,neutral
282,26,male,caucasian,neutral
283,26,female,caucasian,neutral
284,19,female,caucasian,neutral
285,50,female,caucasian,slightlyhappy
286,41,female,caucasian,slightlyhappy
288,50,male,caucasian,slightlyhappy
290,50,female,caucasian,slightlyhappy
291,51,male,caucasian,neutral
292,40,female,caucasian,slightlyhappy
294,9,female,caucasian,slightlyhappy
295,34,female,caucasian,slightlyhappy
296,30,female,caucasian,slightlyhappy
298,44,female,caucasian,slightlyhappy
300,31,female,caucasian,slightlyhappy
301,25,male,caucasian,neutral
302,33,female,caucasian,slightlyhappy
303,18,female,caucasian,slightlyhappy
305,30,male,caucasian,slightlyhappy
306,27,female,caucasian,slightlyhappy
307,26,female,asian,slightlyhappy
308,16,female,caucasian,slightlyhappy
310,23,female,caucasian,slightlyhappy
311,70,male,caucasian,neutral
314,26,male,caucasian,neutral
315,18,female,caucasian,slightlyhappy
316,14,female,afroamerican,other
317,35,male,asian,slightlyhappy
320,18,female,caucasian,slightlyhappy
322,65,female,caucasian,slightlyhappy
323,1,male,caucasian,neutral
325,35,female,caucasian,neutral
326,1,female,caucasian,neutral
327,13,female,caucasian,slightlyhappy
332,16,male,caucasian,other
334,19,male,caucasian,neutral
335,4,male,afroamerican,slightlyhappy
336,30,female,caucasian,other
337,58,male,caucasian,neutral
338,36,male,asian,neutral
339,22,male,caucasian,slightlyhappy
340,21,male,caucasian,slightlyhappy
341,23,male,caucasian,slightlyhappy
342,25,male,caucasian,neutral
343,14,female,caucasian,neutral
344,14,male,caucasian,neutral
345,29,female,asian,slightlyhappy
346,14,female,caucasian,slightlyhappy
348,53,male,caucasian,slightlyhappy
349,55,male,caucasian,neutral
351,30,male,caucasian,slightlyhappy
352,41,male,caucasian,slightlyhappy
353,48,male,asian,slightlyhappy
354,44,male,caucasian,slightlyhappy
355,22,male,caucasian,slightlyhappy
356,25,female,caucasian,slightlyhappy
358,27,male,caucasian,neutral
359,30,female,caucasian,neutral
360,5,female,caucasian,neutral
361,23,male,caucasian,neutral
362,2,male,caucasian,slightlyhappy
363,26,female,caucasian,slightlyhappy
364,15,female,caucasian,slightlyhappy
365,33,male,caucasian,neutral
367,47,male,caucasian,slightlyhappy
368,45,female,caucasian,neutral
369,25,female,caucasian,other
371,26,female,caucasian,slightlyhappy
372,63,female,caucasian,neutral
373,1,male,asian,slightlyhappy
374,43,male,caucasian,other
375,35,male,caucasian,neutral
376,1,male,caucasian,neutral
377,39,male,caucasian,slightlyhappy
378,13,female,caucasian,slightlyhappy
379,48,male,caucasian,slightlyhappy
380,28,male,caucasian,neutral
382,27,female,caucasian,slightlyhappy
383,25,male,caucasian,slightlyhappy
384,16,female,caucasian,slightlyhappy
386,20,male,caucasian,slightlyhappy
388,23,female,caucasian,slightlyhappy
389,68,male,asian,neutral
390,18,male,caucasian,slightlyhappy
391,11,male,caucasian,slightlyhappy
393,26,female,caucasian,slightlyhappy
394,26,male,caucasian,slightlyhappy
395,25,male,caucasian,slightlyhappy
397,4,female,caucasian,other
398,40,male,caucasian,neutral
399,26,male,caucasian,slightlyhappy
400,47,female,caucasian,slightlyhappy
401,15,male,caucasian,neutral
402,51,male,caucasian,neutral
404,41,male,caucasian,happy
405,25,male,caucasian,happy
406,26,male,caucasian,happy
407,22,male,caucasian,neutral
408,27,male,caucasian,neutral
410,25,male,caucasian,slightlyhappy
411,16,male,caucasian,slightlyhappy
412,64,male,caucasian,slightlyhappy
413,44,male,caucasian,happy
414,36,male,caucasian,slightlyhappy
416,47,female,caucasian,slightlyhappy
417,51,female,caucasian,neutral
419,41,male,caucasian,neutral
421,15,male,caucasian,neutral
422,25,male,caucasian,slightlyhappy
424,19,female,caucasian,neutral
427,45,female,caucasian,slightlyhappy
428,21,female,caucasian,slightlyhappy
430,32,male,caucasian,slightlyhappy
431,28,male,caucasian,slightlyhappy
432,34,female,caucasian,slightlyhappy
434,25,male,caucasian,slightlyhappy
435,67,male,caucasian,neutral
437,56,male,caucasian,happy
438,4,female,caucasian,slightlyhappy
439,31,female,caucasian,slightlyhappy
441,62,female,caucasian,slightlyhappy
442,5,female,caucasian,other
443,15,female,caucasian,neutral
444,2,female,asian,neutral
445,41,male,caucasian,neutral
446,29,male,caucasian,slightlyhappy
447,13,female,asian,slightlyhappy
448,1,male,caucasian,neutral
450,44,female,caucasian,slightlyhappy
452,5,male,caucasian,slightlyhappy
454,25,female,caucasian,neutral
455,16,male,caucasian,slightlyhappy
456,50,male,caucasian,neutral
457,40,male,caucasian,slightlyhappy
458,40,female,caucasian,neutral
459,1,male,caucasian,neutral
460,25,female,caucasian,slightlyhappy
462,1,male,caucasian,neutral
463,21,male,caucasian,neutral
464,18,female,afroamerican,slightlyhappy
465,23,male,caucasian,neutral
466,20,female,caucasian,slightlyhappy
468,19,female,caucasian,slightlyhappy
469,49,male,caucasian,slightlyhappy
470,35,male,caucasian,slightlyhappy
471,1,female,caucasian,slightlyhappy
472,65,male,caucasian,neutral
473,19,female,caucasian,neutral
474,2,male,caucasian,neutral
475,16,male,caucasian,slightlyhappy
476,40,female,caucasian,slightlyhappy
478,37,male,caucasian,slightlyhappy
479,50,female,caucasian,slightlyhappy
480,26,female,asian,happy
481,56,male,caucasian,happy
482,1,female,caucasian,neutral
484,17,female,caucasian,slightlyhappy
487,24,female,caucasian,slightlyhappy
488,26,female,asian,neutral
489,18,female,caucasian,neutral
490,23,male,caucasian,slightlyhappy
491,26,male,caucasian,neutral
492,17,female,caucasian,neutral
493,54,male,caucasian,neutral
494,38,male,caucasian,slightlyhappy
496,41,male,caucasian,slightlyhappy
497,2,female,caucasian,slightlyhappy
499,29,male,caucasian,slightlyhappy
500,55,male,caucasian,other
501,50,male,caucasian,slightlyhappy
503,19,female,caucasian,slightlyhappy
504,30,female,caucasian,slightlyhappy
505,34,female,caucasian,happy
506,17,male,asian,slightlyhappy
509,14,male,caucasian,neutral
510,28,male,caucasian,neutral
511,23,female,caucasian,slightlyhappy
513,27,female,caucasian,neutral
514,34,female,caucasian,slightlyhappy
515,70,female,caucasian,slightlyhappy
516,27,male,caucasian,neutral
517,14,male,caucasian,neutral
518,40,female,caucasian,slightlyhappy
519,20,female,caucasian,slightlyhappy
522,45,female,caucasian,slightlyhappy
523,2,male,caucasian,happy
524,28,female,caucasian,happy
526,23,male,caucasian,neutral
527,28,male,caucasian,neutral
528,56,male,caucasian,slightlyhappy
529,2,female,caucasian,happy
530,40,male,caucasian,slightlyhappy
531,2,male,caucasian,neutral
532,27,male,caucasian,happy
535,22,male,asian,neutral
537,19,female,afroamerican,happy
539,45,male,caucasian,slightlyhappy
540,19,female,caucasian,slightlyhappy
541,20,female,caucasian,slightlyhappy
542,37,male,caucasian,other
543,27,male,caucasian,other
544,15,male,caucasian,slightlyhappy
545,52,male,caucasian,neutral
546,47,female,caucasian,slightlyhappy
547,35,male,caucasian,slightlyhappy
551,59,male,caucasian,neutral
552,16,male,asian,neutral
553,15,female,caucasian,neutral
554,57,male,caucasian,neutral
555,28,female,caucasian,slightlyhappy
556,26,female,caucasian,slightlyhappy
558,21,female,caucasian,happy
559,48,male,caucasian,slightlyhappy
560,60,female,caucasian,other
561,34,male,caucasian,neutral
562,19,female,caucasian,slightlyhappy
563,5,male,caucasian,slightlyhappy
564,3,female,asian,neutral
565,16,male,caucasian,slightlyhappy
566,28,female,caucasian,slightlyhappy
567,33,male,caucasian,neutral
568,35,male,caucasian,neutral
569,49,female,caucasian,neutral
570,40,male,caucasian,slightlyhappy
571,26,male,caucasian,happy
572,24,male,caucasian,other
573,32,female,asian,slightlyhappy
575,9,female,caucasian,slightlyhappy
577,30,male,caucasian,slightlyhappy
578,26,female,caucasian,neutral
579,33,female,caucasian,slightlyhappy
581,18,male,caucasian,other
582,24,male,caucasian,neutral
583,18,female,caucasian,neutral
584,31,male,caucasian,slightlyhappy
586,47,male,caucasian,neutral
587,17,female,afroamerican,happy
588,36,female,asian,neutral
590,50,male,caucasian,neutral
593,6,female,caucasian,neutral
594,25,male,caucasian,other
596,20,male,caucasian,neutral
597,49,female,caucasian,slightlyhappy
598,40,female,caucasian,slightlyhappy
599,5,female,caucasian,neutral
600,32,female,asian,neutral
602,9,female,asian,slightlyhappy
604,30,male,caucasian,neutral
605,24,female,caucasian,slightlyhappy
606,29,male,caucasian,neutral
607,19,female,caucasian,neutral
608,30,female,caucasian,slightlyhappy
609,7,male,caucasian,other
610,14,male,caucasian,neutral
611,49,male,afroamerican,slightlyhappy
612,17,male,caucasian,neutral
613,70,male,caucasian,neutral
615,5,female,caucasian,other
617,47,female,caucasian,neutral
619,18,female,caucasian,slightlyhappy
620,52,female,caucasian,slightlyhappy
621,28,male,asian,neutral
622,61,male,caucasian,slightlyhappy
623,23,male,caucasian,neutral
624,23,male,asian,slightlyhappy
625,40,male,caucasian,neutral
626,35,female,caucasian,slightlyhappy
627,19,male,caucasian,neutral
630,22,female,afroamerican,slightlyhappy
631,40,male,caucasian,slightlyhappy
633,22,female,afroamerican,slightlyhappy
636,20,female,afroamerican,happy
637,27,male,caucasian,slightlyhappy
638,30,male,caucasian,slightlyhappy
640,4,male,caucasian,neutral
641,22,male,caucasian,neutral
642,18,male,caucasian,other
644,17,male,caucasian,slightlyhappy
645,1,female,asian,neutral
646,30,female,caucasian,neutral
647,21,male,caucasian,slightlyhappy
648,47,female,caucasian,slightlyhappy
650,28,male,caucasian,neutral
651,48,male,caucasian,neutral
652,32,female,caucasian,slightlyhappy
655,25,male,afroamerican,slightlyhappy
656,25,female,asian,slightlyhappy
657,16,female,caucasian,happy
658,18,female,caucasian,other
659,4,female,caucasian,slightlyhappy
660,19,female,asian,slightlyhappy
661,28,male,caucasian,slightlyhappy
662,25,female,asian,neutral
663,34,female,caucasian,neutral
665,24,male,caucasian,slightlyhappy
666,32,female,caucasian,slightlyhappy
669,47,male,caucasian,slightlyhappy
670,60,male,caucasian,neutral
671,35,male,caucasian,neutral
672,25,female,caucasian,slightlyhappy
673,44,female,caucasian,happy
674,1,male,caucasian,neutral
675,42,female,caucasian,neutral
676,63,male,caucasian,neutral
677,20,male,afroamerican,neutral
678,52,male,caucasian,neutral
680,27,male,caucasian,neutral
681,28,female,afroamerican,neutral
683,23,male,afroamerican,neutral
685,59,male,asian,slightlyhappy
687,12,female,caucasian,slightlyhappy
689,48,female,caucasian,happy
692,23,male,caucasian,neutral
693,34,male,caucasian,neutral
694,30,female,caucasian,slightlyhappy
695,49,male,caucasian,neutral
696,18,male,asian,happy
697,20,female,caucasian,slightlyhappy
698,3,female,caucasian,slightlyhappy
700,25,male,caucasian,happy
701,29,male,caucasian,neutral
702,16,female,caucasian,slightlyhappy
703,34,female,caucasian,slightlyhappy
704,5,female,caucasian,slightlyhappy
705,40,male,caucasian,slightlyhappy
706,37,male,caucasian,slightlyhappy
707,5,female,caucasian,slightlyhappy
708,30,female,caucasian,neutral
709,29,male,caucasian,happy
710,32,female,caucasian,slightlyhappy
712,30,female,caucasian,slightlyhappy
713,48,male,caucasian,slightlyhappy
714,19,female,caucasian,slightlyhappy
715,17,male,caucasian,happy
716,10,male,caucasian,neutral
717,53,male,caucasian,slightlyhappy
718,26,female,caucasian,slightlyhappy
719,19,female,caucasian,happy
720,54,male,caucasian,slightlyhappy
721,21,female,caucasian,happy
722,11,female,caucasian,slightlyhappy
723,51,female,asian,neutral
725,31,male,caucasian,slightlyhappy
727,18,male,asian,neutral
728,12,male,caucasian,other
729,1,female,asian,neutral
730,2,male,caucasian,neutral
732,23,male,caucasian,neutral
734,13,male,caucasian,slightlyhappy
735,18,male,caucasian,slightlyhappy
736,28,female,caucasian,slightlyhappy
737,17,female,caucasian,slightlyhappy
738,41,female,caucasian,slightlyhappy
739,25,female,asian,neutral
740,33,male,caucasian,neutral
741,18,male,caucasian,neutral
742,4,male,caucasian,neutral
743,30,male,caucasian,slightlyhappy
745,34,male,caucasian,neutral
746,58,male,caucasian,neutral
747,21,female,caucasian,slightlyhappy
748,35,female,caucasian,neutral
750,7,male,caucasian,slightlyhappy
751,35,female,caucasian,slightlyhappy
752,14,female,caucasian,slightlyhappy
753,4,female,caucasian,neutral
754,22,female,caucasian,slightlyhappy
755,47,male,caucasian,neutral
756,5,female,caucasian,other
757,16,female,caucasian,slightlyhappy
758,24,male,afroamerican,slightlyhappy
759,30,male,caucasian,neutral
762,6,female,caucasian,slightlyhappy
766,38,female,caucasian,neutral
767,50,female,caucasian,slightlyhappy
768,33,male,caucasian,neutral
769,19,male,caucasian,neutral
770,14,female,asian,slightlyhappy
771,27,female,caucasian,slightlyhappy
772,20,male,caucasian,neutral
773,1,female,caucasian,neutral
774,26,male,caucasian,neutral
775,29,female,caucasian,neutral
777,29,female,caucasian,happy
778,15,female,caucasian,happy
779,90,male,caucasian,slightlyhappy
780,7,male,caucasian,slightlyhappy
781,34,male,caucasian,neutral
782,34,male,caucasian,neutral
784,57,male,caucasian,neutral
785,21,male,caucasian,slightlyhappy
786,35,female,caucasian,slightlyhappy
787,31,female,caucasian,neutral
788,27,male,caucasian,other
789,34,female,caucasian,slightlyhappy
790,24,female,asian,slightlyhappy
792,60,female,caucasian,slightlyhappy
794,27,female,caucasian,slightlyhappy
795,13,female,caucasian,slightlyhappy
796,24,male,caucasian,slightlyhappy
797,16,male,caucasian,neutral
798,20,male,asian,neutral
800,1,male,caucasian,neutral
801,43,female,caucasian,slightlyhappy
802,25,male,caucasian,slightlyhappy
803,2,male,caucasian,slightlyhappy
804,34,male,caucasian,neutral
805,39,female,asian,neutral
806,45,male,afroamerican,neutral
807,50,male,caucasian,neutral
808,27,female,caucasian,slightlyhappy
810,29,male,afroamerican,slightlyhappy
811,27,female,caucasian,neutral
812,36,female,caucasian,other
815,40,female,caucasian,other
816,40,female,caucasian,slightlyhappy
817,60,male,caucasian,slightlyhappy
818,32,female,caucasian,neutral
820,17,female,caucasian,slightlyhappy
821,23,male,caucasian,slightlyhappy
822,30,male,caucasian,neutral
823,27,male,caucasian,neutral
824,75,male,caucasian,slightlyhappy
825,80,female,caucasian,neutral
826,21,male,caucasian,slightlyhappy
827,37,female,afroamerican,neutral
828,30,male,asian,neutral
829,25,female,caucasian,slightlyhappy
830,21,male,caucasian,neutral
831,50,male,caucasian,neutral
834,4,female,caucasian,slightlyhappy
837,25,male,caucasian,neutral
838,56,male,caucasian,slightlyhappy
839,36,female,caucasian,neutral
841,34,male,asian,slightlyhappy
842,23,female,caucasian,slightlyhappy
843,28,female,caucasian,slightlyhappy
844,68,male,caucasian,slightlyhappy
845,17,female,afroamerican,neutral
846,30,female,asian,slightlyhappy
847,45,male,caucasian,slightlyhappy
848,22,male,caucasian,slightlyhappy
850,16,female,caucasian,slightlyhappy
852,56,male,caucasian,slightlyhappy
853,52,female,caucasian,neutral
855,42,male,caucasian,neutral
856,45,male,asian,neutral
858,35,female,asian,happy
859,41,male,caucasian,slightlyhappy
860,50,male,caucasian,neutral
863,17,male,caucasian,slightlyhappy
864,54,male,caucasian,neutral
865,25,female,caucasian,neutral
867,49,male,caucasian,slightlyhappy
868,27,female,caucasian,slightlyhappy
870,46,female,caucasian,happy
871,27,female,caucasian,neutral
872,18,male,caucasian,slightlyhappy
873,44,female,caucasian,happy
874,85,female,asian,slightlyhappy
875,4,male,caucasian,neutral
876,47,female,caucasian,happy
877,67,male,caucasian,slightlyhappy
879,18,female,caucasian,slightlyhappy
880,64,female,caucasian,neutral
881,54,female,afroamerican,happy
882,23,male,caucasian,neutral
884,45,male,caucasian,slightlyhappy
886,29,female,caucasian,neutral
888,52,male,caucasian,slightlyhappy
889,5,male,caucasian,neutral
890,19,female,caucasian,happy
893,9,female,caucasian,happy
895,35,female,caucasian,slightlyhappy
899,7,female,caucasian,slightlyhappy
901,41,female,caucasian,happy
902,30,female,caucasian,happy
905,6,male,caucasian,slightlyhappy
906,50,male,caucasian,slightlyhappy
908,2,male,caucasian,neutral
909,12,female,caucasian,neutral
910,17,male,caucasian,neutral
912,17,female,caucasian,slightlyhappy
913,12,female,caucasian,slightlyhappy
914,35,female,caucasian,neutral
915,50,male,caucasian,slightlyhappy
916,8,female,caucasian,slightlyhappy
917,25,male,afroamerican,neutral
919,25,female,asian,slightlyhappy
920,46,female,caucasian,slightlyhappy
921,55,male,caucasian,slightlyhappy
922,17,male,caucasian,neutral
923,24,female,caucasian,slightlyhappy
925,14,female,caucasian,neutral
926,17,female,caucasian,slightlyhappy
927,43,female,caucasian,slightlyhappy
928,50,female,caucasian,neutral
929,30,male,caucasian,neutral
930,19,female,caucasian,slightlyhappy
931,48,female,caucasian,happy
932,44,female,caucasian,slightlyhappy
933,46,male,asian,slightlyhappy
934,4,female,caucasian,neutral
935,31,male,asian,slightlyhappy
936,36,male,caucasian,neutral
938,30,male,caucasian,neutral
939,61,male,caucasian,neutral
940,33,female,caucasian,other
941,22,male,caucasian,neutral
945,23,male,caucasian,slightlyhappy
946,20,female,caucasian,slightlyhappy
947,49,female,caucasian,slightlyhappy
950,36,female,caucasian,slightlyhappy
952,20,male,caucasian,slightlyhappy
953,90,female,caucasian,neutral
954,28,female,caucasian,neutral
955,20,female,afroamerican,happy
956,46,female,caucasian,slightlyhappy
957,27,male,caucasian,neutral
960,12,female,caucasian,neutral
961,26,male,caucasian,neutral
962,70,female,caucasian,slightlyhappy
963,18,female,afroamerican,slightlyhappy
964,31,female,caucasian,neutral
965,5,male,caucasian,neutral
967,22,male,caucasian,neutral
970,24,male,caucasian,neutral
971,22,male,caucasian,slightlyhappy
974,30,male,caucasian,slightlyhappy
976,33,male,asian,neutral
978,37,male,caucasian,slightlyhappy
979,17,male,caucasian,neutral
984,4,female,caucasian,neutral
985,43,female,caucasian,slightlyhappy
986,40,male,caucasian,neutral
987,59,female,caucasian,slightlyhappy
988,26,female,caucasian,slightlyhappy
989,43,male,caucasian,slightlyhappy
990,24,male,asian,slightlyhappy
991,1,female,caucasian,neutral
994,40,male,caucasian,slightlyhappy
995,40,female,caucasian,slightlyhappy
996,26,male,caucasian,neutral
997,21,female,caucasian,slightlyhappy
998,26,male,caucasian,neutral
999,14,female,asian,slightlyhappy
1000,25,female,caucasian,slightlyhappy
1002,72,male,caucasian,slightlyhappy
1003,50,female,caucasian,slightlyhappy
1004,20,female,caucasian,slightlyhappy
1005,1,male,caucasian,slightlyhappy
1007,27,female,caucasian,happy
1008,2,female,caucasian,neutral
1010,44,male,caucasian,neutral
1011,40,female,caucasian,neutral
1012,22,female,caucasian,slightlyhappy
1014,54,male,caucasian,neutral
1015,32,female,caucasian,happy
1016,29,female,caucasian,neutral
1018,50,female,caucasian,slightlyhappy
1019,40,female,caucasian,slightlyhappy
1020,33,male,caucasian,neutral
1022,20,female,asian,neutral
1023,29,male,caucasian,neutral
1024,21,female,caucasian,slightlyhappy
1025,23,female,caucasian,neutral
1026,51,male,caucasian,neutral
1027,14,female,caucasian,neutral
1028,17,female,caucasian,slightlyhappy
1029,30,female,asian,happy
1030,14,female,caucasian,slightlyhappy
1031,36,male,caucasian,slightlyhappy
1032,44,male,caucasian,neutral
1033,1,male,caucasian,neutral
1035,37,female,caucasian,slightlyhappy
1036,24,female,caucasian,slightlyhappy
1038,34,male,caucasian,neutral
1040,17,female,caucasian,neutral
1041,41,male,caucasian,neutral
1042,24,female,caucasian,happy
1045,40,male,caucasian,neutral
1046,16,male,caucasian,slightlyhappy
1047,25,male,asian,slightlyhappy
1048,36,female,caucasian,slightlyhappy
1050,35,male,caucasian,neutral
1052,65,male,caucasian,slightlyhappy
1053,17,female,caucasian,slightlyhappy
1056,17,female,caucasian,slightlyhappy
1057,33,male,caucasian,slightlyhappy
1059,25,male,caucasian,slightlyhappy
1060,35,male,caucasian,slightlyhappy
1061,39,female,caucasian,happy
1062,32,female,asian,neutral
1063,25,female,caucasian,slightlyhappy
1065,90,female,caucasian,slightlyhappy
1067,26,female,caucasian,slightlyhappy
1068,18,female,asian,slightlyhappy
1069,88,female,caucasian,neutral
1070,23,male,caucasian,neutral
1073,17,male,caucasian,slightlyhappy
1074,52,female,caucasian,slightlyhappy
1075,31,male,caucasian,neutral
1076,1,female,caucasian,slightlyhappy
1077,21,male,caucasian,slightlyhappy
1078,6,female,caucasian,neutral
1079,30,male,caucasian,happy
1080,60,male,afroamerican,neutral
1081,17,male,caucasian,neutral
1082,16,male,caucasian,neutral
1083,29,male,caucasian,neutral
1084,38,female,caucasian,slightlyhappy
1085,20,female,caucasian,slightlyhappy
1086,40,female,caucasian,neutral
1087,69,male,caucasian,other
1088,42,female,caucasian,slightlyhappy
1089,39,female,caucasian,slightlyhappy
1090,35,male,caucasian,slightlyhappy
1091,35,female,caucasian,slightlyhappy
1092,28,female,caucasian,slightlyhappy
1093,16,male,caucasian,slightlyhappy
1094,27,male,caucasian,neutral
1095,25,female,caucasian,neutral
1096,42,male,caucasian,slightlyhappy
1097,23,male,asian,neutral
1098,30,male,caucasian,neutral
1100,44,male,caucasian,neutral
1102,25,female,asian,slightlyhappy
1103,33,female,caucasian,slightlyhappy
1104,24,female,caucasian,slightlyhappy
1105,50,female,caucasian,slightlyhappy
1106,38,female,caucasian,slightlyhappy
1107,62,male,caucasian,neutral
1108,28,male,caucasian,neutral
1109,30,female,caucasian,happy
1110,12,male,caucasian,neutral
1112,30,female,caucasian,slightlyhappy
1114,58,male,caucasian,neutral
1115,14,female,caucasian,neutral
1118,22,female,caucasian,neutral
1119,10,male,caucasian,happy
1121,30,female,caucasian,neutral
1122,29,female,asian,slightlyhappy
1123,43,female,caucasian,happy
1124,35,female,caucasian,slightlyhappy
1127,27,male,asian,slightlyhappy
1129,30,male,caucasian,happy
1130,17,male,asian,happy
1131,7,female,caucasian,happy
1132,23,male,caucasian,neutral
1136,4,female,asian,neutral
1137,30,male,caucasian,neutral
1138,18,female,caucasian,slightlyhappy
1139,14,female,caucasian,slightlyhappy
1140,24,male,caucasian,neutral
1141,1,male,caucasian,neutral
1142,36,male,caucasian,slightlyhappy
1143,30,female,caucasian,slightlyhappy
1144,23,female,caucasian,slightlyhappy
1145,6,female,caucasian,slightlyhappy
1146,34,male,caucasian,slightlyhappy
1148,35,female,caucasian,slightlyhappy
1149,22,female,caucasian,happy
1150,38,male,caucasian,other
1151,49,female,caucasian,slightlyhappy
1152,28,female,caucasian,slightlyhappy
1153,12,male,caucasian,slightlyhappy
1154,32,male,caucasian,neutral
1156,27,female,asian,slightlyhappy
1159,7,female,afroamerican,happy
1160,59,male,caucasian,slightlyhappy
1161,69,male,caucasian,slightlyhappy
1162,23,female,caucasian,slightlyhappy
1164,11,female,caucasian,slightlyhappy
1165,19,female,caucasian,slightlyhappy
1166,29,female,asian,slightlyhappy
1167,34,male,caucasian,slightlyhappy
1168,73,male,caucasian,neutral
1169,49,female,caucasian,neutral
1170,17,female,caucasian,neutral
1171,30,male,caucasian,neutral
1173,57,male,caucasian,slightlyhappy
1174,24,female,caucasian,slightlyhappy
1175,24,male,asian,slightlyhappy
1176,30,female,asian,slightlyhappy
1177,33,male,caucasian,neutral
1178,20,female,caucasian,neutral
1179,80,female,caucasian,neutral
1180,26,male,caucasian,slightlyhappy
1182,20,male,asian,happy
1184,6,female,caucasian,neutral
1187,28,female,caucasian,neutral
1188,25,male,caucasian,slightlyhappy
1190,21,female,caucasian,slightlyhappy
1191,58,female,caucasian,happy
1192,33,female,caucasian,happy
1193,71,male,caucasian,neutral
1195,41,female,caucasian,happy
1196,23,female,caucasian,slightlyhappy
1197,20,male,caucasian,slightlyhappy
1198,83,female,caucasian,neutral
1201,23,female,caucasian,slightlyhappy
1202,42,male,caucasian,slightlyhappy
1203,30,female,caucasian,slightlyhappy
1204,49,male,caucasian,slightlyhappy
1205,49,female,caucasian,slightlyhappy
1207,45,male,caucasian,neutral
1208,21,male,caucasian,slightlyhappy
1210,30,male,caucasian,slightlyhappy
1211,1,male,caucasian,slightlyhappy
1212,40,male,caucasian,slightlyhappy
1213,21,female,caucasian,slightlyhappy
1214,27,female,asian,slightlyhappy
1215,23,female,caucasian,slightlyhappy
1217,43,female,caucasian,slightlyhappy
1218,30,male,caucasian,neutral
1219,25,female,caucasian,slightlyhappy
1220,19,female,caucasian,neutral
1221,15,male,caucasian,neutral
1223,29,female,asian,slightlyhappy
1225,16,female,caucasian,happy
1226,7,male,caucasian,neutral
1229,16,male,caucasian,happy
1230,44,male,caucasian,slightlyhappy
1231,42,male,caucasian,neutral
1232,39,female,caucasian,neutral
1233,3,female,caucasian,neutral
1234,34,male,caucasian,slightlyhappy
1235,6,female,caucasian,happy
1236,18,female,caucasian,neutral
1237,39,male,caucasian,neutral
1239,67,male,caucasian,slightlyhappy
1242,57,male,caucasian,happy
1243,26,female,caucasian,neutral
1244,20,female,caucasian,slightlyhappy
1245,24,male,asian,slightlyhappy
1246,38,female,caucasian,slightlyhappy
1247,43,male,asian,neutral
1248,28,male,caucasian,neutral
1249,40,male,caucasian,neutral
1252,2,female,caucasian,slightlyhappy
1253,19,female,asian,slightlyhappy
1254,12,female,asian,neutral
1255,50,female,caucasian,slightlyhappy
1256,57,male,caucasian,slightlyhappy
1257,63,male,caucasian,happy
1259,4,male,caucasian,neutral
1260,4,female,caucasian,slightlyhappy
1262,23,female,caucasian,slightlyhappy
1263,69,male,caucasian,slightlyhappy
1265,34,female,caucasian,neutral
1266,75,male,caucasian,neutral
1267,50,male,caucasian,slightlyhappy
1269,60,male,caucasian,slightlyhappy
1271,37,male,caucasian,neutral
1275,25,female,caucasian,happy
1276,28,male,caucasian,neutral
1277,29,female,caucasian,neutral
1278,11,male,caucasian,slightlyhappy
1279,27,male,afroamerican,neutral
1280,22,male,asian,neutral
1282,40,female,caucasian,slightlyhappy
1283,14,male,caucasian,happy
1284,35,female,caucasian,neutral
1287,23,female,caucasian,slightlyhappy
1288,45,female,caucasian,happy
1289,42,female,caucasian,slightlyhappy
1290,27,male,caucasian,neutral
1291,23,male,caucasian,neutral
1292,13,female,caucasian,slightlyhappy
1293,19,female,caucasian,slightlyhappy
1296,36,male,caucasian,neutral
1297,22,male,caucasian,slightlyhappy
1298,25,male,caucasian,neutral
1299,31,male,caucasian,slightlyhappy
1300,7,female,caucasian,slightlyhappy
1301,44,male,caucasian,neutral
1302,45,female,caucasian,neutral
1305,17,male,caucasian,neutral
1306,38,female,caucasian,slightlyhappy
1307,48,male,caucasian,neutral
1308,33,female,caucasian,slightlyhappy
1309,25,male,caucasian,neutral
1310,32,female,asian,slightlyhappy
1311,27,male,caucasian,neutral
1312,18,male,caucasian,neutral
1313,60,male,caucasian,neutral
1315,31,female,asian,slightlyhappy
1316,44,female,caucasian,slightlyhappy
1318,36,male,caucasian,slightlyhappy
1319,29,female,caucasian,slightlyhappy
1322,19,male,caucasian,slightlyhappy
1323,57,male,caucasian,neutral
1324,1,male,caucasian,neutral
1326,48,female,caucasian,slightlyhappy
1327,16,female,caucasian,neutral
1328,53,male,caucasian,slightlyhappy
1330,22,male,caucasian,slightlyhappy
1331,23,female,caucasian,slightlyhappy
1332,17,male,caucasian,slightlyhappy
1334,80,male,caucasian,slightlyhappy
1335,5,female,caucasian,neutral
1336,27,female,caucasian,neutral
1337,35,female,caucasian,slightlyhappy
1339,22,male,caucasian,neutral
1340,49,male,asian,neutral
1341,28,female,caucasian,slightlyhappy
1342,29,male,caucasian,other
1343,24,male,caucasian,happy
1344,2,female,asian,happy
1346,18,female,caucasian,slightlyhappy
1347,30,female,caucasian,happy
1350,25,female,caucasian,neutral
1351,30,male,caucasian,other
1353,22,male,caucasian,slightlyhappy
1354,59,female,caucasian,happy
1355,64,male,caucasian,other
1356,27,male,afroamerican,slightlyhappy
1359,24,male,caucasian,other
1361,84,male,caucasian,slightlyhappy
1362,55,female,caucasian,slightlyhappy
1364,65,female,caucasian,slightlyhappy
1365,36,female,caucasian,happy
1367,30,female,caucasian,neutral
1369,25,female,caucasian,neutral
1370,8,female,caucasian,slightlyhappy
1371,40,female,caucasian,slightlyhappy
1373,37,male,caucasian,slightlyhappy
1375,44,male,caucasian,slightlyhappy
1376,30,male,caucasian,neutral
1377,45,male,afroamerican,happy
1378,25,female,caucasian,happy
1379,47,male,caucasian,happy
1380,1,female,caucasian,slightlyhappy
1382,20,male,caucasian,happy
1383,30,female,caucasian,happy
1384,35,male,caucasian,happy
1385,35,male,caucasian,neutral
1386,50,female,caucasian,happy
1387,11,female,caucasian,happy
1388,24,female,caucasian,slightlyhappy
1389,3,male,caucasian,slightlyhappy
1390,26,female,caucasian,slightlyhappy
1391,34,male,caucasian,slightlyhappy
1394,40,male,caucasian,slightlyhappy
1396,9,male,caucasian,slightlyhappy
1397,50,male,caucasian,slightlyhappy
1398,27,female,caucasian,neutral
1399,13,female,caucasian,slightlyhappy
1400,19,male,caucasian,slightlyhappy
1401,22,female,caucasian,happy
1402,36,male,caucasian,slightlyhappy
1404,22,female,caucasian,slightlyhappy
1406,90,female,caucasian,slightlyhappy
1407,47,female,caucasian,slightlyhappy
1408,53,female,caucasian,neutral
1409,8,male,asian,neutral
1410,48,male,caucasian,neutral
1411,25,male,asian,neutral
1412,11,male,caucasian,neutral
1413,50,male,caucasian,neutral
1415,23,female,caucasian,neutral
1416,18,male,caucasian,slightlyhappy
1418,40,male,caucasian,slightlyhappy
1419,20,male,asian,neutral
1420,32,female,caucasian,neutral
1421,30,female,caucasian,slightlyhappy
1422,27,male,caucasian,neutral
1423,14,female,caucasian,slightlyhappy
1424,60,male,asian,neutral
1425,17,male,caucasian,slightlyhappy
1426,36,male,caucasian,neutral
1427,28,female,caucasian,slightlyhappy
1428,28,male,caucasian,neutral
1429,1,female,asian,slightlyhappy
1431,23,male,caucasian,neutral
1432,9,female,caucasian,neutral
1434,80,male,caucasian,neutral
1435,2,female,caucasian,neutral
1436,22,male,caucasian,neutral
1437,34,female,caucasian,slightlyhappy
1439,25,female,caucasian,slightlyhappy
1440,34,female,asian,neutral
1441,6,female,caucasian,neutral
1442,3,female,caucasian,slightlyhappy
1443,19,female,caucasian,neutral
1446,59,female,caucasian,slightlyhappy
1447,24,female,caucasian,slightlyhappy
1448,59,female,caucasian,slightlyhappy
1449,5,male,caucasian,other
1451,26,female,caucasian,slightlyhappy
1452,49,male,caucasian,slightlyhappy
1453,23,female,caucasian,slightlyhappy
1456,26,male,caucasian,slightlyhappy
1457,47,male,afroamerican,neutral
1459,27,male,caucasian,other
1460,41,female,caucasian,slightlyhappy
1461,30,female,caucasian,slightlyhappy
1465,6,male,caucasian,slightlyhappy
1466,47,male,caucasian,slightlyhappy
1468,26,female,caucasian,slightlyhappy
1469,19,male,caucasian,slightlyhappy
1471,14,female,caucasian,happy
1473,25,male,caucasian,slightlyhappy
1474,31,female,caucasian,slightlyhappy
1475,6,female,caucasian,neutral
1477,33,male,caucasian,neutral
1478,18,male,caucasian,slightlyhappy
1479,31,male,caucasian,slightlyhappy
1481,1,male,caucasian,neutral
1482,35,male,caucasian,other
1488,28,female,caucasian,slightlyhappy
1489,30,male,caucasian,neutral
1490,37,female,asian,slightlyhappy
1491,29,female,caucasian,slightlyhappy
1492,17,female,caucasian,slightlyhappy
1493,43,male,caucasian,other
1494,42,female,caucasian,happy
1495,25,female,caucasian,neutral
1497,32,female,caucasian,neutral
1498,13,female,caucasian,slightlyhappy
1499,30,female,caucasian,slightlyhappy
1500,25,female,caucasian,slightlyhappy
1501,70,male,caucasian,neutral
1503,60,male,caucasian,neutral
1504,20,female,caucasian,happy
1505,20,female,caucasian,neutral
1507,65,male,caucasian,slightlyhappy
1510,44,male,caucasian,slightlyhappy
1512,9,male,caucasian,slightlyhappy
1513,30,male,caucasian,neutral
1514,28,male,caucasian,neutral
1515,30,female,caucasian,slightlyhappy
1516,25,male,caucasian,slightlyhappy
1519,25,male,afroamerican,happy
1520,38,male,caucasian,happy
1521,25,female,caucasian,happy
1523,32,female,asian,neutral
1524,25,female,caucasian,slightlyhappy
1528,50,female,caucasian,happy
1529,48,male,caucasian,neutral
1532,32,male,caucasian,slightlyhappy
1533,84,female,caucasian,neutral
1534,44,male,caucasian,neutral
1535,24,male,caucasian,slightlyhappy
1536,58,female,caucasian,neutral
1537,29,female,caucasian,slightlyhappy
1538,37,female,caucasian,slightlyhappy
1539,34,male,caucasian,neutral
1541,5,female,caucasian,neutral
1543,39,male,caucasian,neutral
1547,45,female,caucasian,slightlyhappy
1548,37,male,caucasian,slightlyhappy
1549,25,female,caucasian,slightlyhappy
1550,21,female,caucasian,happy
1551,19,female,caucasian,other
1552,30,female,asian,slightlyhappy
1553,31,female,caucasian,slightlyhappy
1555,35,male,caucasian,slightlyhappy
1556,18,female,caucasian,other
1557,50,female,asian,happy
1559,13,female,caucasian,neutral
1560,30,female,caucasian,happy
1562,60,female,caucasian,happy
1565,7,male,caucasian,other
1566,21,female,caucasian,happy
1567,15,female,caucasian,neutral
1568,37,female,caucasian,slightlyhappy
1569,35,male,caucasian,happy
1570,40,female,caucasian,happy
1571,30,female,caucasian,other
1572,38,female,caucasian,happy
1573,37,male,caucasian,neutral
1574,27,male,caucasian,slightlyhappy
1577,29,female,caucasian,happy
1578,27,female,caucasian,happy
1581,44,female,caucasian,slightlyhappy
1583,25,female,caucasian,happy
1585,24,female,caucasian,neutral
1587,25,male,caucasian,slightlyhappy
1588,1,male,caucasian,slightlyhappy
1589,54,female,caucasian,neutral
1590,12,male,caucasian,slightlyhappy
1591,22,female,caucasian,slightlyhappy
1593,25,female,caucasian,other
1594,28,female,caucasian,happy
1595,27,male,caucasian,neutral
1596,5,male,caucasian,slightlyhappy
1599,57,male,caucasian,slightlyhappy
1601,50,female,caucasian,happy
1603,38,male,caucasian,neutral
1605,24,male,asian,neutral
1606,41,male,caucasian,neutral
1607,22,male,caucasian,happy
1608,58,male,caucasian,slightlyhappy
1609,32,male,caucasian,slightlyhappy
1610,57,female,caucasian,other
1611,38,female,caucasian,slightlyhappy
1613,51,female,caucasian,slightlyhappy
1614,15,female,asian,slightlyhappy
1615,19,female,caucasian,happy
1617,20,female,afroamerican,slightlyhappy
1618,20,female,caucasian,neutral
1621,28,female,caucasian,happy
1622,26,male,caucasian,neutral
1623,4,female,afroamerican,happy
1624,23,male,afroamerican,neutral
1625,28,female,caucasian,slightlyhappy
1626,26,female,caucasian,slightlyhappy
1627,36,male,caucasian,other
1628,27,female,caucasian,slightlyhappy
1629,31,female,caucasian,slightlyhappy
1630,31,male,caucasian,neutral
1631,25,female,caucasian,other
1632,29,male,caucasian,slightlyhappy
1633,20,female,caucasian,happy
1634,28,male,caucasian,neutral
1636,31,female,caucasian,slightlyhappy
1637,38,male,asian,slightlyhappy
1643,35,female,caucasian,happy
1644,14,male,caucasian,neutral
1645,22,male,caucasian,slightlyhappy
1647,34,female,caucasian,happy
1648,27,female,caucasian,happy
1649,5,male,caucasian,slightlyhappy
1650,20,male,caucasian,neutral
1651,4,female,caucasian,slightlyhappy
1652,21,male,caucasian,neutral
1653,36,male,caucasian,neutral
1654,60,male,caucasian,slightlyhappy
1656,41,male,caucasian,slightlyhappy
1657,22,female,caucasian,slightlyhappy
1658,21,female,caucasian,slightlyhappy
1659,49,female,caucasian,slightlyhappy
1660,21,female,caucasian,slightlyhappy
1662,1,male,caucasian,neutral
1666,15,female,asian,slightlyhappy
1667,39,male,caucasian,neutral
1668,23,female,caucasian,happy
1669,23,male,asian,slightlyhappy
1670,30,female,asian,happy
1671,26,female,caucasian,slightlyhappy
1673,33,female,afroamerican,happy
1675,26,male,caucasian,neutral
1676,24,male,caucasian,neutral
1678,59,female,caucasian,neutral
1679,52,female,caucasian,slightlyhappy
1680,40,male,caucasian,neutral
1681,45,male,caucasian,neutral
1682,50,female,caucasian,slightlyhappy
1684,4,female,caucasian,slightlyhappy
1686,87,female,caucasian,slightlyhappy
1688,66,male,caucasian,neutral
1689,40,male,asian,slightlyhappy
1691,30,female,caucasian,slightlyhappy
1692,1,female,caucasian,slightlyhappy
1693,50,female,caucasian,slightlyhappy
1695,1,female,caucasian,neutral
1696,23,female,asian,happy
1697,24,female,caucasian,slightlyhappy
1698,27,male,caucasian,slightlyhappy
1699,24,male,caucasian,neutral
1700,42,female,caucasian,neutral
1704,14,female,caucasian,slightlyhappy
1705,82,female,caucasian,happy
1708,26,male,caucasian,neutral
1709,32,female,caucasian,slightlyhappy
1710,50,female,afroamerican,happy
1711,86,male,caucasian,neutral
1712,37,female,caucasian,slightlyhappy
1713,32,female,asian,neutral
1715,20,male,caucasian,neutral
1719,22,male,caucasian,neutral
1720,40,female,caucasian,slightlyhappy
1721,40,male,caucasian,slightlyhappy
1722,25,male,caucasian,neutral
1723,37,female,caucasian,slightlyhappy
1724,70,female,caucasian,neutral
1725,1,male,caucasian,neutral
1726,18,female,asian,happy
1727,36,female,caucasian,slightlyhappy
1730,19,female,caucasian,happy
1732,66,male,caucasian,neutral
1735,24,female,caucasian,happy
1736,2,male,caucasian,neutral
1737,50,male,caucasian,neutral
1738,31,male,caucasian,slightlyhappy
1740,43,female,caucasian,happy
1742,34,male,caucasian,slightlyhappy
1743,29,female,caucasian,slightlyhappy
1745,36,female,caucasian,slightlyhappy
1748,27,male,caucasian,other
1750,7,female,caucasian,slightlyhappy
1751,46,male,caucasian,neutral
1752,31,female,caucasian,happy
1753,2,male,caucasian,neutral
1754,25,female,caucasian,happy
1755,33,female,caucasian,slightlyhappy
1756,1,female,asian,neutral
1757,28,female,caucasian,slightlyhappy
1758,37,male,caucasian,neutral
1759,14,female,caucasian,neutral
1761,32,female,caucasian,slightlyhappy
1762,42,male,caucasian,neutral
1764,48,male,caucasian,slightlyhappy
1765,40,male,caucasian,happy
1766,46,female,caucasian,slightlyhappy
1767,22,female,caucasian,happy
1769,45,male,asian,neutral
1770,43,female,caucasian,happy
1771,43,male,caucasian,neutral
1772,23,male,asian,slightlyhappy
1773,12,male,caucasian,slightlyhappy
1774,41,female,caucasian,happy
1775,35,male,caucasian,slightlyhappy
1776,29,male,caucasian,slightlyhappy
1778,22,female,caucasian,slightlyhappy
1780,30,male,caucasian,neutral
1781,1,male,caucasian,neutral
1785,46,male,asian,neutral
1787,18,female,caucasian,slightlyhappy
1788,22,male,caucasian,slightlyhappy
1789,40,male,caucasian,neutral
1790,60,male,caucasian,slightlyhappy
1792,29,male,caucasian,slightlyhappy
1793,14,female,afroamerican,slightlyhappy
1794,23,female,caucasian,slightlyhappy
1795,51,female,caucasian,slightlyhappy
1796,28,female,caucasian,neutral
1797,27,male,caucasian,other
1798,27,female,caucasian,neutral
1799,37,female,asian,happy
1800,26,female,caucasian,slightlyhappy
1801,33,male,asian,neutral
1802,20,female,caucasian,happy
1803,27,female,asian,happy
1805,32,male,caucasian,neutral
1806,19,female,caucasian,slightlyhappy
1808,27,male,caucasian,neutral
1811,28,female,caucasian,slightlyhappy
1814,49,male,caucasian,slightlyhappy
1815,30,female,caucasian,neutral
1816,44,male,caucasian,slightlyhappy
1820,16,female,caucasian,slightlyhappy
1821,31,female,caucasian,slightlyhappy
1822,47,male,caucasian,neutral
1823,1,male,caucasian,neutral
1824,60,male,caucasian,neutral
1825,90,female,caucasian,neutral
1826,39,male,afroamerican,neutral
1827,20,male,caucasian,slightlyhappy
1829,11,male,caucasian,happy
1830,16,female,caucasian,slightlyhappy
1831,28,male,caucasian,neutral
1834,59,male,caucasian,neutral
1835,13,female,caucasian,slightlyhappy
1836,37,male,caucasian,slightlyhappy
1837,61,male,caucasian,slightlyhappy
1839,28,male,caucasian,slightlyhappy
1840,20,female,caucasian,happy
1846,31,male,caucasian,slightlyhappy
1847,57,female,caucasian,slightlyhappy
1848,30,female,afroamerican,other
1849,34,female,asian,slightlyhappy
1851,40,female,caucasian,slightlyhappy
1852,36,male,caucasian,slightlyhappy
1853,38,female,caucasian,neutral
1854,37,female,caucasian,slightlyhappy
1855,4,female,caucasian,neutral
1856,6,male,asian,slightlyhappy
1857,32,female,asian,neutral
1859,35,female,caucasian,slightlyhappy
1860,53,male,caucasian,neutral
1861,38,female,caucasian,slightlyhappy
1862,14,male,caucasian,slightlyhappy
1863,40,female,caucasian,slightlyhappy
1865,22,male,caucasian,slightlyhappy
1867,26,female,asian,slightlyhappy
1869,40,female,caucasian,slightlyhappy
1870,32,female,caucasian,slightlyhappy
1873,28,male,caucasian,neutral
1874,22,male,caucasian,neutral
1875,26,female,caucasian,slightlyhappy
1876,22,female,asian,slightlyhappy
1877,43,male,afroamerican,neutral
1879,26,male,caucasian,neutral
1880,22,female,asian,slightlyhappy
1881,42,female,caucasian,neutral
1882,30,female,caucasian,slightlyhappy
1884,75,male,caucasian,neutral
1885,26,female,caucasian,slightlyhappy
1886,42,female,caucasian,slightlyhappy
1888,42,male,caucasian,slightlyhappy
1889,23,female,asian,happy
1890,29,female,caucasian,happy
1893,25,female,afroamerican,slightlyhappy
1895,11,female,caucasian,slightlyhappy
1896,15,male,caucasian,slightlyhappy
1898,43,male,caucasian,neutral
1899,30,male,afroamerican,slightlyhappy
1900,18,male,caucasian,happy
1901,27,male,caucasian,neutral
1903,27,male,caucasian,slightlyhappy
1905,17,male,caucasian,slightlyhappy
1907,32,female,caucasian,happy
1909,9,male,caucasian,slightlyhappy
1910,33,female,caucasian,slightlyhappy
1911,30,female,caucasian,slightlyhappy
1912,35,female,caucasian,slightlyhappy
1913,24,female,caucasian,happy
1914,50,male,caucasian,slightlyhappy
1918,9,female,caucasian,happy
1921,17,male,caucasian,neutral
1923,12,female,caucasian,neutral
1924,26,female,asian,happy
1925,45,female,caucasian,happy
1926,47,male,caucasian,neutral
1927,17,male,caucasian,neutral
1929,1,male,caucasian,neutral
1930,30,male,caucasian,slightlyhappy
1932,13,female,caucasian,neutral
1933,57,male,caucasian,neutral
1934,33,female,caucasian,slightlyhappy
1935,19,male,caucasian,happy
1936,51,male,caucasian,neutral
1938,44,male,caucasian,slightlyhappy
1940,27,female,caucasian,happy
1941,32,female,caucasian,slightlyhappy
1942,19,female,caucasian,neutral
1943,25,male,caucasian,slightlyhappy
1944,34,male,caucasian,slightlyhappy
1945,59,male,caucasian,neutral
1946,35,male,caucasian,slightlyhappy
1947,29,female,caucasian,slightlyhappy
1948,30,male,caucasian,neutral
1950,22,male,caucasian,neutral
1951,30,male,caucasian,slightlyhappy
1952,80,male,caucasian,slightlyhappy
1953,32,male,asian,slightlyhappy
1954,26,female,caucasian,slightlyhappy
1955,24,male,caucasian,neutral
1956,16,female,caucasian,slightlyhappy
1957,4,male,caucasian,happy
1958,55,male,caucasian,slightlyhappy
1960,1,male,caucasian,neutral
1961,64,female,caucasian,other
1962,38,female,caucasian,slightlyhappy
1963,6,female,caucasian,slightlyhappy
1965,43,male,caucasian,neutral
1967,21,male,asian,other
1969,36,female,caucasian,happy
1970,27,female,caucasian,neutral
1971,31,female,asian,happy
1973,17,female,caucasian,slightlyhappy
1974,15,female,caucasian,happy
1975,20,female,caucasian,slightlyhappy
1976,26,female,caucasian,slightlyhappy
1977,31,male,caucasian,neutral
1978,16,female,caucasian,happy
1981,27,female,caucasian,slightlyhappy
1982,30,male,caucasian,slightlyhappy
1983,58,male,caucasian,happy
1984,20,female,caucasian,happy
1985,27,female,asian,slightlyhappy
1986,24,male,caucasian,neutral
1987,70,female,caucasian,slightlyhappy
1989,55,male,caucasian,slightlyhappy
1990,25,male,caucasian,slightlyhappy
1991,20,female,afroamerican,happy
1992,30,male,caucasian,neutral
1994,61,male,caucasian,slightlyhappy
1995,25,male,caucasian,happy
1997,30,male,caucasian,neutral
1999,37,male,caucasian,neutral
2001,14,female,caucasian,happy
2002,19,male,caucasian,neutral
2003,24,male,caucasian,neutral
2004,20,male,asian,neutral
2005,13,female,caucasian,slightlyhappy
2007,11,male,afroamerican,other
2008,38,male,caucasian,slightlyhappy
2009,23,female,caucasian,neutral
2011,23,male,caucasian,neutral
2014,23,female,caucasian,happy
2015,60,male,caucasian,other
2016,58,male,caucasian,neutral
2017,32,male,caucasian,neutral
2018,11,female,caucasian,happy
2020,33,female,caucasian,happy
2021,17,male,caucasian,slightlyhappy
2023,18,male,asian,neutral
2024,14,female,caucasian,happy
2026,50,male,caucasian,happy
2027,23,male,caucasian,happy
2028,27,female,caucasian,other
2029,2,male,caucasian,neutral
2030,68,male,caucasian,happy
2031,65,male,caucasian,slightlyhappy
2032,31,male,caucasian,neutral
2033,25,female,asian,slightlyhappy
2034,33,male,caucasian,neutral
2035,45,male,caucasian,neutral
2036,18,male,caucasian,neutral
2037,39,female,caucasian,happy
2038,21,male,caucasian,happy
2039,23,male,caucasian,happy
2042,43,female,asian,happy
2043,27,female,asian,happy
2045,70,male,caucasian,neutral
2046,23,male,asian,neutral
2047,29,male,caucasian,slightlyhappy
2048,40,male,caucasian,neutral
2049,37,male,caucasian,neutral
2050,58,male,caucasian,slightlyhappy
2051,10,male,caucasian,neutral
2052,11,male,caucasian,slightlyhappy
2053,12,male,caucasian,slightlyhappy
2055,20,female,caucasian,neutral
2057,34,female,caucasian,neutral
2058,25,female,caucasian,slightlyhappy
2059,34,male,caucasian,happy
2060,46,male,caucasian,happy
2061,44,male,caucasian,neutral
2062,5,male,caucasian,slightlyhappy
2063,26,male,caucasian,neutral
2065,26,male,caucasian,slightlyhappy
2066,24,female,caucasian,happy
2068,2,female,caucasian,neutral
2070,10,male,caucasian,neutral
2071,58,male,caucasian,neutral
2072,27,male,caucasian,happy
2073,32,female,caucasian,happy
2075,45,female,caucasian,happy
2077,30,female,caucasian,slightlyhappy
2079,23,male,caucasian,happy
2081,40,female,caucasian,happy
2083,15,female,caucasian,slightlyhappy
2084,65,male,asian,neutral
2085,41,female,caucasian,neutral
2086,5,male,asian,neutral
2087,50,male,caucasian,neutral
2088,20,female,caucasian,happy
2089,52,male,caucasian,happy
2093,54,male,caucasian,slightlyhappy
2094,10,male,caucasian,slightlyhappy
2095,45,female,afroamerican,neutral
2096,21,female,caucasian,neutral
2097,50,female,afroamerican,neutral
2099,30,female,caucasian,happy
2100,51,female,caucasian,neutral
2101,19,female,caucasian,happy
2103,50,male,caucasian,neutral
2105,14,male,caucasian,neutral
2106,46,female,caucasian,happy
2108,5,male,caucasian,neutral
2109,6,female,caucasian,slightlyhappy
2110,37,female,caucasian,neutral
2111,56,female,caucasian,slightlyhappy
2113,4,male,caucasian,neutral
2114,1,male,caucasian,slightlyhappy
2115,30,male,caucasian,neutral
2116,29,male,caucasian,slightlyhappy
2119,46,male,caucasian,slightlyhappy
2120,21,female,caucasian,slightlyhappy
2122,25,male,caucasian,slightlyhappy
2123,30,female,caucasian,slightlyhappy
2124,44,male,caucasian,neutral
2125,15,female,caucasian,neutral
2126,43,male,caucasian,slightlyhappy
2127,40,female,asian,slightlyhappy
2128,60,male,caucasian,neutral
2129,17,female,caucasian,slightlyhappy
2130,37,female,caucasian,slightlyhappy
2132,4,male,caucasian,neutral
2133,36,female,caucasian,slightlyhappy
2134,30,male,caucasian,neutral
2135,26,male,asian,neutral
2136,30,male,caucasian,slightlyhappy
2137,71,male,caucasian,slightlyhappy
2138,17,female,caucasian,slightlyhappy
2139,26,female,caucasian,slightlyhappy
2140,50,female,caucasian,slightlyhappy
2141,24,male,caucasian,slightlyhappy
2143,40,female,asian,neutral
2144,62,male,caucasian,neutral
2146,25,male,caucasian,happy
2148,31,female,caucasian,happy
2149,38,male,caucasian,neutral
2150,15,male,caucasian,neutral
2151,41,male,caucasian,slightlyhappy
2152,25,female,caucasian,slightlyhappy
2153,32,female,caucasian,happy
2154,28,female,caucasian,slightlyhappy
2155,19,male,caucasian,happy
2156,32,female,caucasian,neutral
2157,31,male,caucasian,other
2159,62,female,caucasian,neutral
2160,21,male,caucasian,slightlyhappy
2161,55,female,caucasian,happy
2163,29,male,caucasian,slightlyhappy
2164,4,male,caucasian,slightlyhappy
2166,16,female,asian,slightlyhappy
2167,56,male,caucasian,slightlyhappy
2168,39,female,caucasian,slightlyhappy
2169,45,female,caucasian,happy
2170,28,female,asian,slightlyhappy
2171,18,female,caucasian,neutral
2172,28,female,caucasian,slightlyhappy
2173,19,male,asian,slightlyhappy
2175,19,female,caucasian,slightlyhappy
2176,37,male,caucasian,neutral
2177,18,male,asian,slightlyhappy
2179,49,female,caucasian,slightlyhappy
2180,27,male,caucasian,slightlyhappy
2182,14,female,caucasian,slightlyhappy
2183,19,female,caucasian,slightlyhappy
2184,29,female,caucasian,slightlyhappy
2185,26,male,caucasian,neutral
2186,19,female,caucasian,slightlyhappy
2187,2,male,caucasian,neutral
2188,85,female,caucasian,neutral
2189,30,male,asian,neutral
2190,32,female,caucasian,happy
2191,36,female,caucasian,slightlyhappy
2192,50,female,caucasian,slightlyhappy
2195,29,female,caucasian,neutral
2196,20,male,caucasian,neutral
2197,23,male,caucasian,neutral
2198,49,male,caucasian,neutral
2200,48,male,caucasian,neutral
2201,30,female,caucasian,neutral
2202,39,male,caucasian,slightlyhappy
2204,19,female,caucasian,slightlyhappy
2205,43,male,asian,neutral
2206,64,male,caucasian,slightlyhappy
2208,30,male,caucasian,neutral
2209,26,male,caucasian,neutral
2210,24,male,caucasian,neutral
2211,19,male,caucasian,neutral
2212,35,male,caucasian,slightlyhappy
2213,65,male,caucasian,neutral
2214,5,male,caucasian,neutral
2215,21,female,caucasian,happy
2217,13,female,caucasian,slightlyhappy
2219,17,female,caucasian,neutral
2220,11,female,caucasian,neutral
2221,37,female,caucasian,slightlyhappy
2222,25,female,caucasian,neutral
2223,34,female,caucasian,slightlyhappy
2224,34,female,caucasian,neutral
2225,42,female,asian,slightlyhappy
2226,42,female,caucasian,neutral
2228,42,female,caucasian,neutral
2229,27,male,caucasian,slightlyhappy
2230,27,male,caucasian,neutral
2232,23,female,caucasian,slightlyhappy
2234,30,female,caucasian,neutral
2236,66,male,caucasian,neutral
2237,46,male,caucasian,slightlyhappy
2238,26,female,caucasian,neutral
2239,28,male,caucasian,slightlyhappy
2241,1,male,caucasian,neutral
2242,22,female,caucasian,slightlyhappy
2243,39,female,afroamerican,happy
2244,30,male,caucasian,happy
2245,36,male,caucasian,neutral
2246,23,male,caucasian,neutral
2247,21,male,asian,neutral
2248,27,male,caucasian,slightlyhappy
2249,16,female,caucasian,happy
2252,17,female,caucasian,slightlyhappy
2253,1,male,caucasian,neutral
2254,31,male,caucasian,neutral
2255,20,female,caucasian,neutral
2259,8,male,caucasian,neutral
2261,52,female,caucasian,slightlyhappy
2262,32,female,caucasian,slightlyhappy
2263,15,female,caucasian,happy
2264,16,female,caucasian,neutral
2265,15,female,asian,happy
2267,21,male,asian,happy
2268,19,female,caucasian,neutral
2269,18,female,caucasian,happy
2271,26,female,caucasian,slightlyhappy
2272,22,female,caucasian,slightlyhappy
2273,20,female,caucasian,happy
2274,20,male,afroamerican,neutral
2275,35,female,caucasian,slightlyhappy
2276,54,female,caucasian,neutral
2277,13,male,caucasian,neutral
2278,50,female,caucasian,slightlyhappy
2279,18,female,caucasian,neutral
2280,90,female,caucasian,neutral
2282,15,male,caucasian,neutral
2284,51,male,caucasian,neutral
2285,50,female,caucasian,slightlyhappy
2288,59,female,caucasian,slightlyhappy
2289,72,female,caucasian,neutral
2290,80,male,caucasian,neutral
2291,24,female,asian,slightlyhappy
2292,55,female,caucasian,neutral
2293,22,female,caucasian,slightlyhappy
2294,4,male,caucasian,neutral
2295,40,male,caucasian,neutral
2297,21,male,caucasian,slightlyhappy
2298,30,female,caucasian,slightlyhappy
2299,20,female,caucasian,slightlyhappy
2300,35,female,asian,slightlyhappy
2303,1,male,afroamerican,happy
2304,25,female,caucasian,slightlyhappy
2305,8,female,caucasian,neutral
2306,52,male,caucasian,slightlyhappy
2309,27,female,caucasian,slightlyhappy
2310,33,male,caucasian,neutral
2311,26,female,caucasian,slightlyhappy
2312,38,male,caucasian,neutral
2313,36,male,caucasian,neutral
2314,36,male,caucasian,slightlyhappy
2315,14,male,caucasian,neutral
2316,46,male,caucasian,neutral
2317,30,male,caucasian,slightlyhappy
2318,48,male,caucasian,neutral
2319,48,male,caucasian,neutral
2320,51,male,caucasian,happy
2322,7,female,caucasian,slightlyhappy
2323,27,female,caucasian,happy
2324,35,female,caucasian,happy
2326,42,male,caucasian,happy
2327,24,male,caucasian,happy
2328,18,female,caucasian,slightlyhappy
2329,30,female,afroamerican,slightlyhappy
2330,28,male,asian,slightlyhappy
2331,58,female,caucasian,slightlyhappy
2332,40,female,caucasian,neutral
2333,14,male,caucasian,slightlyhappy
2335,34,male,asian,neutral
2336,36,male,caucasian,neutral
2337,55,male,caucasian,slightlyhappy
2338,23,female,caucasian,slightlyhappy
2340,85,male,caucasian,neutral
2341,54,male,caucasian,slightlyhappy
2342,23,female,caucasian,neutral
2343,30,female,caucasian,slightlyhappy
2345,59,male,caucasian,happy
2346,20,female,caucasian,happy
2348,71,male,caucasian,neutral
2350,5,male,caucasian,happy
2351,42,male,caucasian,slightlyhappy
2352,24,female,caucasian,happy
2353,55,female,caucasian,slightlyhappy
2354,42,male,caucasian,slightlyhappy
2356,1,male,caucasian,neutral
2358,47,male,caucasian,neutral
2359,2,female,caucasian,neutral
2361,47,male,caucasian,slightlyhappy
2362,30,male,caucasian,slightlyhappy
2364,36,female,caucasian,neutral
2365,27,female,caucasian,slightlyhappy
2366,10,male,caucasian,slightlyhappy
2367,23,female,caucasian,neutral
2368,51,male,asian,slightlyhappy
2369,37,male,caucasian,slightlyhappy
2370,25,female,caucasian,slightlyhappy
2371,37,male,caucasian,neutral
2372,37,male,caucasian,neutral
2373,70,male,caucasian,neutral
2375,30,male,caucasian,slightlyhappy
2376,55,male,caucasian,neutral
2378,41,male,caucasian,neutral
2379,30,male,asian,neutral
2380,52,female,caucasian,slightlyhappy
2381,30,female,caucasian,slightlyhappy
2382,50,male,caucasian,neutral
2383,27,male,caucasian,slightlyhappy
2384,62,female,caucasian,neutral
2385,28,female,caucasian,slightlyhappy
2386,55,female,caucasian,slightlyhappy
2388,34,female,caucasian,happy
2389,22,female,afroamerican,happy
2390,34,female,caucasian,slightlyhappy
2391,35,female,asian,slightlyhappy
2392,16,female,asian,slightlyhappy
2393,33,female,caucasian,happy
2394,7,male,caucasian,other
2396,33,male,caucasian,neutral
2397,14,female,caucasian,neutral
2398,25,female,asian,slightlyhappy
2399,1,male,caucasian,neutral
2400,38,female,asian,neutral
2401,30,female,caucasian,slightlyhappy
2402,20,female,caucasian,happy
2403,29,male,caucasian,neutral
2404,22,female,caucasian,neutral
2405,1,female,caucasian,neutral
2406,28,male,caucasian,other
2407,39,male,asian,slightlyhappy
2408,21,male,caucasian,other
2409,12,female,caucasian,slightlyhappy
2411,49,male,caucasian,happy
2412,24,male,caucasian,happy
2413,26,male,caucasian,neutral
2416,50,male,caucasian,slightlyhappy
2417,8,male,caucasian,slightlyhappy
2418,39,female,caucasian,slightlyhappy
2419,32,male,caucasian,neutral
2420,87,male,asian,slightlyhappy
2421,31,male,caucasian,slightlyhappy
2422,29,female,caucasian,happy
2423,25,male,caucasian,slightlyhappy
2424,50,male,caucasian,neutral
2426,32,female,asian,neutral
2427,47,female,afroamerican,slightlyhappy
2428,37,male,caucasian,slightlyhappy
2429,2,male,caucasian,slightlyhappy
2430,6,female,caucasian,slightlyhappy
2431,44,female,caucasian,slightlyhappy
2432,47,female,caucasian,slightlyhappy
2433,43,female,asian,slightlyhappy
2434,20,female,caucasian,happy
2436,31,male,caucasian,slightlyhappy
2439,2,female,caucasian,happy
2440,30,female,caucasian,neutral
2441,49,female,caucasian,slightlyhappy
2442,25,female,caucasian,neutral
2443,25,female,asian,slightlyhappy
2444,34,female,caucasian,neutral
2445,42,male,caucasian,neutral
2446,55,male,caucasian,slightlyhappy
2449,62,male,caucasian,slightlyhappy
2450,50,female,caucasian,slightlyhappy
2451,35,female,caucasian,slightlyhappy
2452,14,female,caucasian,slightlyhappy
2453,22,male,caucasian,slightlyhappy
2454,44,male,caucasian,neutral
2455,80,female,caucasian,slightlyhappy
2456,45,male,caucasian,slightlyhappy
2457,26,female,caucasian,happy
2458,10,female,afroamerican,neutral
2461,29,female,caucasian,slightlyhappy
2462,45,female,caucasian,neutral
2463,13,male,caucasian,slightlyhappy
2465,50,female,caucasian,slightlyhappy
2466,15,female,caucasian,slightlyhappy
2467,44,male,caucasian,neutral
2468,49,female,caucasian,slightlyhappy
2469,5,female,caucasian,slightlyhappy
2473,36,male,caucasian,slightlyhappy
2474,23,male,caucasian,neutral
2475,34,male,caucasian,slightlyhappy
2476,21,male,caucasian,slightlyhappy
2477,25,male,caucasian,slightlyhappy
2478,21,female,caucasian,slightlyhappy
2479,37,male,caucasian,slightlyhappy
2480,39,female,caucasian,slightlyhappy
2481,18,female,caucasian,slightlyhappy
2482,28,male,caucasian,neutral
2483,45,male,caucasian,slightlyhappy
2485,16,female,caucasian,neutral
2486,26,female,caucasian,slightlyhappy
2487,6,male,caucasian,neutral
2488,2,female,caucasian,slightlyhappy
2491,23,female,asian,neutral
2492,72,male,caucasian,slightlyhappy
2494,77,male,caucasian,neutral
2495,14,female,caucasian,slightlyhappy
2496,22,male,caucasian,slightlyhappy
2497,29,male,caucasian,slightlyhappy
2498,41,female,caucasian,slightlyhappy
2499,26,female,afroamerican,neutral
2500,44,male,afroamerican,slightlyhappy
2501,4,male,caucasian,slightlyhappy
2502,27,female,caucasian,slightlyhappy
2503,25,female,caucasian,slightlyhappy
2504,1,female,caucasian,neutral
2505,32,male,caucasian,neutral
2506,27,male,caucasian,slightlyhappy
2507,42,female,caucasian,slightlyhappy
2508,28,male,caucasian,neutral
2509,1,male,caucasian,neutral
2510,68,male,caucasian,neutral
2511,27,male,caucasian,slightlyhappy
2513,19,male,caucasian,neutral
2514,29,female,caucasian,slightlyhappy
2515,21,female,asian,slightlyhappy
2516,21,female,asian,slightlyhappy
2518,26,male,caucasian,slightlyhappy
2519,16,male,caucasian,neutral
2520,1,female,caucasian,neutral
2522,41,female,asian,slightlyhappy
2523,4,male,caucasian,neutral
2524,22,male,caucasian,neutral
2525,26,female,asian,slightlyhappy
2528,10,female,afroamerican,slightlyhappy
2530,73,male,caucasian,neutral
2531,8,male,caucasian,happy
2533,28,female,caucasian,happy
2534,31,female,asian,happy
2535,14,female,caucasian,slightlyhappy
2537,25,female,caucasian,slightlyhappy
2538,25,male,caucasian,slightlyhappy
2541,27,female,afroamerican,neutral
2542,27,male,caucasian,happy
2543,38,male,asian,slightlyhappy
2544,20,female,caucasian,slightlyhappy
2546,33,male,asian,slightlyhappy
2547,52,female,caucasian,happy
2549,53,female,caucasian,slightlyhappy
2552,21,female,caucasian,slightlyhappy
2554,17,male,caucasian,slightlyhappy
2555,25,male,caucasian,slightlyhappy
2556,35,female,caucasian,slightlyhappy
2557,64,female,caucasian,neutral
2558,38,male,caucasian,slightlyhappy
2560,27,female,asian,slightlyhappy
2561,48,female,caucasian,slightlyhappy
2562,29,male,caucasian,slightlyhappy
2565,36,male,caucasian,neutral
2566,1,male,caucasian,neutral
2567,28,male,caucasian,slightlyhappy
2569,29,male,caucasian,neutral
2570,36,male,caucasian,neutral
2571,17,male,caucasian,other
2572,18,female,caucasian,slightlyhappy
2573,14,female,caucasian,slightlyhappy
2575,2,male,caucasian,neutral
2576,1,male,caucasian,neutral
2577,30,female,caucasian,happy
2578,47,male,caucasian,neutral
2579,40,male,caucasian,neutral
2580,33,male,caucasian,slightlyhappy
2581,59,female,caucasian,slightlyhappy
2582,27,female,caucasian,neutral
2584,24,female,caucasian,happy
2585,4,male,caucasian,slightlyhappy
2589,44,female,caucasian,slightlyhappy
2590,42,female,caucasian,slightlyhappy
2591,5,female,caucasian,neutral
2593,6,female,asian,neutral
2596,7,female,caucasian,slightlyhappy
2597,53,female,caucasian,slightlyhappy
2598,11,female,caucasian,happy
2601,5,male,caucasian,neutral
2602,34,female,caucasian,happy
2603,36,female,afroamerican,happy
2604,51,female,caucasian,neutral
2605,47,male,caucasian,slightlyhappy
2606,18,female,asian,slightlyhappy
2607,33,female,caucasian,happy
2608,18,male,caucasian,neutral
2610,18,female,caucasian,neutral
2611,57,male,caucasian,neutral
2613,71,male,caucasian,neutral
2614,27,male,caucasian,neutral
2616,52,female,caucasian,slightlyhappy
2617,25,female,asian,slightlyhappy
2619,52,male,caucasian,slightlyhappy
2620,30,female,caucasian,slightlyhappy
2623,59,male,caucasian,neutral
2624,62,male,caucasian,neutral
2625,28,female,caucasian,neutral
2626,32,female,caucasian,slightlyhappy
2627,16,female,caucasian,slightlyhappy
2628,60,male,afroamerican,other
2629,34,female,caucasian,slightlyhappy
2630,7,male,asian,happy
2632,53,male,caucasian,happy
2633,6,male,caucasian,neutral
2634,90,female,caucasian,slightlyhappy
2635,46,female,caucasian,slightlyhappy
2636,41,female,caucasian,slightlyhappy
2637,16,male,caucasian,neutral
2638,20,female,caucasian,slightlyhappy
2639,36,female,afroamerican,neutral
2640,30,female,caucasian,slightlyhappy
2641,31,male,caucasian,neutral
2642,33,female,asian,slightlyhappy
2643,61,male,caucasian,slightlyhappy
2644,46,male,caucasian,happy
2645,12,female,caucasian,happy
2648,21,male,caucasian,slightlyhappy
2649,65,male,caucasian,neutral
2650,16,female,caucasian,happy
2651,4,male,caucasian,slightlyhappy
2652,63,female,caucasian,slightlyhappy
2653,32,male,caucasian,slightlyhappy
2655,28,female,asian,slightlyhappy
2658,7,male,caucasian,slightlyhappy
2659,30,female,caucasian,slightlyhappy
2660,37,male,caucasian,slightlyhappy
2661,100,female,caucasian,neutral
2662,42,male,caucasian,neutral
2663,4,female,caucasian,slightlyhappy
2665,47,male,caucasian,slightlyhappy
2666,34,male,caucasian,slightlyhappy
2668,39,female,caucasian,slightlyhappy
2669,52,male,caucasian,slightlyhappy
2671,22,male,caucasian,neutral
2672,25,female,caucasian,slightlyhappy
2673,60,female,caucasian,slightlyhappy
2674,25,male,asian,neutral
2675,17,male,caucasian,neutral
2676,27,male,asian,slightlyhappy
2677,57,female,caucasian,slightlyhappy
2678,9,male,caucasian,slightlyhappy
2679,34,male,caucasian,neutral
2680,42,female,caucasian,neutral
2681,1,male,caucasian,neutral
2682,28,female,caucasian,neutral
2683,23,female,caucasian,neutral
2684,32,female,caucasian,neutral
2686,36,female,caucasian,neutral
2688,19,female,caucasian,slightlyhappy
2689,13,female,caucasian,neutral
2691,33,male,caucasian,slightlyhappy
2692,23,male,asian,slightlyhappy
2694,35,male,caucasian,neutral
2696,30,female,caucasian,slightlyhappy
2697,34,female,caucasian,slightlyhappy
2698,23,female,caucasian,slightlyhappy
2700,29,male,caucasian,neutral
2702,35,female,caucasian,slightlyhappy
2703,19,female,caucasian,slightlyhappy
2705,21,male,caucasian,slightlyhappy
2706,19,male,afroamerican,slightlyhappy
2707,23,male,caucasian,neutral
2708,26,male,asian,neutral
2709,17,female,afroamerican,happy
2710,36,male,caucasian,slightlyhappy
2711,52,male,caucasian,neutral
2712,23,female,caucasian,happy
2713,24,female,asian,slightlyhappy
2715,12,male,caucasian,neutral
2716,20,female,caucasian,slightlyhappy
2717,34,male,caucasian,happy
2718,26,male,caucasian,happy
2719,14,male,caucasian,neutral
2720,16,female,caucasian,happy
2721,15,male,asian,neutral
2722,31,male,caucasian,neutral
2723,43,female,caucasian,slightlyhappy
2724,61,female,caucasian,happy
2727,41,female,caucasian,slightlyhappy
2728,33,male,asian,happy
2729,31,female,caucasian,slightlyhappy
2730,47,female,caucasian,neutral
2731,28,female,caucasian,happy
2732,4,female,caucasian,neutral
2733,40,female,caucasian,slightlyhappy
2734,20,female,caucasian,neutral
2735,52,male,caucasian,neutral
2736,39,female,caucasian,neutral
2737,32,male,caucasian,slightlyhappy
2739,7,female,caucasian,neutral
2741,40,female,caucasian,happy
2743,31,female,caucasian,neutral
2744,39,male,caucasian,slightlyhappy
2745,41,male,asian,neutral
2746,48,male,caucasian,neutral
2747,49,male,caucasian,neutral
2749,28,female,caucasian,slightlyhappy
2750,4,female,asian,slightlyhappy
2751,21,female,caucasian,happy
2752,16,female,caucasian,slightlyhappy
2753,33,male,asian,neutral
2754,31,female,caucasian,slightlyhappy
2755,25,male,asian,neutral
2757,41,female,caucasian,slightlyhappy
2758,46,male,afroamerican,neutral
2764,31,male,caucasian,slightlyhappy
2766,20,female,caucasian,slightlyhappy
2770,51,male,caucasian,neutral
2771,27,female,asian,neutral
2772,27,male,asian,slightlyhappy
2773,22,male,caucasian,neutral
2774,50,female,caucasian,neutral
2777,29,female,caucasian,slightlyhappy
2778,45,female,caucasian,slightlyhappy
2779,37,female,asian,slightlyhappy
2781,20,male,caucasian,slightlyhappy
2782,31,female,asian,slightlyhappy
2784,58,male,caucasian,other
2785,47,male,caucasian,other
2786,25,female,caucasian,slightlyhappy
2787,36,male,caucasian,other
2788,36,male,caucasian,neutral
2789,33,male,caucasian,slightlyhappy
2790,46,male,caucasian,slightlyhappy
2792,25,female,caucasian,slightlyhappy
2793,23,male,asian,slightlyhappy
2795,68,male,asian,neutral
2796,1,male,caucasian,neutral
2797,2,female,caucasian,slightlyhappy
2798,50,male,caucasian,neutral
2799,46,female,asian,slightlyhappy
2800,27,male,caucasian,slightlyhappy
2801,61,male,caucasian,neutral
2802,32,female,caucasian,neutral
2804,45,female,caucasian,neutral
2805,35,male,caucasian,slightlyhappy
2807,7,male,caucasian,happy
2808,21,male,caucasian,happy
2810,64,male,caucasian,slightlyhappy
2811,55,male,caucasian,neutral
2812,17,female,caucasian,slightlyhappy
2813,54,female,caucasian,slightlyhappy
2814,39,male,caucasian,slightlyhappy
2815,35,female,caucasian,slightlyhappy
2816,49,male,caucasian,slightlyhappy
2817,33,male,caucasian,neutral
2818,35,female,caucasian,neutral
2820,43,female,caucasian,slightlyhappy
2821,2,female,caucasian,neutral
2823,58,female,caucasian,slightlyhappy
2824,20,female,afroamerican,happy
2825,70,male,caucasian,neutral
2827,46,female,caucasian,slightlyhappy
2830,28,male,caucasian,slightlyhappy
2831,63,male,caucasian,slightlyhappy
2833,56,male,caucasian,neutral
2837,38,male,caucasian,slightlyhappy
2838,48,female,caucasian,slightlyhappy
2839,51,female,caucasian,slightlyhappy
2840,26,male,caucasian,slightlyhappy
2841,46,male,caucasian,slightlyhappy
2842,41,male,caucasian,neutral
2844,31,male,caucasian,neutral
2845,37,female,caucasian,neutral
2849,19,female,caucasian,slightlyhappy
2850,15,female,asian,slightlyhappy
2851,34,male,caucasian,neutral
2852,52,male,caucasian,neutral
2853,34,male,caucasian,neutral
2855,72,female,caucasian,neutral
2856,46,male,caucasian,other
2857,19,female,caucasian,slightlyhappy
2858,30,female,caucasian,slightlyhappy
2859,46,female,caucasian,neutral
2860,24,male,caucasian,slightlyhappy
2861,42,male,caucasian,neutral
2862,17,female,afroamerican,neutral
2863,50,female,caucasian,slightlyhappy
2864,56,male,caucasian,slightlyhappy
2865,16,male,afroamerican,neutral
2866,40,male,caucasian,slightlyhappy
2867,36,female,caucasian,slightlyhappy
2869,23,female,caucasian,slightlyhappy
2870,31,male,asian,slightlyhappy
2872,19,female,asian,happy
2873,6,female,caucasian,happy
2875,49,female,caucasian,slightlyhappy
2877,30,male,caucasian,happy
2878,4,male,caucasian,other
2879,21,female,caucasian,happy
2880,1,male,asian,neutral
2881,16,female,caucasian,slightlyhappy
2882,63,male,caucasian,neutral
2883,1,female,caucasian,neutral
2884,19,female,caucasian,slightlyhappy
2885,27,female,caucasian,slightlyhappy
2887,23,male,caucasian,other
2888,49,male,caucasian,other
2890,45,female,asian,slightlyhappy
2892,25,female,caucasian,neutral
2893,44,male,asian,slightlyhappy
2894,41,female,asian,slightlyhappy
2895,19,female,caucasian,slightlyhappy
2896,21,female,caucasian,slightlyhappy
2899,14,male,asian,slightlyhappy
2900,30,male,caucasian,slightlyhappy
2903,18,female,caucasian,slightlyhappy
2905,16,male,afroamerican,neutral
2907,29,female,asian,slightlyhappy
2908,29,female,caucasian,slightlyhappy
2909,60,male,asian,neutral
2910,5,female,caucasian,neutral
2911,67,female,caucasian,happy
2912,32,male,caucasian,slightlyhappy
2913,17,female,caucasian,neutral
2915,33,female,caucasian,happy
2917,56,male,caucasian,neutral
2918,25,male,caucasian,neutral
2919,33,male,caucasian,neutral
2920,51,female,caucasian,neutral
2921,16,male,asian,happy
2923,22,female,caucasian,happy
2924,48,male,caucasian,neutral
2925,21,male,afroamerican,neutral
2926,9,male,caucasian,slightlyhappy
2927,33,male,caucasian,neutral
2928,45,male,caucasian,neutral
2929,14,male,caucasian,other
2930,40,female,asian,happy
2933,38,female,caucasian,happy
2936,48,male,caucasian,happy
2937,26,male,caucasian,happy
2939,31,female,caucasian,slightlyhappy
2940,26,female,caucasian,slightlyhappy
2941,2,male,caucasian,neutral
2942,36,female,caucasian,slightlyhappy
2943,53,male,caucasian,slightlyhappy
2944,17,male,caucasian,neutral
2945,24,male,caucasian,neutral
2946,25,female,afroamerican,happy
2947,31,male,caucasian,neutral
2950,51,female,caucasian,happy
2952,30,female,afroamerican,slightlyhappy
2953,24,female,caucasian,neutral
2956,25,female,caucasian,neutral
2957,47,male,caucasian,neutral
2958,20,female,asian,neutral
2962,38,female,caucasian,neutral
2964,26,female,caucasian,happy
2966,19,female,asian,slightlyhappy
2967,38,male,caucasian,happy
2968,52,female,caucasian,slightlyhappy
2970,15,male,caucasian,slightlyhappy
2974,17,female,caucasian,slightlyhappy
2976,60,male,caucasian,neutral
2978,16,male,afroamerican,happy
2979,24,male,asian,neutral
2980,6,female,caucasian,other
2981,23,female,caucasian,slightlyhappy
2984,58,male,caucasian,neutral
2985,15,male,caucasian,slightlyhappy
2986,13,female,caucasian,slightlyhappy
2987,55,male,caucasian,neutral
2989,33,male,caucasian,happy
2990,22,female,asian,happy
2991,19,female,caucasian,happy
2992,24,female,afroamerican,happy
2993,34,female,caucasian,slightlyhappy
2994,51,female,caucasian,neutral
2995,29,female,asian,slightlyhappy
2996,47,male,caucasian,neutral
2997,70,male,caucasian,neutral
2999,20,female,caucasian,happy
3000,22,female,caucasian,neutral
3002,28,female,caucasian,slightlyhappy
3004,43,female,caucasian,happy
3005,31,female,caucasian,happy
3006,19,female,caucasian,happy
3007,24,male,caucasian,neutral
3008,29,male,caucasian,neutral
3009,37,male,caucasian,neutral
3010,52,male,caucasian,neutral
3011,53,female,caucasian,neutral
3012,33,male,afroamerican,slightlyhappy
3013,50,female,caucasian,happy
3016,30,male,caucasian,happy
3018,79,male,caucasian,slightlyhappy
3019,34,male,caucasian,neutral
3020,42,female,caucasian,neutral
3021,20,female,caucasian,slightlyhappy
3023,50,male,caucasian,neutral
3024,26,female,caucasian,slightlyhappy
3025,67,male,caucasian,neutral
3027,15,female,caucasian,slightlyhappy
3028,22,male,caucasian,neutral
3029,42,female,caucasian,slightlyhappy
3030,70,male,asian,neutral
3032,34,female,caucasian,neutral
3033,32,male,caucasian,neutral
3034,41,female,caucasian,slightlyhappy
3036,41,male,caucasian,neutral
3037,41,male,caucasian,slightlyhappy
3038,35,female,caucasian,slightlyhappy
3039,1,male,caucasian,neutral
3040,32,female,caucasian,slightlyhappy
3041,66,female,caucasian,happy
3042,25,male,asian,slightlyhappy
3043,18,male,caucasian,neutral
3044,16,female,caucasian,slightlyhappy
3046,39,female,caucasian,slightlyhappy
3047,14,female,caucasian,slightlyhappy
3048,39,female,caucasian,neutral
3049,19,female,caucasian,slightlyhappy
3050,12,female,caucasian,other
3051,45,female,caucasian,happy
3052,27,female,caucasian,happy
3053,87,male,caucasian,neutral
3054,56,male,caucasian,slightlyhappy
3055,33,female,caucasian,slightlyhappy
3056,25,female,afroamerican,happy
3057,33,male,caucasian,slightlyhappy
3058,50,female,caucasian,slightlyhappy
3059,63,male,caucasian,other
3060,48,female,caucasian,slightlyhappy
3061,37,male,caucasian,happy
3062,33,male,asian,slightlyhappy
3063,37,male,caucasian,slightlyhappy
3064,40,female,caucasian,slightlyhappy
3065,42,female,caucasian,slightlyhappy
3066,37,female,caucasian,slightlyhappy
3068,57,male,caucasian,slightlyhappy
3069,20,male,caucasian,neutral
3074,15,male,caucasian,neutral
3075,39,female,caucasian,neutral
3076,25,male,caucasian,neutral
3077,33,male,caucasian,slightlyhappy
3078,59,male,caucasian,happy
3080,34,male,caucasian,slightlyhappy
3084,35,female,caucasian,slightlyhappy
3085,32,male,asian,slightlyhappy
3086,29,male,caucasian,other
3088,21,male,caucasian,neutral
3089,1,male,caucasian,neutral
3091,19,female,caucasian,slightlyhappy
3092,25,female,caucasian,slightlyhappy
3094,44,female,caucasian,slightlyhappy
3095,51,male,caucasian,slightlyhappy
3096,38,female,caucasian,slightlyhappy
3097,26,male,caucasian,neutral
3098,14,female,caucasian,slightlyhappy
3100,17,female,caucasian,slightlyhappy
3102,56,male,caucasian,slightlyhappy
3103,27,female,caucasian,other
3104,29,male,caucasian,neutral
3105,28,male,caucasian,neutral
3106,14,male,caucasian,neutral
3107,21,female,caucasian,happy
3108,43,female,caucasian,happy
3109,41,female,caucasian,slightlyhappy
3110,43,male,caucasian,neutral
3112,30,male,caucasian,slightlyhappy
3114,42,male,caucasian,happy
3115,4,female,caucasian,neutral
3116,32,male,caucasian,slightlyhappy
3117,22,male,caucasian,slightlyhappy
3118,50,male,caucasian,slightlyhappy
3121,40,male,caucasian,neutral
3122,11,female,afroamerican,happy
3125,43,male,caucasian,slightlyhappy
3126,37,male,caucasian,neutral
3127,16,female,caucasian,neutral
3128,25,male,caucasian,neutral
3129,45,female,caucasian,slightlyhappy
3130,32,male,caucasian,slightlyhappy
3131,22,male,caucasian,slightlyhappy
3132,26,female,asian,slightlyhappy
3134,33,female,caucasian,slightlyhappy
3137,2,female,caucasian,other
3138,28,male,caucasian,neutral
3139,23,female,caucasian,slightlyhappy
3140,26,female,caucasian,neutral
3141,44,male,caucasian,slightlyhappy
3142,28,female,caucasian,happy
3143,14,female,caucasian,slightlyhappy
3144,30,male,caucasian,slightlyhappy
3145,64,male,caucasian,neutral
3146,17,male,caucasian,neutral
3147,16,male,caucasian,neutral
3148,22,male,caucasian,slightlyhappy
3149,15,male,caucasian,neutral
3150,27,female,asian,slightlyhappy
3151,52,female,caucasian,neutral
3152,47,female,caucasian,happy
3155,22,female,caucasian,happy
3156,22,female,caucasian,neutral
3157,31,male,caucasian,neutral
3158,35,female,asian,slightlyhappy
3159,29,female,asian,slightlyhappy
3160,19,female,caucasian,happy
3161,28,male,caucasian,happy
3162,60,female,caucasian,happy
3163,28,female,caucasian,happy
3164,44,female,caucasian,happy
3165,13,female,caucasian,happy
3166,37,female,caucasian,happy
3167,19,male,caucasian,slightlyhappy
3168,20,female,caucasian,slightlyhappy
3169,22,male,caucasian,neutral
3170,32,male,afroamerican,other
3172,40,female,caucasian,happy
3173,15,male,caucasian,slightlyhappy
3174,24,male,caucasian,slightlyhappy
3175,31,male,caucasian,other
3176,73,male,caucasian,neutral
3177,51,male,caucasian,neutral
3178,29,female,caucasian,slightlyhappy
3179,23,female,caucasian,happy
3181,46,female,caucasian,slightlyhappy
3182,46,female,caucasian,slightlyhappy
3183,32,female,caucasian,neutral
3184,39,male,caucasian,neutral
3185,28,female,asian,happy
3186,33,male,caucasian,slightlyhappy
3188,20,female,caucasian,happy
3189,22,male,caucasian,neutral
3190,20,male,asian,neutral
3191,55,male,caucasian,slightlyhappy
3192,62,male,afroamerican,slightlyhappy
3193,26,male,caucasian,other
3194,14,female,caucasian,slightlyhappy
3195,25,male,asian,slightlyhappy
3196,16,female,caucasian,slightlyhappy
3197,45,male,caucasian,slightlyhappy
3198,28,female,caucasian,slightlyhappy
3199,19,female,afroamerican,slightlyhappy
3201,32,female,asian,slightlyhappy
3202,32,male,caucasian,slightlyhappy
3204,16,male,caucasian,slightlyhappy
3205,60,male,caucasian,slightlyhappy
3207,37,male,caucasian,neutral
3208,22,male,caucasian,other
3209,26,male,caucasian,neutral
3210,45,male,caucasian,happy
3213,18,male,caucasian,neutral
3214,54,male,caucasian,slightlyhappy
3216,28,male,caucasian,slightlyhappy
3217,25,male,caucasian,slightlyhappy
3218,32,female,caucasian,slightlyhappy
3220,63,male,caucasian,slightlyhappy
3221,18,female,caucasian,slightlyhappy
3222,47,male,caucasian,slightlyhappy
3223,18,male,caucasian,neutral
3224,17,female,caucasian,neutral
3225,34,male,caucasian,neutral
3226,47,female,asian,slightlyhappy
3227,14,female,caucasian,neutral
3228,25,male,caucasian,neutral
3229,38,female,caucasian,slightlyhappy
3230,19,female,caucasian,happy
3231,76,male,caucasian,slightlyhappy
3236,16,female,asian,happy
3237,17,female,caucasian,happy
3239,20,female,caucasian,happy
3241,41,male,caucasian,neutral
3242,34,male,caucasian,happy
3244,23,female,caucasian,happy
3245,35,female,afroamerican,neutral
3246,56,male,caucasian,slightlyhappy
3247,56,male,caucasian,neutral
3248,17,male,caucasian,neutral
3249,42,male,caucasian,slightlyhappy
3250,65,female,caucasian,happy
3251,19,male,caucasian,neutral
3252,25,female,caucasian,slightlyhappy
3254,1,male,caucasian,neutral
3255,17,male,caucasian,slightlyhappy
3256,30,male,caucasian,neutral
3257,31,male,caucasian,slightlyhappy
3260,94,female,caucasian,neutral
3261,18,male,caucasian,neutral
3262,19,male,caucasian,neutral
3265,26,male,asian,neutral
3266,24,female,asian,slightlyhappy
3267,1,male,caucasian,happy
3268,22,male,caucasian,neutral
3269,50,male,caucasian,neutral
3270,34,female,asian,neutral
3272,42,female,caucasian,slightlyhappy
3273,22,female,afroamerican,slightlyhappy
3276,38,male,caucasian,slightlyhappy
3278,52,female,caucasian,slightlyhappy
3279,89,female,caucasian,slightlyhappy
3280,4,female,caucasian,slightlyhappy
3281,55,male,caucasian,neutral
3283,28,female,caucasian,slightlyhappy
3284,15,female,caucasian,slightlyhappy
3285,44,male,caucasian,happy
3287,21,female,asian,slightlyhappy
3288,25,male,caucasian,neutral
3289,22,female,caucasian,slightlyhappy
3290,35,male,caucasian,neutral
3292,24,female,caucasian,neutral
3293,20,female,caucasian,slightlyhappy
3294,19,female,caucasian,happy
3296,22,male,caucasian,happy
3298,37,female,caucasian,other
3299,23,female,caucasian,neutral
3301,16,female,caucasian,happy
3302,36,female,caucasian,slightlyhappy
3303,30,female,caucasian,slightlyhappy
3305,26,male,asian,neutral
3306,39,female,caucasian,happy
3307,25,male,caucasian,slightlyhappy
3308,29,male,caucasian,neutral
3309,24,male,caucasian,slightlyhappy
3310,13,female,caucasian,happy
3312,18,male,caucasian,slightlyhappy
3313,26,male,caucasian,slightlyhappy
3315,31,female,caucasian,slightlyhappy
3316,61,male,caucasian,slightlyhappy
3317,22,female,caucasian,slightlyhappy
3318,28,male,caucasian,neutral
3319,38,female,caucasian,slightlyhappy
3321,28,female,caucasian,happy
3322,44,male,caucasian,other
3323,31,female,caucasian,happy
3324,24,female,caucasian,slightlyhappy
3325,18,female,caucasian,slightlyhappy
3326,39,male,caucasian,neutral
3327,41,male,caucasian,neutral
3328,22,female,caucasian,slightlyhappy
3331,36,female,asian,neutral
3332,28,male,caucasian,slightlyhappy
3333,18,female,caucasian,slightlyhappy
3335,22,female,afroamerican,neutral
3336,51,male,caucasian,neutral
3337,28,male,caucasian,happy
3338,39,male,caucasian,slightlyhappy
3339,32,female,caucasian,happy
3340,20,female,caucasian,neutral
3341,27,female,caucasian,slightlyhappy
3342,10,male,caucasian,slightlyhappy
3343,47,male,caucasian,happy
3345,16,female,asian,happy
3346,25,female,caucasian,happy
3347,21,male,caucasian,happy
3348,45,male,caucasian,other
3349,28,male,caucasian,slightlyhappy
3350,25,male,caucasian,neutral
3351,4,female,asian,neutral
3352,36,female,caucasian,happy
3353,37,male,caucasian,neutral
3354,36,male,asian,slightlyhappy
3356,15,female,caucasian,happy
3357,37,male,caucasian,slightlyhappy
3358,39,male,asian,slightlyhappy
3359,60,female,caucasian,happy
3360,59,male,caucasian,slightlyhappy
3361,38,male,caucasian,neutral
3363,25,female,caucasian,slightlyhappy
3364,17,female,caucasian,neutral
3365,42,female,caucasian,neutral
3366,16,female,caucasian,other
3367,33,female,asian,slightlyhappy
3369,14,male,asian,neutral
3370,26,female,caucasian,slightlyhappy
3372,18,male,caucasian,neutral
3373,26,male,caucasian,neutral
3374,21,female,caucasian,happy
3375,16,female,caucasian,happy
3376,30,female,caucasian,slightlyhappy
3377,13,female,caucasian,slightlyhappy
3378,21,female,caucasian,happy
3379,16,male,caucasian,happy
3380,15,male,caucasian,happy
3381,30,female,caucasian,slightlyhappy
3382,50,female,caucasian,happy
3384,29,female,asian,slightlyhappy
3385,25,female,caucasian,slightlyhappy
3386,20,female,caucasian,happy
3387,41,male,caucasian,slightlyhappy
3388,39,male,caucasian,happy
3389,61,male,caucasian,slightlyhappy
3391,64,male,caucasian,neutral
3393,25,male,caucasian,neutral
3394,36,male,caucasian,happy
3395,19,female,caucasian,happy
3398,39,female,asian,happy
3399,22,female,caucasian,other
3400,20,female,caucasian,neutral
3401,53,female,asian,neutral
3402,40,male,caucasian,slightlyhappy
3403,20,female,caucasian,neutral
3404,2,male,caucasian,neutral
3405,29,female,asian,neutral
3406,38,male,caucasian,slightlyhappy
3407,62,male,caucasian,slightlyhappy
3408,28,male,caucasian,other
3409,43,male,caucasian,neutral
3410,23,female,caucasian,slightlyhappy
3411,14,female,afroamerican,neutral
3413,17,male,asian,slightlyhappy
3414,26,female,asian,slightlyhappy
3418,38,male,caucasian,slightlyhappy
3419,27,female,caucasian,happy
3420,37,male,caucasian,slightlyhappy
3421,28,female,caucasian,slightlyhappy
3423,37,female,caucasian,slightlyhappy
3424,50,male,caucasian,neutral
3425,29,female,asian,happy
3426,38,female,caucasian,slightlyhappy
3427,15,male,asian,slightlyhappy
3430,63,male,caucasian,happy
3431,17,male,caucasian,neutral
3432,41,male,caucasian,slightlyhappy
3433,67,male,caucasian,slightlyhappy
3434,6,male,caucasian,neutral
3437,23,male,caucasian,slightlyhappy
3438,6,female,caucasian,slightlyhappy
3439,41,male,caucasian,happy
3440,23,female,caucasian,slightlyhappy
3442,32,male,caucasian,other
3443,23,male,caucasian,neutral
3444,40,female,caucasian,happy
3447,33,female,caucasian,other
3448,58,male,caucasian,happy
3449,40,male,caucasian,neutral
3451,36,male,caucasian,happy
3452,24,male,caucasian,neutral
3454,22,female,caucasian,happy
3455,19,male,caucasian,slightlyhappy
3456,33,male,asian,happy
3457,30,male,caucasian,neutral
3458,21,female,caucasian,happy
3459,46,male,caucasian,neutral
3463,18,female,asian,happy
3465,20,female,caucasian,happy
3466,38,male,caucasian,happy
3468,25,male,caucasian,slightlyhappy
3469,25,male,caucasian,neutral
3470,18,female,caucasian,happy
3471,67,male,afroamerican,other
3474,37,male,caucasian,neutral
3475,51,female,caucasian,slightlyhappy
3476,44,male,asian,neutral
3477,32,female,caucasian,other
3478,14,male,caucasian,neutral
3480,33,male,asian,slightlyhappy
3481,30,female,caucasian,slightlyhappy
3482,30,male,afroamerican,slightlyhappy
3484,71,female,caucasian,other
3486,30,male,caucasian,neutral
3487,76,male,caucasian,happy
3488,52,female,caucasian,neutral
3489,33,female,caucasian,happy
3490,47,female,caucasian,slightlyhappy
3491,30,male,caucasian,slightlyhappy
3492,14,female,caucasian,slightlyhappy
3493,55,male,asian,slightlyhappy
3494,25,male,caucasian,slightlyhappy
3495,18,female,asian,happy
3497,31,female,caucasian,happy
3498,30,female,caucasian,happy
3499,18,female,caucasian,slightlyhappy
3500,28,female,caucasian,slightlyhappy
3502,56,male,caucasian,slightlyhappy
3503,24,male,caucasian,other
3504,27,female,caucasian,happy
3506,42,male,caucasian,happy
3507,63,male,caucasian,happy
3508,32,male,caucasian,happy
3509,16,male,caucasian,happy
3510,40,male,caucasian,happy
3511,29,female,caucasian,other
3512,45,male,caucasian,neutral
3513,30,male,caucasian,happy
3514,42,male,asian,slightlyhappy
3515,46,female,caucasian,slightlyhappy
3516,31,male,caucasian,other
3517,19,female,caucasian,happy
3519,32,male,caucasian,neutral
3520,33,female,caucasian,slightlyhappy
3522,9,female,asian,happy
3523,30,female,caucasian,happy
3524,23,female,caucasian,happy
3526,27,female,caucasian,happy
3528,11,female,caucasian,happy
3529,65,male,caucasian,happy
3530,15,female,caucasian,happy
3532,77,male,caucasian,neutral
3533,34,male,caucasian,slightlyhappy
3537,24,male,caucasian,neutral
3539,16,female,caucasian,slightlyhappy
3540,29,female,asian,slightlyhappy
3541,24,male,caucasian,slightlyhappy
3544,15,female,caucasian,slightlyhappy
3545,31,female,caucasian,happy
3547,25,female,caucasian,slightlyhappy
3548,39,female,caucasian,happy
3550,50,female,caucasian,slightlyhappy
3553,16,female,caucasian,neutral
3554,45,female,caucasian,happy
3555,20,female,caucasian,happy
3556,43,female,caucasian,slightlyhappy
3559,40,female,caucasian,happy
3561,36,male,asian,neutral
3562,57,male,caucasian,slightlyhappy
3563,34,female,caucasian,slightlyhappy
3564,49,female,asian,slightlyhappy
3566,25,female,caucasian,slightlyhappy
3567,52,female,caucasian,neutral
3568,17,male,caucasian,slightlyhappy
3570,42,male,caucasian,neutral
3571,25,female,caucasian,slightlyhappy
3572,43,female,caucasian,neutral
3574,37,male,caucasian,slightlyhappy
3575,24,female,caucasian,neutral
3576,47,female,caucasian,slightlyhappy
3577,29,female,caucasian,happy
3578,47,female,asian,happy
3580,22,female,caucasian,slightlyhappy
3582,17,female,caucasian,slightlyhappy
3583,28,female,caucasian,happy
3584,32,male,caucasian,happy
3585,44,female,caucasian,slightlyhappy
3586,70,male,caucasian,neutral
3588,72,female,caucasian,slightlyhappy
3589,36,female,caucasian,neutral
3590,14,female,caucasian,happy
3591,26,male,caucasian,slightlyhappy
3592,12,male,caucasian,neutral
3594,28,male,caucasian,neutral
3595,35,male,caucasian,slightlyhappy
3596,33,female,caucasian,happy
3597,66,female,caucasian,slightlyhappy
3599,27,female,caucasian,happy
3601,15,male,caucasian,slightlyhappy
3603,40,male,caucasian,neutral
3604,51,male,caucasian,neutral
3605,18,female,caucasian,slightlyhappy
3607,4,female,caucasian,slightlyhappy
3609,51,male,caucasian,slightlyhappy
3610,45,female,caucasian,slightlyhappy
3611,29,male,caucasian,slightlyhappy
3612,84,male,caucasian,neutral
3613,20,female,caucasian,neutral
3614,46,female,caucasian,neutral
3616,15,female,caucasian,neutral
3617,22,female,caucasian,happy
3618,35,male,caucasian,slightlyhappy
3620,24,male,caucasian,neutral
3621,49,male,caucasian,neutral
3622,36,male,caucasian,neutral
3623,22,female,caucasian,slightlyhappy
3624,44,male,caucasian,slightlyhappy
3625,53,male,caucasian,neutral
3626,33,female,caucasian,neutral
3627,21,female,caucasian,slightlyhappy
3628,42,male,asian,neutral
3629,22,female,caucasian,slightlyhappy
3631,14,female,caucasian,happy
3632,17,female,afroamerican,happy
3633,25,female,asian,slightlyhappy
3634,30,female,asian,happy
3635,44,male,caucasian,slightlyhappy
3639,76,female,asian,slightlyhappy
3640,16,female,caucasian,happy
3641,12,male,caucasian,neutral
3643,46,female,caucasian,neutral
3644,3,female,caucasian,happy
3645,24,male,caucasian,other
3647,35,female,asian,happy
3648,50,male,caucasian,happy
3649,16,male,afroamerican,neutral
3650,45,female,caucasian,neutral
3652,37,male,caucasian,happy
3653,62,male,caucasian,happy
3654,32,male,caucasian,happy
3655,23,female,caucasian,happy
3656,34,female,caucasian,happy
3657,19,male,caucasian,happy
3658,47,male,caucasian,other
3660,27,female,caucasian,slightlyhappy
3661,1,female,asian,other
3662,38,male,caucasian,other
3663,47,female,asian,happy
3664,69,male,caucasian,neutral
3665,56,male,caucasian,neutral
3666,27,female,afroamerican,happy
3667,35,male,caucasian,happy
3668,74,male,caucasian,neutral
3669,41,female,caucasian,slightlyhappy
3670,24,female,caucasian,neutral
3671,58,male,caucasian,happy
3672,38,male,caucasian,neutral
3673,35,female,caucasian,slightlyhappy
3674,37,male,caucasian,slightlyhappy
3678,25,female,caucasian,neutral
3679,27,female,caucasian,slightlyhappy
3680,23,female,caucasian,happy
3681,23,male,caucasian,happy
3682,23,male,asian,neutral
3683,39,male,caucasian,slightlyhappy
3684,20,female,caucasian,neutral
3685,54,female,caucasian,neutral
3688,38,female,caucasian,slightlyhappy
3690,70,male,asian,slightlyhappy
3691,30,male,caucasian,happy
3692,41,female,caucasian,happy
3693,15,male,caucasian,neutral
3694,28,male,caucasian,slightlyhappy
3698,31,female,caucasian,happy
3699,27,male,caucasian,neutral
3700,29,female,asian,happy
3701,25,female,caucasian,happy
3702,16,female,caucasian,happy
3703,40,female,caucasian,happy
3704,24,female,caucasian,happy
3705,32,female,caucasian,slightlyhappy
3706,84,male,caucasian,neutral
3707,37,female,caucasian,happy
3708,35,female,caucasian,happy
3710,59,female,caucasian,neutral
3711,18,female,caucasian,happy
3712,18,female,caucasian,happy
3713,27,male,caucasian,happy
3714,34,male,caucasian,neutral
3715,31,male,caucasian,neutral
3716,25,female,caucasian,slightlyhappy
3717,35,male,caucasian,slightlyhappy
3720,13,male,asian,slightlyhappy
3722,30,male,caucasian,slightlyhappy
3723,28,female,caucasian,happy
3724,32,male,caucasian,slightlyhappy
3725,20,female,caucasian,happy
3726,59,male,caucasian,slightlyhappy
3727,22,female,caucasian,happy
3728,24,female,caucasian,happy
3729,25,male,caucasian,happy
3731,43,female,caucasian,happy
3732,21,female,caucasian,happy
3733,18,male,caucasian,happy
3734,24,male,caucasian,neutral
3735,38,male,caucasian,happy
3737,26,female,caucasian,happy
3738,18,female,caucasian,happy
3739,35,female,caucasian,neutral
3740,44,male,asian,neutral
3741,21,female,caucasian,happy
3743,21,male,caucasian,happy
3744,46,female,caucasian,happy
3745,25,female,asian,happy
3746,68,male,caucasian,neutral
3747,25,male,asian,happy
3748,28,male,caucasian,slightlyhappy
3749,25,male,caucasian,neutral
3750,28,male,caucasian,neutral
3751,23,female,caucasian,slightlyhappy
3752,19,female,caucasian,happy
3754,5,male,caucasian,slightlyhappy
3755,19,female,caucasian,slightlyhappy
3756,30,female,caucasian,slightlyhappy
3758,28,male,caucasian,slightlyhappy
3759,31,male,caucasian,neutral
3760,18,female,caucasian,happy
3761,38,female,caucasian,neutral
3763,27,male,caucasian,slightlyhappy
3764,24,female,caucasian,slightlyhappy
3766,23,male,caucasian,happy
3767,23,female,caucasian,happy
3772,4,male,caucasian,neutral
3773,30,female,caucasian,happy
3774,17,male,caucasian,slightlyhappy
3775,2,female,caucasian,neutral
3776,30,male,caucasian,neutral
3777,26,male,caucasian,neutral
3778,18,female,caucasian,slightlyhappy
3780,27,female,caucasian,happy
3781,29,male,caucasian,happy
3782,26,female,caucasian,happy
3783,23,male,caucasian,neutral
3784,22,female,caucasian,neutral
3786,16,female,caucasian,slightlyhappy
3789,18,male,caucasian,happy
3790,19,female,caucasian,happy
3791,43,male,caucasian,happy
3792,49,male,caucasian,neutral
3794,37,female,caucasian,happy
3795,18,male,caucasian,happy
3796,16,male,caucasian,neutral
3797,56,male,caucasian,slightlyhappy
3798,53,male,caucasian,neutral
3799,23,female,caucasian,happy
3800,30,female,caucasian,neutral
3801,28,female,caucasian,happy
3803,20,female,caucasian,neutral
3807,7,male,caucasian,happy
3808,40,female,caucasian,happy
3809,30,male,caucasian,happy
3810,51,female,caucasian,happy
3812,31,female,caucasian,slightlyhappy
3813,38,male,caucasian,slightlyhappy
3814,1,female,caucasian,slightlyhappy
3815,29,male,caucasian,neutral
3816,7,male,caucasian,slightlyhappy
3817,25,male,caucasian,neutral
3818,17,female,caucasian,neutral
3819,21,female,caucasian,slightlyhappy
3820,39,male,caucasian,happy
3821,58,male,caucasian,happy
3822,54,female,caucasian,slightlyhappy
3823,21,male,caucasian,slightlyhappy
3824,30,male,caucasian,neutral
3825,2,male,caucasian,neutral
3826,41,male,caucasian,neutral
3828,55,male,caucasian,neutral
3830,55,female,afroamerican,neutral
3831,25,female,caucasian,happy
3834,28,female,caucasian,happy
3835,1,male,caucasian,neutral
3836,48,female,caucasian,happy
3837,25,male,caucasian,slightlyhappy
3838,32,male,caucasian,other
3839,4,female,caucasian,slightlyhappy
3840,17,female,caucasian,slightlyhappy
3841,52,female,caucasian,slightlyhappy
3843,3,male,caucasian,neutral
3844,24,male,caucasian,happy
3845,30,female,caucasian,neutral
3846,19,male,asian,neutral
3848,29,female,caucasian,neutral
3849,21,male,caucasian,neutral
3850,32,female,caucasian,slightlyhappy
3851,30,female,caucasian,slightlyhappy
3852,15,female,caucasian,slightlyhappy
3853,6,female,caucasian,neutral
3854,30,female,caucasian,neutral
3855,22,male,caucasian,happy
3856,36,male,caucasian,happy
3857,32,female,caucasian,slightlyhappy
3858,18,female,caucasian,happy
3859,34,male,caucasian,other
3861,28,female,caucasian,happy
3862,77,male,caucasian,other
3863,13,male,caucasian,neutral
3864,72,male,caucasian,happy
3866,43,male,caucasian,slightlyhappy
3867,21,female,caucasian,happy
3868,41,male,caucasian,neutral
3869,38,female,caucasian,happy
3870,47,female,caucasian,neutral
3871,21,female,caucasian,happy
3872,26,female,caucasian,happy
3874,26,male,caucasian,neutral
3875,20,male,caucasian,neutral
3876,48,female,caucasian,happy
3878,27,male,caucasian,slightlyhappy
3879,35,female,caucasian,slightlyhappy
3880,1,male,caucasian,slightlyhappy
3883,49,male,caucasian,slightlyhappy
3884,49,male,caucasian,neutral
3885,47,female,caucasian,slightlyhappy
3888,28,female,caucasian,happy
3889,22,female,asian,happy
3890,23,female,caucasian,happy
3891,32,female,caucasian,happy
3892,22,female,asian,happy
3893,16,female,caucasian,happy
3894,23,male,caucasian,slightlyhappy
3896,52,female,caucasian,happy
3898,35,male,caucasian,neutral
3899,51,male,caucasian,neutral
3900,20,male,caucasian,neutral
3901,22,male,afroamerican,happy
3903,15,male,caucasian,happy
3904,25,male,caucasian,happy
3905,38,male,caucasian,other
3906,11,female,caucasian,happy
3907,23,male,caucasian,neutral
3908,27,female,caucasian,happy
3909,17,male,caucasian,slightlyhappy
3910,58,male,caucasian,neutral
3911,27,male,caucasian,neutral
3913,53,male,caucasian,neutral
3914,21,female,caucasian,happy
3916,17,female,caucasian,happy
3917,20,male,caucasian,slightlyhappy
3918,23,male,asian,neutral
3919,41,male,caucasian,slightlyhappy
3920,39,male,caucasian,slightlyhappy
3922,28,male,caucasian,happy
3924,33,male,asian,neutral
3925,1,male,caucasian,slightlyhappy
3926,16,female,caucasian,slightlyhappy
3927,30,female,caucasian,slightlyhappy
3928,17,female,caucasian,slightlyhappy
3929,29,male,caucasian,slightlyhappy
3930,35,female,caucasian,slightlyhappy
3931,27,male,caucasian,happy
3932,27,female,caucasian,happy
3933,43,male,asian,neutral
3934,19,male,caucasian,happy
3935,24,female,asian,slightlyhappy
3936,2,female,caucasian,happy
3937,15,female,caucasian,happy
3938,29,male,caucasian,slightlyhappy
3939,12,female,caucasian,other
3941,17,female,caucasian,neutral
3942,46,female,caucasian,slightlyhappy
3943,51,male,caucasian,neutral
3944,46,female,caucasian,neutral
3945,42,male,caucasian,slightlyhappy
3946,52,female,caucasian,neutral
3947,35,female,caucasian,slightlyhappy
3949,19,male,asian,neutral
3950,24,male,caucasian,neutral
3952,24,male,caucasian,other
3953,42,male,caucasian,happy
3954,15,male,caucasian,slightlyhappy
3955,38,male,caucasian,neutral
3956,27,female,caucasian,happy
3958,21,female,caucasian,happy
3959,38,female,caucasian,happy
3961,38,female,caucasian,neutral
3962,26,male,caucasian,happy
3965,22,female,caucasian,slightlyhappy
3966,24,female,caucasian,slightlyhappy
3967,42,male,caucasian,happy
3968,46,male,caucasian,happy
3969,21,female,caucasian,happy
3971,32,female,caucasian,neutral
3975,28,female,asian,happy
3976,44,male,caucasian,happy
3977,26,female,caucasian,slightlyhappy
3978,27,male,caucasian,slightlyhappy
3980,61,male,asian,neutral
3981,19,female,asian,happy
3982,38,male,caucasian,slightlyhappy
3985,39,male,caucasian,slightlyhappy
3986,24,female,caucasian,happy
3987,23,male,caucasian,slightlyhappy
3988,51,female,caucasian,slightlyhappy
3991,44,male,caucasian,neutral
3992,34,female,caucasian,slightlyhappy
3993,47,male,caucasian,slightlyhappy
3995,15,male,caucasian,slightlyhappy
3996,70,male,caucasian,neutral
3997,34,female,caucasian,slightlyhappy
3998,15,male,caucasian,neutral
3999,34,female,asian,happy
4000,20,male,asian,neutral
4001,12,female,caucasian,happy
4002,14,female,caucasian,happy
4003,25,female,asian,happy
4006,28,male,caucasian,neutral
4007,32,male,asian,happy
4008,20,female,caucasian,slightlyhappy
4009,44,female,asian,slightlyhappy
4010,23,female,caucasian,slightlyhappy
4011,15,female,asian,happy
4012,26,female,caucasian,slightlyhappy
4013,39,male,caucasian,slightlyhappy
4014,22,female,asian,slightlyhappy
4015,19,female,caucasian,slightlyhappy
4016,27,male,caucasian,slightlyhappy
4017,41,male,caucasian,neutral
4018,30,male,caucasian,neutral
4020,30,female,caucasian,happy
4021,32,female,caucasian,happy
4022,28,male,caucasian,happy
4023,37,male,caucasian,slightlyhappy
4024,27,male,caucasian,slightlyhappy
4026,50,male,caucasian,neutral
4027,40,female,caucasian,slightlyhappy
4028,30,female,afroamerican,slightlyhappy
4029,58,male,caucasian,slightlyhappy
4030,24,female,asian,neutral
4031,33,female,caucasian,slightlyhappy
4033,33,female,afroamerican,slightlyhappy
4035,25,male,caucasian,happy
4036,23,female,caucasian,slightlyhappy
4037,23,female,asian,happy
4040,56,male,caucasian,slightlyhappy
4041,23,male,afroamerican,other
4043,22,male,caucasian,neutral
4045,15,male,caucasian,slightlyhappy
4046,27,male,caucasian,happy
4047,24,female,caucasian,slightlyhappy
4048,20,female,asian,slightlyhappy
4050,65,male,caucasian,happy
4051,16,male,caucasian,neutral
4052,38,female,caucasian,happy
4053,64,male,caucasian,happy
4054,50,male,caucasian,neutral
4055,22,male,afroamerican,other
4056,48,male,caucasian,neutral
4058,17,female,asian,happy
4059,38,male,caucasian,neutral
4060,29,female,caucasian,slightlyhappy
4061,33,female,afroamerican,slightlyhappy
4063,47,male,caucasian,slightlyhappy
4065,61,male,caucasian,happy
4066,14,female,caucasian,happy
4067,34,female,caucasian,happy
4068,24,male,caucasian,slightlyhappy
4069,27,female,caucasian,happy
4070,15,male,caucasian,slightlyhappy
4072,31,female,caucasian,slightlyhappy
4073,26,female,caucasian,slightlyhappy
4074,16,male,asian,neutral
4076,28,male,asian,slightlyhappy
4077,12,female,caucasian,slightlyhappy
4078,38,male,caucasian,neutral
4081,33,male,caucasian,neutral
4082,37,male,caucasian,neutral
4083,19,female,caucasian,neutral
4085,29,male,asian,neutral
4086,29,female,caucasian,happy
4087,26,male,caucasian,neutral
4088,12,male,caucasian,neutral
4089,22,female,caucasian,neutral
4090,32,male,caucasian,slightlyhappy
4091,47,female,caucasian,slightlyhappy
4092,21,male,caucasian,happy
4093,59,male,caucasian,neutral
4094,19,male,caucasian,happy
4095,20,female,caucasian,happy
4096,5,female,asian,happy
4098,37,male,caucasian,slightlyhappy
4099,19,female,caucasian,slightlyhappy
4100,40,male,caucasian,other
4101,22,female,caucasian,happy
4103,56,male,caucasian,slightlyhappy
4106,41,female,caucasian,happy
4107,36,male,caucasian,neutral
4108,41,male,caucasian,happy
4109,53,male,caucasian,happy
4110,35,male,caucasian,neutral
4111,28,male,caucasian,neutral
