imageId,split,age,gender,ethnicity,emotion,image_path,load_error,lap_var,tenengrad,face_found,face_area_ratio,roi_lap_var,roi_tenengrad,jpeg_blockiness,artifact_score,niqe,brisque,black_bar_score,black_bar_area_ratio,black_bar_span_ratio,black_bar_solid,black_bar_count,drop_reasons,keep,badness_score,drop_reasons_str
1,train,18,female,caucasian,neutral,/home/fox/Desktop/Projects/Amrita RLHF/Diffusion_RL_Abi/datasets/appa-real-dataset_v2/train_data/000001.jpg,False,175.1922149658203,42.110721588134766,True,0.001216724537037037,2.565624952316284,18.852710723876953,0.40227246284484863,0.00955273237126057,4.086845965587844,10.1864013671875,0.09619444444444446,0.06865017361111111,0.8097222222222222,False,1,"['roi_blur_tenengrad', 'roi_blur_laplacian', 'worst_quality_percentile']",False,0.7335001976024238,roi_blur_tenengrad;roi_blur_laplacian;worst_quality_percentile
4,train,17,female,caucasian,slightlyhappy,/home/fox/Desktop/Projects/Amrita RLHF/Diffusion_RL_Abi/datasets/appa-real-dataset_v2/train_data/000004.jpg,False,2429.135986328125,108.03813934326172,True,0.16251171508903467,133.79859924316406,62.93502426147461,0.9492502212524414,0.008786251024281405,6.238016102687164,62.95538330078125,0.0,0.0,0.0,False,0,['worst_quality_percentile'],False,0.690065302896287,worst_quality_percentile
19,train,16,female,caucasian,happy,/home/fox/Desktop/Projects/Amrita RLHF/Diffusion_RL_Abi/datasets/appa-real-dataset_v2/train_data/000019.jpg,False,443.4884033203125,70.22393798828125,True,0.16735537190082644,72.94429016113281,59.396217346191406,1.5834693908691406,0.022548854616847754,7.277266170678281,58.393310546875,0.0,0.0,0.0,False,0,['worst_quality_percentile'],False,0.7572689463085984,worst_quality_percentile
20,train,29,female,caucasian,other,/home/fox/Desktop/Projects/Amrita RLHF/Diffusion_RL_Abi/datasets/appa-real-dataset_v2/train_data/000020.jpg,False,419.123779296875,74.91089630126953,True,0.020092942150410107,19.34347915649414,36.60676193237305,0.3810539245605469,0.005086762250731832,6.119450392651479,52.48577880859375,0.0,0.0,0.0,False,0,['worst_quality_percentile'],False,0.7657564408980561,worst_quality_percentile
29,train,13,female,asian,slightlyhappy,/home/fox/Desktop/Projects/Amrita RLHF/Diffusion_RL_Abi/datasets/appa-real-dataset_v2/train_data/000029.jpg,False,166.5662841796875,45.211090087890625,True,0.20095124851367419,57.823673248291016,48.468116760253906,0.5437626838684082,0.01202719666312256,8.267271576404998,51.286376953125,0.0,0.0,0.0,False,0,['worst_quality_percentile'],False,0.7797768033573593,worst_quality_percentile
31,train,28,male,caucasian,slightlyhappy,/home/fox/Desktop/Projects/Amrita RLHF/Diffusion_RL_Abi/datasets/appa-real-dataset_v2/train_data/000031.jpg,False,68.37572479248047,28.282928466796875,True,0.23671497584541062,91.5961685180664,46.332176208496094,0.056601762771606445,0.0020012694525881713,7.771305919577327,62.4180908203125,0.0,0.0,0.0,False,0,['worst_quality_percentile'],False,0.6778892297269322,worst_quality_percentile
32,train,27,male,caucasian,other,/home/fox/Desktop/Projects/Amrita RLHF/Diffusion_RL_Abi/datasets/appa-real-dataset_v2/train_data/000032.jpg,False,272.04791259765625,45.76473617553711,True,0.04243730407523511,23.218830108642578,46.46873092651367,0.12265515327453613,0.0026801236245294056,6.272399028465354,43.93023681640625,0.0,0.0,0.0,False,0,['worst_quality_percentile'],False,0.6659766264561418,worst_quality_percentile
34,train,4,male,caucasian,slightlyhappy,/home/fox/Desktop/Projects/Amrita RLHF/Diffusion_RL_Abi/datasets/appa-real-dataset_v2/train_data/000034.jpg,False,225.43899536132812,54.189918518066406,True,0.225756234547175,65.84036254882812,44.9489631652832,0.2816028594970703,0.005196591211086531,7.639674190685593,56.41876220703125,0.0,0.0,0.0,False,0,['worst_quality_percentile'],False,0.7486873553267968,worst_quality_percentile
37,train,31,male,caucasian,slightlyhappy,/home/fox/Desktop/Projects/Amrita RLHF/Diffusion_RL_Abi/datasets/appa-real-dataset_v2/train_data/000037.jpg,False,262.4432067871094,44.29719161987305,True,0.16481995884773662,131.38572692871094,42.550743103027344,0.1441357135772705,0.0032538340479980423,5.655129659334638,43.09368896484375,0.0,0.0,0.0,False,0,['worst_quality_percentile'],False,0.6333628168696012,worst_quality_percentile
39,train,4,male,caucasian,other,/home/fox/Desktop/Projects/Amrita RLHF/Diffusion_RL_Abi/datasets/appa-real-dataset_v2/train_data/000039.jpg,False,835.5805053710938,70.30996704101562,True,0.20111063875013285,65.9653549194336,28.528715133666992,-0.10210371017456055,-0.0014521939494411078,6.8565757306489425,56.6376953125,0.0,0.0,0.0,False,0,['worst_quality_percentile'],False,0.6409469860925532,worst_quality_percentile
44,train,8,female,caucasian,other,/home/fox/Desktop/Projects/Amrita RLHF/Diffusion_RL_Abi/datasets/appa-real-dataset_v2/train_data/000044.jpg,False,153.0015411376953,27.998550415039062,True,0.07130208333333334,400.3327331542969,40.20681381225586,0.3569309711456299,0.012748194213858827,5.084904136599176,11.376220703125,0.1,0.15206705729166667,1.0,False,1,['worst_quality_percentile'],False,0.6430359260025972,worst_quality_percentile
45,train,20,male,caucasian,slightlyhappy,/home/fox/Desktop/Projects/Amrita RLHF/Diffusion_RL_Abi/datasets/appa-real-dataset_v2/train_data/000045.jpg,False,322.05511474609375,50.05135726928711,True,0.08053323593864134,42.54448318481445,51.55575180053711,0.3677525520324707,0.00734750393893174,6.789190685348677,47.175048828125,0.0,0.0,0.0,False,0,['worst_quality_percentile'],False,0.7208160039144099,worst_quality_percentile
48,train,40,female,caucasian,neutral,/home/fox/Desktop/Projects/Amrita RLHF/Diffusion_RL_Abi/datasets/appa-real-dataset_v2/train_data/000048.jpg,False,159.89602661132812,42.164398193359375,True,0.18727129715126023,52.71034622192383,39.894256591796875,0.4651670455932617,0.0110322227872874,7.017710931839598,50.4998779296875,0.0,0.0,0.0,False,0,['worst_quality_percentile'],False,0.7874362496941867,worst_quality_percentile
55,train,23,male,asian,slightlyhappy,/home/fox/Desktop/Projects/Amrita RLHF/Diffusion_RL_Abi/datasets/appa-real-dataset_v2/train_data/000055.jpg,False,89.67848205566406,22.95878028869629,True,0.16773763020833332,130.58070373535156,46.574405670166016,0.32131195068359375,0.013995165799231296,5.187229814978953,29.0732421875,0.0,0.0,0.0,False,0,['worst_quality_percentile'],False,0.6539511075145379,worst_quality_percentile
57,train,7,female,caucasian,slightlyhappy,/home/fox/Desktop/Projects/Amrita RLHF/Diffusion_RL_Abi/datasets/appa-real-dataset_v2/train_data/000057.jpg,False,471.8307189941406,63.093875885009766,True,0.14355156051078277,63.00621032714844,44.372169494628906,0.030223369598388672,0.00047902222989833947,7.143059728272882,58.63714599609375,0.0,0.0,0.0,False,0,['worst_quality_percentile'],False,0.6608013248772042,worst_quality_percentile
60,train,28,female,caucasian,neutral,/home/fox/Desktop/Projects/Amrita RLHF/Diffusion_RL_Abi/datasets/appa-real-dataset_v2/train_data/000060.jpg,False,128.749267578125,55.3050651550293,True,0.10967366489099781,24.85755157470703,45.50917053222656,0.23598957061767578,0.004267051592636338,7.519312036858117,58.68597412109375,0.0,0.0,0.0,False,0,['worst_quality_percentile'],False,0.7535427291717635,worst_quality_percentile
62,train,10,female,caucasian,slightlyhappy,/home/fox/Desktop/Projects/Amrita RLHF/Diffusion_RL_Abi/datasets/appa-real-dataset_v2/train_data/000062.jpg,False,474.01104736328125,82.92533874511719,True,0.06342935528120713,16.93824005126953,47.3072624206543,-0.07034921646118164,-0.0008483440246058678,7.664448095238699,62.15875244140625,0.0,0.0,0.0,False,0,['worst_quality_percentile'],False,0.6502625289346406,worst_quality_percentile
68,train,5,male,caucasian,slightlyhappy,/home/fox/Desktop/Projects/Amrita RLHF/Diffusion_RL_Abi/datasets/appa-real-dataset_v2/train_data/000068.jpg,False,64.04920959472656,35.45069885253906,True,0.27178185575346464,57.3925895690918,46.05705261230469,-0.04630088806152344,-0.0013060641469453886,7.576125510806355,56.4566650390625,0.0,0.0,0.0,False,0,['worst_quality_percentile'],False,0.6278487682782242,worst_quality_percentile
79,train,2,female,asian,neutral,/home/fox/Desktop/Projects/Amrita RLHF/Diffusion_RL_Abi/datasets/appa-real-dataset_v2/train_data/000079.jpg,False,571.1976318359375,64.50959777832031,True,0.20199469763918698,152.7567596435547,61.46400451660156,0.42545509338378906,0.006595221508752763,6.872015287009316,52.754638671875,0.0,0.0,0.0,False,0,['worst_quality_percentile'],False,0.6616105538513654,worst_quality_percentile
87,train,29,male,caucasian,other,/home/fox/Desktop/Projects/Amrita RLHF/Diffusion_RL_Abi/datasets/appa-real-dataset_v2/train_data/000087.jpg,False,229.23561096191406,52.695499420166016,True,0.21084964598084133,75.80032348632812,50.97959899902344,0.17543458938598633,0.0033292138415455556,6.2438122357750085,48.41473388671875,0.2,0.04971886713869221,1.0,False,3,['worst_quality_percentile'],False,0.7240152812541167,worst_quality_percentile
98,train,24,female,caucasian,happy,/home/fox/Desktop/Projects/Amrita RLHF/Diffusion_RL_Abi/datasets/appa-real-dataset_v2/train_data/000098.jpg,False,148.1354217529297,33.42155838012695,True,0.1461762764084507,107.19853210449219,36.8946647644043,0.4169764518737793,0.012476271592573291,5.919261834764102,34.6322021484375,0.0,0.0,0.0,False,0,['worst_quality_percentile'],False,0.7244857632158384,worst_quality_percentile
102,train,41,male,caucasian,slightlyhappy,/home/fox/Desktop/Projects/Amrita RLHF/Diffusion_RL_Abi/datasets/appa-real-dataset_v2/train_data/000102.jpg,False,2041.611572265625,81.64532470703125,True,0.03808624488511174,116.41485595703125,72.40234375,0.9835987091064453,0.012047213978126593,5.886947029108522,41.83587646484375,0.0,0.0,0.0,False,0,['worst_quality_percentile'],False,0.6440709863183846,worst_quality_percentile
108,train,38,female,caucasian,other,/home/fox/Desktop/Projects/Amrita RLHF/Diffusion_RL_Abi/datasets/appa-real-dataset_v2/train_data/000108.jpg,False,268.7779541015625,48.953338623046875,True,0.026210501105898596,14.552392959594727,25.546733856201172,0.2556276321411133,0.005221862984415585,5.09070472675981,33.26434326171875,0.46885521885521886,0.14348858177310062,0.6885521885521886,True,1,"['roi_blur_laplacian', 'worst_quality_percentile']",False,0.7966012383085233,roi_blur_laplacian;worst_quality_percentile
114,train,36,male,caucasian,neutral,/home/fox/Desktop/Projects/Amrita RLHF/Diffusion_RL_Abi/datasets/appa-real-dataset_v2/train_data/000114.jpg,False,63.8687629699707,29.262250900268555,True,0.20952704616256018,66.57589721679688,38.90298843383789,0.138824462890625,0.004744148309698302,6.744223462693413,52.61907958984375,0.0,0.0,0.0,False,0,['worst_quality_percentile'],False,0.7175979072962342,worst_quality_percentile
120,train,70,male,caucasian,slightlyhappy,/home/fox/Desktop/Projects/Amrita RLHF/Diffusion_RL_Abi/datasets/appa-real-dataset_v2/train_data/000120.jpg,False,173.1497344970703,51.52217102050781,True,0.1453515625,54.97132873535156,49.832672119140625,0.8424663543701172,0.01635153025060324,7.8161094474579045,59.23028564453125,0.0,0.0,0.0,False,0,['worst_quality_percentile'],False,0.8007226602932043,worst_quality_percentile
128,train,26,female,caucasian,slightlyhappy,/home/fox/Desktop/Projects/Amrita RLHF/Diffusion_RL_Abi/datasets/appa-real-dataset_v2/train_data/000128.jpg,False,80.00279998779297,47.58760452270508,True,0.28560309433260617,55.1036376953125,41.03908157348633,-0.11197900772094727,-0.0023531128849826172,8.716867183424611,58.59033203125,0.0,0.0,0.0,False,0,['worst_quality_percentile'],False,0.6334004554265389,worst_quality_percentile
129,train,16,male,caucasian,neutral,/home/fox/Desktop/Projects/Amrita RLHF/Diffusion_RL_Abi/datasets/appa-real-dataset_v2/train_data/000129.jpg,False,207.44078063964844,34.144744873046875,True,0.15292905964233325,35.10548400878906,37.37724685668945,-0.07023501396179199,-0.0020569786702449586,7.402894171671257,59.208984375,0.09452513966480447,0.06535376548796853,0.7262569832402235,False,1,['worst_quality_percentile'],False,0.7225850160904831,worst_quality_percentile
143,train,4,female,caucasian,slightlyhappy,/home/fox/Desktop/Projects/Amrita RLHF/Diffusion_RL_Abi/datasets/appa-real-dataset_v2/train_data/000143.jpg,False,563.3767700195312,90.13050842285156,True,0.1471856334796883,35.229331970214844,45.4006233215332,0.32321929931640625,0.003586125290826967,7.188210839598228,55.40216064453125,0.0,0.0,0.0,False,0,['worst_quality_percentile'],False,0.7430792103430753,worst_quality_percentile
144,train,23,male,caucasian,neutral,/home/fox/Desktop/Projects/Amrita RLHF/Diffusion_RL_Abi/datasets/appa-real-dataset_v2/train_data/000144.jpg,False,101.33219909667969,43.2305908203125,True,0.2396918402777778,38.12350082397461,39.57798767089844,-0.06829237937927246,-0.0015797234436005184,7.856805684007707,59.07501220703125,0.0,0.0,0.0,False,0,['worst_quality_percentile'],False,0.6580537102207502,worst_quality_percentile
145,train,30,male,caucasian,neutral,/home/fox/Desktop/Projects/Amrita RLHF/Diffusion_RL_Abi/datasets/appa-real-dataset_v2/train_data/000145.jpg,False,165.6066436767578,37.72519302368164,True,0.015552,4.65923547744751,11.4064359664917,-0.11828398704528809,-0.003135410966237481,4.4387694458140095,27.14678955078125,0.0,0.0,0.0,False,0,"['roi_blur_tenengrad', 'roi_blur_laplacian']",False,0.5463801117865141,roi_blur_tenengrad;roi_blur_laplacian
149,train,52,male,caucasian,slightlyhappy,/home/fox/Desktop/Projects/Amrita RLHF/Diffusion_RL_Abi/datasets/appa-real-dataset_v2/train_data/000149.jpg,False,487.6375732421875,44.200618743896484,True,0.004355227882037534,33.90245056152344,39.39657211303711,0.5585284233093262,0.012636212490809057,3.4893384740854563,22.77880859375,0.0,0.0,0.0,False,0,['worst_quality_percentile'],False,0.6516739748198054,worst_quality_percentile
166,train,31,female,caucasian,happy,/home/fox/Desktop/Projects/Amrita RLHF/Diffusion_RL_Abi/datasets/appa-real-dataset_v2/train_data/000166.jpg,False,262.1455078125,42.599910736083984,True,0.13285355648535566,229.84104919433594,49.572303771972656,0.3079342842102051,0.007228519301117972,3.8493493828827674,8.67803955078125,0.9928750000000001,0.043172594142259414,0.964375,True,3,['black_bars_score'],False,0.5791068370438678,black_bars_score
168,train,24,female,asian,happy,/home/fox/Desktop/Projects/Amrita RLHF/Diffusion_RL_Abi/datasets/appa-real-dataset_v2/train_data/000168.jpg,False,410.43499755859375,43.29600143432617,True,0.2066115702479339,299.5333557128906,65.48599243164062,0.046645164489746094,0.0010773549950829785,6.726020938109666,60.15673828125,0.5,0.3520546769996282,1.0,True,1,['black_bars_area'],False,0.6106573573969174,black_bars_area
173,train,28,female,asian,happy,/home/fox/Desktop/Projects/Amrita RLHF/Diffusion_RL_Abi/datasets/appa-real-dataset_v2/train_data/000173.jpg,False,19.516063690185547,32.587646484375,True,0.37720875441750884,24.474803924560547,38.46334457397461,0.06198549270629883,0.0019021162155390136,9.524236314110665,69.45654296875,0.0,0.0,0.0,False,0,['worst_quality_percentile'],False,0.7399175715603062,worst_quality_percentile
174,train,52,female,caucasian,slightlyhappy,/home/fox/Desktop/Projects/Amrita RLHF/Diffusion_RL_Abi/datasets/appa-real-dataset_v2/train_data/000174.jpg,False,65.11028289794922,23.631677627563477,True,0.25840277777777776,130.5609130859375,44.690250396728516,0.15346646308898926,0.006494099107711684,6.379000541414492,38.26263427734375,0.0,0.0,0.0,False,0,['worst_quality_percentile'],False,0.657507951145153,worst_quality_percentile
179,train,27,female,caucasian,slightlyhappy,/home/fox/Desktop/Projects/Amrita RLHF/Diffusion_RL_Abi/datasets/appa-real-dataset_v2/train_data/000179.jpg,False,242.1898956298828,45.997093200683594,True,0.0073913136775245695,6.803712844848633,24.713661193847656,0.46787571907043457,0.01017185383557297,4.387505066373745,36.24212646484375,0.0,0.0,0.0,False,0,"['roi_blur_laplacian', 'worst_quality_percentile']",False,0.744227186329676,roi_blur_laplacian;worst_quality_percentile
181,train,14,female,asian,slightlyhappy,/home/fox/Desktop/Projects/Amrita RLHF/Diffusion_RL_Abi/datasets/appa-real-dataset_v2/train_data/000181.jpg,False,184.2884521484375,32.83787536621094,False,0.0,61.286399841308594,29.70328140258789,0.15380239486694336,0.004683688833946669,6.2760800288540155,36.58551025390625,0.0,0.0,0.0,False,0,['worst_quality_percentile'],False,0.7001336168771289,worst_quality_percentile
184,train,33,male,caucasian,neutral,/home/fox/Desktop/Projects/Amrita RLHF/Diffusion_RL_Abi/datasets/appa-real-dataset_v2/train_data/000184.jpg,False,80.2113037109375,21.57667350769043,True,0.24424533333333334,127.41598510742188,37.48106384277344,0.3581089973449707,0.016597043127166436,5.487126949322192,18.81597900390625,0.0,0.0,0.0,False,0,['worst_quality_percentile'],False,0.6696463857575701,worst_quality_percentile
187,train,8,male,caucasian,happy,/home/fox/Desktop/Projects/Amrita RLHF/Diffusion_RL_Abi/datasets/appa-real-dataset_v2/train_data/000187.jpg,False,760.17431640625,91.89739227294922,True,0.12017777777777777,78.45233154296875,59.277549743652344,0.49466896057128906,0.005382839958278763,7.291130239170514,56.29241943359375,0.0892,0.0436,0.46,False,1,['worst_quality_percentile'],False,0.7677512844157555,worst_quality_percentile
189,train,46,female,caucasian,slightlyhappy,/home/fox/Desktop/Projects/Amrita RLHF/Diffusion_RL_Abi/datasets/appa-real-dataset_v2/train_data/000189.jpg,False,176.5186767578125,30.893901824951172,True,0.12432858621199429,117.92581176757812,38.57585525512695,0.9628961086273193,0.03116783638775627,5.456363318826338,27.21612548828125,0.0,0.0,0.0,False,0,['worst_quality_percentile'],False,0.7164687505881024,worst_quality_percentile
192,train,6,male,caucasian,happy,/home/fox/Desktop/Projects/Amrita RLHF/Diffusion_RL_Abi/datasets/appa-real-dataset_v2/train_data/000192.jpg,False,428.1812438964844,81.67041015625,True,0.026655560183256977,9.15202808380127,34.01288604736328,-0.10051298141479492,-0.0012307147716263574,4.796512348988208,36.28985595703125,0.0,0.0,0.0,False,0,['roi_blur_laplacian'],False,0.578768090031428,roi_blur_laplacian
202,train,16,female,asian,slightlyhappy,/home/fox/Desktop/Projects/Amrita RLHF/Diffusion_RL_Abi/datasets/appa-real-dataset_v2/train_data/000202.jpg,False,251.52093505859375,51.932655334472656,True,0.1997440779001904,85.52803039550781,48.839351654052734,0.3245506286621094,0.006249451724014244,6.987908773848432,43.362548828125,0.09586592178770952,0.0407602758965076,0.7932960893854749,False,2,['worst_quality_percentile'],False,0.7700472363889569,worst_quality_percentile
208,train,18,male,caucasian,happy,/home/fox/Desktop/Projects/Amrita RLHF/Diffusion_RL_Abi/datasets/appa-real-dataset_v2/train_data/000208.jpg,False,17.178987503051758,21.12652015686035,True,0.38450555359824956,28.790260314941406,27.19452476501465,0.005099296569824219,0.00024136943948144246,8.293399403531005,62.2232666015625,0.46683417085427137,0.08700328209312244,0.6683417085427136,True,1,['worst_quality_percentile'],False,0.8028680580386548,worst_quality_percentile
212,train,15,female,caucasian,slightlyhappy,/home/fox/Desktop/Projects/Amrita RLHF/Diffusion_RL_Abi/datasets/appa-real-dataset_v2/train_data/000212.jpg,False,263.42352294921875,39.997066497802734,True,0.0027376302083333332,2.0707027912139893,12.667596817016602,0.22338175773620605,0.005584953390607391,5.089956261330512,16.16339111328125,0.0,0.0,0.0,False,0,"['roi_blur_tenengrad', 'roi_blur_laplacian', 'worst_quality_percentile']",False,0.6818789167623314,roi_blur_tenengrad;roi_blur_laplacian;worst_quality_percentile
213,train,15,female,caucasian,other,/home/fox/Desktop/Projects/Amrita RLHF/Diffusion_RL_Abi/datasets/appa-real-dataset_v2/train_data/000213.jpg,False,146.3093719482422,26.655925750732422,True,0.14694444444444443,88.20248413085938,34.79560089111328,0.1256413459777832,0.004713448800812411,5.533364103157836,31.029541015625,0.0,0.0,0.0,False,0,['worst_quality_percentile'],False,0.6533300713250654,worst_quality_percentile
216,train,49,female,caucasian,neutral,/home/fox/Desktop/Projects/Amrita RLHF/Diffusion_RL_Abi/datasets/appa-real-dataset_v2/train_data/000216.jpg,False,133.8621063232422,35.95197296142578,True,0.10886385484819354,23.365373611450195,37.28221130371094,0.2900252342224121,0.008067018365489223,5.971411579874627,43.5567626953125,0.0,0.0,0.0,False,0,['worst_quality_percentile'],False,0.7490261023392363,worst_quality_percentile
220,train,24,female,caucasian,neutral,/home/fox/Desktop/Projects/Amrita RLHF/Diffusion_RL_Abi/datasets/appa-real-dataset_v2/train_data/000220.jpg,False,167.68862915039062,39.59257888793945,True,0.31406684027777776,104.97179412841797,44.47982406616211,0.19070911407470703,0.004816789272496996,5.716417415254327,33.40869140625,0.45069444444444445,0.03341254340277778,0.5069444444444444,True,3,['worst_quality_percentile'],False,0.7201385098895309,worst_quality_percentile
221,train,41,female,caucasian,slightlyhappy,/home/fox/Desktop/Projects/Amrita RLHF/Diffusion_RL_Abi/datasets/appa-real-dataset_v2/train_data/000221.jpg,False,958.5195922851562,73.83028411865234,True,0.014498659517426274,27.190980911254883,46.537445068359375,0.6570758819580078,0.008899815040698054,3.803292800422446,20.1348876953125,0.0,0.0,0.0,False,0,['worst_quality_percentile'],False,0.6303140937576452,worst_quality_percentile
227,train,30,male,caucasian,slightlyhappy,/home/fox/Desktop/Projects/Amrita RLHF/Diffusion_RL_Abi/datasets/appa-real-dataset_v2/train_data/000227.jpg,False,284.73931884765625,71.11546325683594,True,0.0634578404521881,9.215612411499023,36.00337219238281,0.011734485626220703,0.00016500610308668178,7.792852858258808,61.33099365234375,0.0,0.0,0.0,False,0,"['roi_blur_laplacian', 'worst_quality_percentile']",False,0.7149067504751868,roi_blur_laplacian;worst_quality_percentile
239,train,30,female,caucasian,happy,/home/fox/Desktop/Projects/Amrita RLHF/Diffusion_RL_Abi/datasets/appa-real-dataset_v2/train_data/000239.jpg,False,48.60491180419922,36.20566940307617,True,0.13338461538461538,28.980974197387695,39.02239227294922,-0.08133530616760254,-0.0022464797713203505,7.753551028630459,55.72222900390625,0.0,0.0,0.0,False,0,['worst_quality_percentile'],False,0.648418239644692,worst_quality_percentile
241,train,30,male,caucasian,slightlyhappy,/home/fox/Desktop/Projects/Amrita RLHF/Diffusion_RL_Abi/datasets/appa-real-dataset_v2/train_data/000241.jpg,False,37.467254638671875,25.9176082611084,True,0.1648852157943067,11.300232887268066,22.711729049682617,-0.05180621147155762,-0.001998880797593368,8.682779149972157,62.52862548828125,0.0884848484848485,0.03522497704315886,0.42424242424242425,False,1,"['roi_blur_laplacian', 'worst_quality_percentile']",False,0.7632252479439937,roi_blur_laplacian;worst_quality_percentile
242,train,30,female,caucasian,happy,/home/fox/Desktop/Projects/Amrita RLHF/Diffusion_RL_Abi/datasets/appa-real-dataset_v2/train_data/000242.jpg,False,184.7850799560547,60.91075134277344,True,0.21712672349990406,96.34375,61.33161163330078,0.2212672233581543,0.0036326463694452437,7.79268459370998,54.79815673828125,0.08795811518324609,0.04295386639620624,0.39790575916230364,False,1,['worst_quality_percentile'],False,0.7199314978263732,worst_quality_percentile
243,train,17,female,caucasian,slightlyhappy,/home/fox/Desktop/Projects/Amrita RLHF/Diffusion_RL_Abi/datasets/appa-real-dataset_v2/train_data/000243.jpg,False,171.41383361816406,40.19660186767578,True,0.0009013333333333333,1.8118749856948853,10.738333702087402,0.021530866622924805,0.000535638961675513,5.168421149237384,8.7332763671875,0.0,0.0,0.0,False,0,"['roi_blur_tenengrad', 'roi_blur_laplacian']",False,0.5807252949921899,roi_blur_tenengrad;roi_blur_laplacian
245,train,32,female,afroamerican,neutral,/home/fox/Desktop/Projects/Amrita RLHF/Diffusion_RL_Abi/datasets/appa-real-dataset_v2/train_data/000245.jpg,False,1122.3671875,52.72308349609375,True,0.227984741498255,177.62889099121094,55.583702087402344,0.3325214385986328,0.006306942049706317,6.406956627024028,47.08685302734375,0.0,0.0,0.0,False,0,['worst_quality_percentile'],False,0.643468769407381,worst_quality_percentile
248,train,15,male,caucasian,neutral,/home/fox/Desktop/Projects/Amrita RLHF/Diffusion_RL_Abi/datasets/appa-real-dataset_v2/train_data/000248.jpg,False,491.7984619140625,44.16708755493164,True,0.08355712890625,89.54750061035156,60.081275939941406,2.8776676654815674,0.0651541172314889,5.555965242012032,46.45599365234375,0.491015625,0.202392578125,0.91015625,True,1,"['jpeg_blockiness', 'black_bars_area', 'worst_quality_percentile']",False,0.7780642490166928,jpeg_blockiness;black_bars_area;worst_quality_percentile
251,train,1,female,caucasian,neutral,/home/fox/Desktop/Projects/Amrita RLHF/Diffusion_RL_Abi/datasets/appa-real-dataset_v2/train_data/000251.jpg,False,432.26629638671875,56.579383850097656,True,0.19866122448979592,165.42803955078125,50.90534973144531,0.09324169158935547,0.0016479799459890123,6.6138702137109515,49.17779541015625,0.08902857142857144,0.04166530612244898,0.4514285714285714,False,1,['worst_quality_percentile'],False,0.661384722509739,worst_quality_percentile
257,train,13,male,asian,neutral,/home/fox/Desktop/Projects/Amrita RLHF/Diffusion_RL_Abi/datasets/appa-real-dataset_v2/train_data/000257.jpg,False,443.9959716796875,73.7340087890625,True,0.1568982965086861,58.39006423950195,45.941043853759766,0.334775447845459,0.004540312520683212,8.202774347959757,53.2099609375,0.0,0.0,0.0,False,0,['worst_quality_percentile'],False,0.7473888251124451,worst_quality_percentile
258,train,7,male,caucasian,neutral,/home/fox/Desktop/Projects/Amrita RLHF/Diffusion_RL_Abi/datasets/appa-real-dataset_v2/train_data/000258.jpg,False,101.88717651367188,32.550785064697266,True,0.00710093896713615,2.4702343940734863,13.890336990356445,-0.2259511947631836,-0.006941497336318936,5.700581836557915,23.5103759765625,0.0,0.0,0.0,False,0,"['roi_blur_tenengrad', 'roi_blur_laplacian']",False,0.5388147618420309,roi_blur_tenengrad;roi_blur_laplacian
261,train,27,female,caucasian,other,/home/fox/Desktop/Projects/Amrita RLHF/Diffusion_RL_Abi/datasets/appa-real-dataset_v2/train_data/000261.jpg,False,263.7984924316406,44.53785705566406,True,0.09516194051057024,59.57174301147461,39.835296630859375,0.7080705165863037,0.015898171746412837,4.927597542909904,21.9971923828125,0.0,0.0,0.0,False,0,['worst_quality_percentile'],False,0.697649472119239,worst_quality_percentile
263,train,30,male,caucasian,neutral,/home/fox/Desktop/Projects/Amrita RLHF/Diffusion_RL_Abi/datasets/appa-real-dataset_v2/train_data/000263.jpg,False,113.87811279296875,41.96714782714844,True,0.15807809551458848,24.954526901245117,41.604248046875,-0.26702022552490234,-0.006362601057905742,7.596472925432827,61.7108154296875,0.09253012048192771,0.04793874292350123,0.6265060240963856,False,1,['worst_quality_percentile'],False,0.6687618796695335,worst_quality_percentile
267,train,18,female,caucasian,happy,/home/fox/Desktop/Projects/Amrita RLHF/Diffusion_RL_Abi/datasets/appa-real-dataset_v2/train_data/000267.jpg,False,376.8963623046875,69.15499877929688,True,0.1550390625,98.4460678100586,60.26023483276367,0.7606267929077148,0.010998869139399894,7.2275636437106385,54.52923583984375,0.0,0.0,0.0,False,0,['worst_quality_percentile'],False,0.7233377872292376,worst_quality_percentile
272,train,17,male,caucasian,neutral,/home/fox/Desktop/Projects/Amrita RLHF/Diffusion_RL_Abi/datasets/appa-real-dataset_v2/train_data/000272.jpg,False,306.8289794921875,33.631046295166016,True,0.1650390625,197.09352111816406,50.23930740356445,0.48973703384399414,0.014562051236340382,5.896768171436625,37.26171875,0.48328125,0.1300390625,0.8328125,True,1,['worst_quality_percentile'],False,0.7480286805803866,worst_quality_percentile
273,train,19,female,afroamerican,neutral,/home/fox/Desktop/Projects/Amrita RLHF/Diffusion_RL_Abi/datasets/appa-real-dataset_v2/train_data/000273.jpg,False,205.04124450683594,29.371967315673828,True,0.13081162248850156,103.65076446533203,29.971559524536133,0.48040151596069336,0.01635578217971642,4.379865288070054,24.790771484375,0.0,0.0,0.0,False,0,['worst_quality_percentile'],False,0.683158627698214,worst_quality_percentile
274,train,44,male,caucasian,slightlyhappy,/home/fox/Desktop/Projects/Amrita RLHF/Diffusion_RL_Abi/datasets/appa-real-dataset_v2/train_data/000274.jpg,False,1775.9495849609375,71.35235595703125,True,0.4987890625,1890.465576171875,80.70755004882812,2.3480920791625977,0.03290840245931372,4.3010797419679045,19.54046630859375,0.0,0.0,0.0,False,0,['jpeg_blockiness'],False,0.4626719611570092,jpeg_blockiness
277,train,32,female,caucasian,neutral,/home/fox/Desktop/Projects/Amrita RLHF/Diffusion_RL_Abi/datasets/appa-real-dataset_v2/train_data/000277.jpg,False,536.2280883789062,51.72331237792969,True,0.32218753561884983,318.3587646484375,60.91800308227539,0.31239748001098633,0.0060397808958674755,4.284302962844893,14.6005859375,0.47953736654804274,0.20583262623320372,0.7953736654804271,True,1,['black_bars_area'],False,0.5465683045712028,black_bars_area
278,train,43,male,caucasian,slightlyhappy,/home/fox/Desktop/Projects/Amrita RLHF/Diffusion_RL_Abi/datasets/appa-real-dataset_v2/train_data/000278.jpg,False,789.81494140625,73.81576538085938,True,0.01389526827517263,6.199642181396484,21.08013153076172,-0.08067750930786133,-0.001092957687272366,3.81825536713031,13.61767578125,0.0,0.0,0.0,False,0,['roi_blur_laplacian'],False,0.5040179159531023,roi_blur_laplacian
279,train,3,male,caucasian,neutral,/home/fox/Desktop/Projects/Amrita RLHF/Diffusion_RL_Abi/datasets/appa-real-dataset_v2/train_data/000279.jpg,False,222.09178161621094,39.12543487548828,True,0.2364628988850442,110.16068267822266,41.199344635009766,0.8589990139007568,0.02195500177006109,6.371962213818229,41.35235595703125,0.09113725490196078,0.06748173779315648,0.5568627450980392,False,1,['worst_quality_percentile'],False,0.8190149989649397,worst_quality_percentile
281,train,70,female,caucasian,slightlyhappy,/home/fox/Desktop/Projects/Amrita RLHF/Diffusion_RL_Abi/datasets/appa-real-dataset_v2/train_data/000281.jpg,False,275.17333984375,52.747711181640625,True,0.1807522679192513,99.00882720947266,55.111934661865234,0.07015609741210938,0.00133003109538707,7.412207423757992,56.88861083984375,0.0,0.0,0.0,False,0,['worst_quality_percentile'],False,0.6279805032275062,worst_quality_percentile
287,train,25,female,caucasian,slightlyhappy,/home/fox/Desktop/Projects/Amrita RLHF/Diffusion_RL_Abi/datasets/appa-real-dataset_v2/train_data/000287.jpg,False,575.143310546875,69.25830078125,True,0.1827027027027027,197.9819793701172,57.208457946777344,0.34079837799072266,0.004920686318112777,6.530594012340997,47.141357421875,0.09466216216216217,0.1052195945945946,0.7331081081081081,False,1,['worst_quality_percentile'],False,0.6956922671584771,worst_quality_percentile
289,train,25,male,caucasian,neutral,/home/fox/Desktop/Projects/Amrita RLHF/Diffusion_RL_Abi/datasets/appa-real-dataset_v2/train_data/000289.jpg,False,223.0208740234375,34.651309967041016,True,0.02736742424242424,151.85108947753906,41.59956359863281,0.5532126426696777,0.015965128799769572,4.582662124650056,18.8995361328125,0.0,0.0,0.0,False,0,['worst_quality_percentile'],False,0.6376912509174398,worst_quality_percentile
293,train,45,male,caucasian,neutral,/home/fox/Desktop/Projects/Amrita RLHF/Diffusion_RL_Abi/datasets/appa-real-dataset_v2/train_data/000293.jpg,False,364.41461181640625,44.43244934082031,True,0.2628634213207175,158.9928741455078,41.20973205566406,0.5387988090515137,0.012126245681222685,4.531697878163143,21.27593994140625,0.0,0.0,0.0,False,0,['worst_quality_percentile'],False,0.6353200218303631,worst_quality_percentile
297,train,13,female,caucasian,slightlyhappy,/home/fox/Desktop/Projects/Amrita RLHF/Diffusion_RL_Abi/datasets/appa-real-dataset_v2/train_data/000297.jpg,False,601.5018920898438,51.63945007324219,True,0.014981333333333333,5.630526542663574,10.302326202392578,0.2111225128173828,0.004088395760015725,2.53209678638962,5.1473388671875,0.0,0.0,0.0,False,0,"['roi_blur_tenengrad', 'roi_blur_laplacian']",False,0.5567495342228579,roi_blur_tenengrad;roi_blur_laplacian
299,train,17,male,caucasian,neutral,/home/fox/Desktop/Projects/Amrita RLHF/Diffusion_RL_Abi/datasets/appa-real-dataset_v2/train_data/000299.jpg,False,182.1951141357422,27.785131454467773,True,0.09654835390946502,108.71568298339844,36.551509857177734,1.0318372249603271,0.03713630757928636,5.239425388459862,28.59014892578125,0.0,0.0,0.0,False,0,['worst_quality_percentile'],False,0.7247304138359335,worst_quality_percentile
304,train,6,male,caucasian,neutral,/home/fox/Desktop/Projects/Amrita RLHF/Diffusion_RL_Abi/datasets/appa-real-dataset_v2/train_data/000304.jpg,False,441.4427490234375,60.137939453125,True,0.13699612076235454,63.690181732177734,50.66252517700195,0.1184530258178711,0.0019696887676125233,7.2798675227877805,47.34832763671875,0.0,0.0,0.0,False,0,['worst_quality_percentile'],False,0.6519750832753072,worst_quality_percentile
309,train,26,male,caucasian,neutral,/home/fox/Desktop/Projects/Amrita RLHF/Diffusion_RL_Abi/datasets/appa-real-dataset_v2/train_data/000309.jpg,False,78.3940200805664,39.190433502197266,True,0.04118952628640678,6.641981601715088,26.26312255859375,-0.36476564407348633,-0.009307517222168977,6.666482932847573,49.88629150390625,0.0,0.0,0.0,False,0,['roi_blur_laplacian'],False,0.5875002352409808,roi_blur_laplacian
312,train,2,female,caucasian,neutral,/home/fox/Desktop/Projects/Amrita RLHF/Diffusion_RL_Abi/datasets/appa-real-dataset_v2/train_data/000312.jpg,False,441.36932373046875,67.75068664550781,True,0.1376923381195364,93.91980743408203,58.271728515625,0.41266918182373047,0.006090996212214717,7.266873751523478,56.92498779296875,0.0,0.0,0.0,False,0,['worst_quality_percentile'],False,0.7035022677230555,worst_quality_percentile
313,train,60,female,caucasian,neutral,/home/fox/Desktop/Projects/Amrita RLHF/Diffusion_RL_Abi/datasets/appa-real-dataset_v2/train_data/000313.jpg,False,639.4419555664062,80.17012023925781,True,0.14355156051078277,75.92908477783203,56.479618072509766,0.4363579750061035,0.005442900275825293,7.113101736924329,53.08447265625,0.0,0.0,0.0,False,0,['worst_quality_percentile'],False,0.7025048459642057,worst_quality_percentile
318,train,18,male,caucasian,neutral,/home/fox/Desktop/Projects/Amrita RLHF/Diffusion_RL_Abi/datasets/appa-real-dataset_v2/train_data/000318.jpg,False,139.98995971679688,29.4193172454834,True,0.1136792500813802,92.55035400390625,33.740623474121094,0.13274216651916504,0.004512074869020606,6.08309986502167,18.02178955078125,0.0,0.0,0.0,False,0,['worst_quality_percentile'],False,0.6306528407700849,worst_quality_percentile
319,train,26,male,caucasian,other,/home/fox/Desktop/Projects/Amrita RLHF/Diffusion_RL_Abi/datasets/appa-real-dataset_v2/train_data/000319.jpg,False,859.7462158203125,98.87417602539062,True,0.08271986843135719,30.503442764282227,45.33161163330078,1.0885868072509766,0.011009819145917445,6.344207446862938,49.37939453125,0.0,0.0,0.0,False,0,['worst_quality_percentile'],False,0.7782336225229125,worst_quality_percentile
321,train,34,male,caucasian,slightlyhappy,/home/fox/Desktop/Projects/Amrita RLHF/Diffusion_RL_Abi/datasets/appa-real-dataset_v2/train_data/000321.jpg,False,148.760498046875,41.12062072753906,True,0.262144,57.089420318603516,35.99995040893555,-0.03439664840698242,-0.0008364817204100419,7.201922819562424,46.938232421875,0.0,0.0,0.0,False,0,['worst_quality_percentile'],False,0.6396296365997328,worst_quality_percentile
324,train,70,male,caucasian,slightlyhappy,/home/fox/Desktop/Projects/Amrita RLHF/Diffusion_RL_Abi/datasets/appa-real-dataset_v2/train_data/000324.jpg,False,498.0810852050781,75.99894714355469,True,0.18230021461936624,124.52424621582031,62.9539680480957,0.6014890670776367,0.007914439367522322,6.791148525777368,55.09088134765625,0.0,0.0,0.0,False,0,['worst_quality_percentile'],False,0.6844759771910345,worst_quality_percentile
328,train,19,female,caucasian,slightlyhappy,/home/fox/Desktop/Projects/Amrita RLHF/Diffusion_RL_Abi/datasets/appa-real-dataset_v2/train_data/000328.jpg,False,104.85295867919922,28.805278778076172,True,0.03648648648648649,14.274528503417969,26.010360717773438,0.14502382278442383,0.0050346264261874,5.810467989861825,32.1778564453125,0.0,0.0,0.0,False,0,"['roi_blur_laplacian', 'worst_quality_percentile']",False,0.709355063326872,roi_blur_laplacian;worst_quality_percentile
329,train,18,female,caucasian,slightlyhappy,/home/fox/Desktop/Projects/Amrita RLHF/Diffusion_RL_Abi/datasets/appa-real-dataset_v2/train_data/000329.jpg,False,178.35011291503906,55.74049758911133,True,0.016133333333333333,9.909441947937012,32.45926284790039,0.03340768814086914,0.0005993431882827685,6.6042460114586845,45.8746337890625,0.0,0.0,0.0,False,0,"['roi_blur_laplacian', 'worst_quality_percentile']",False,0.6802228202570714,roi_blur_laplacian;worst_quality_percentile
330,train,59,male,caucasian,neutral,/home/fox/Desktop/Projects/Amrita RLHF/Diffusion_RL_Abi/datasets/appa-real-dataset_v2/train_data/000330.jpg,False,1062.5184326171875,56.07640075683594,True,0.0021777777777777776,14.969698905944824,27.27475357055664,0.17484617233276367,0.003117999137871738,2.8326069065197284,12.41796875,0.0,0.0,0.0,False,0,['roi_blur_laplacian'],False,0.5531926905922427,roi_blur_laplacian
331,train,15,female,caucasian,neutral,/home/fox/Desktop/Projects/Amrita RLHF/Diffusion_RL_Abi/datasets/appa-real-dataset_v2/train_data/000331.jpg,False,527.556884765625,53.05332565307617,True,0.008212890625,19.475954055786133,45.050392150878906,1.3197340965270996,0.02487561440128049,3.385989754694346,18.07080078125,0.0,0.0,0.0,False,0,['worst_quality_percentile'],False,0.6428289139394395,worst_quality_percentile
333,train,50,female,caucasian,slightlyhappy,/home/fox/Desktop/Projects/Amrita RLHF/Diffusion_RL_Abi/datasets/appa-real-dataset_v2/train_data/000333.jpg,False,103.45225524902344,60.13135528564453,True,0.10493949613171989,11.751873016357422,42.579837799072266,0.17376041412353516,0.002889680606871957,8.266130563072359,60.56170654296875,0.08746478873239438,0.04012100773656021,0.3732394366197183,False,1,"['roi_blur_laplacian', 'worst_quality_percentile']",False,0.8166814084348007,roi_blur_laplacian;worst_quality_percentile
347,train,30,female,afroamerican,neutral,/home/fox/Desktop/Projects/Amrita RLHF/Diffusion_RL_Abi/datasets/appa-real-dataset_v2/train_data/000347.jpg,False,173.50465393066406,38.06545639038086,True,0.04785236625514403,36.273231506347656,26.761503219604492,0.08483719825744629,0.0022287187406523756,5.711398894067736,25.0816650390625,0.0,0.0,0.0,False,0,['worst_quality_percentile'],False,0.6450307695202966,worst_quality_percentile
350,train,26,female,asian,slightlyhappy,/home/fox/Desktop/Projects/Amrita RLHF/Diffusion_RL_Abi/datasets/appa-real-dataset_v2/train_data/000350.jpg,False,941.2130126953125,65.96922302246094,True,0.16695571742397966,257.48260498046875,61.23472213745117,0.37679195404052734,0.005711632350143133,7.283507154353032,55.67669677734375,0.0,0.0,0.0,False,0,['worst_quality_percentile'],False,0.6420385042437473,worst_quality_percentile
357,train,7,female,caucasian,slightlyhappy,/home/fox/Desktop/Projects/Amrita RLHF/Diffusion_RL_Abi/datasets/appa-real-dataset_v2/train_data/000357.jpg,False,711.6239013671875,68.29345703125,True,0.26538108356290174,254.06179809570312,48.80064010620117,0.7023544311523438,0.010284358874183198,6.811226770316709,48.52001953125,0.08686868686868687,0.03599122538516478,0.3434343434343434,False,1,['worst_quality_percentile'],False,0.7564785366129062,worst_quality_percentile
366,train,15,female,caucasian,slightlyhappy,/home/fox/Desktop/Projects/Amrita RLHF/Diffusion_RL_Abi/datasets/appa-real-dataset_v2/train_data/000366.jpg,False,177.03656005859375,52.216670989990234,True,0.232060546875,90.91117858886719,53.43327331542969,0.3900599479675293,0.007470026968442235,5.1113356144414555,37.44036865234375,0.0,0.0,0.0,False,0,['worst_quality_percentile'],False,0.6465551310762745,worst_quality_percentile
370,train,40,male,caucasian,slightlyhappy,/home/fox/Desktop/Projects/Amrita RLHF/Diffusion_RL_Abi/datasets/appa-real-dataset_v2/train_data/000370.jpg,False,96.64273834228516,34.72306442260742,True,0.1387927720107651,11.80929946899414,29.06586265563965,-0.03972959518432617,-0.0011441845557350796,8.53163463237364,61.02069091796875,0.1,0.30834294502114573,1.0,False,1,"['roi_blur_laplacian', 'worst_quality_percentile']",False,0.7783653574721946,roi_blur_laplacian;worst_quality_percentile
381,train,35,female,caucasian,slightlyhappy,/home/fox/Desktop/Projects/Amrita RLHF/Diffusion_RL_Abi/datasets/appa-real-dataset_v2/train_data/000381.jpg,False,177.9456787109375,30.525270462036133,True,0.259308,104.54496002197266,32.26095199584961,0.5566070079803467,0.018234301656337153,5.542586449852086,28.5078125,0.0,0.0,0.0,False,0,['worst_quality_percentile'],False,0.7278920526187026,worst_quality_percentile
385,train,58,female,caucasian,slightlyhappy,/home/fox/Desktop/Projects/Amrita RLHF/Diffusion_RL_Abi/datasets/appa-real-dataset_v2/train_data/000385.jpg,False,15.920868873596191,20.25501823425293,True,0.33643210431654674,18.144243240356445,24.32571029663086,0.0010017156600952148,4.945518187419096e-05,7.3423551580863435,50.24884033203125,0.0,0.0,0.0,False,0,['worst_quality_percentile'],False,0.6989480023335906,worst_quality_percentile
387,train,35,male,caucasian,slightlyhappy,/home/fox/Desktop/Projects/Amrita RLHF/Diffusion_RL_Abi/datasets/appa-real-dataset_v2/train_data/000387.jpg,False,313.0489196777344,53.26248550415039,True,0.06441116898148148,58.312740325927734,40.35437774658203,0.6733307838439941,0.012641745213895075,4.181424809132054,10.9410400390625,0.0,0.0,0.0,False,0,['worst_quality_percentile'],False,0.6340026723375426,worst_quality_percentile
392,train,14,female,asian,neutral,/home/fox/Desktop/Projects/Amrita RLHF/Diffusion_RL_Abi/datasets/appa-real-dataset_v2/train_data/000392.jpg,False,228.79254150390625,41.11891174316406,True,0.0022005208333333334,1.9671484231948853,11.467763900756836,0.5621318817138672,0.013670883888030831,3.1797690944278045,13.9300537109375,0.08958333333333335,0.035074869791666664,0.4791666666666667,False,1,"['roi_blur_tenengrad', 'roi_blur_laplacian', 'worst_quality_percentile']",False,0.7243352089880872,roi_blur_tenengrad;roi_blur_laplacian;worst_quality_percentile
396,train,5,female,asian,other,/home/fox/Desktop/Projects/Amrita RLHF/Diffusion_RL_Abi/datasets/appa-real-dataset_v2/train_data/000396.jpg,False,1681.024169921875,86.30380249023438,True,0.10279646017699115,493.61468505859375,61.469844818115234,3.0314645767211914,0.03512550379154743,4.336368959901761,21.2825927734375,0.1,0.08533923303834809,1.0,False,1,['jpeg_blockiness'],False,0.59811430829742,jpeg_blockiness
403,train,43,female,caucasian,neutral,/home/fox/Desktop/Projects/Amrita RLHF/Diffusion_RL_Abi/datasets/appa-real-dataset_v2/train_data/000403.jpg,False,90.30938720703125,24.479938507080078,True,0.3028157552083333,89.8989486694336,27.503129959106445,0.03757977485656738,0.0015351253153913463,5.043577800729794,21.34765625,0.44265625000000003,0.07601888020833333,0.4265625,True,2,['worst_quality_percentile'],False,0.6590323127011309,worst_quality_percentile
409,train,10,male,caucasian,slightlyhappy,/home/fox/Desktop/Projects/Amrita RLHF/Diffusion_RL_Abi/datasets/appa-real-dataset_v2/train_data/000409.jpg,False,120.85099792480469,42.786922454833984,True,0.14002081165452654,27.608657836914062,45.696746826171875,0.4541773796081543,0.01061486414389166,7.559539181158307,56.69439697265625,0.0,0.0,0.0,False,0,['worst_quality_percentile'],False,0.8010614073056439,worst_quality_percentile
415,train,37,male,afroamerican,neutral,/home/fox/Desktop/Projects/Amrita RLHF/Diffusion_RL_Abi/datasets/appa-real-dataset_v2/train_data/000415.jpg,False,266.9454345703125,46.54911804199219,True,0.2809,182.18870544433594,58.8069953918457,-0.08680200576782227,-0.0018647400327709265,6.963181769401829,57.49285888671875,1.0,0.108825,1.0,True,2,['black_bars_score'],False,0.6022921881175076,black_bars_score
418,train,9,male,caucasian,slightlyhappy,/home/fox/Desktop/Projects/Amrita RLHF/Diffusion_RL_Abi/datasets/appa-real-dataset_v2/train_data/000418.jpg,False,204.68028259277344,44.85195541381836,True,0.11724604800936768,51.836692810058594,28.797931671142578,0.32572388648986816,0.007262200192219854,4.267483170946739,25.2003173828125,0.0,0.0,0.0,False,0,['worst_quality_percentile'],False,0.6689500724542221,worst_quality_percentile
420,train,25,male,asian,neutral,/home/fox/Desktop/Projects/Amrita RLHF/Diffusion_RL_Abi/datasets/appa-real-dataset_v2/train_data/000420.jpg,False,203.09133911132812,30.840377807617188,True,0.3333975245531416,226.97030639648438,34.804161071777344,0.10836124420166016,0.0035136158630741684,6.410115157790776,47.5015869140625,0.0,0.0,0.0,False,0,['worst_quality_percentile'],False,0.6461034683930219,worst_quality_percentile
423,train,14,male,caucasian,neutral,/home/fox/Desktop/Projects/Amrita RLHF/Diffusion_RL_Abi/datasets/appa-real-dataset_v2/train_data/000423.jpg,False,82.6692123413086,25.022987365722656,True,0.22345052083333333,29.1873722076416,21.779207229614258,0.2927974462509155,0.011701138248219762,6.308131194924096,53.03167724609375,0.42609375000000005,0.03287109375,0.2609375,True,1,['worst_quality_percentile'],False,0.8781451719141087,worst_quality_percentile
425,train,17,male,afroamerican,slightlyhappy,/home/fox/Desktop/Projects/Amrita RLHF/Diffusion_RL_Abi/datasets/appa-real-dataset_v2/train_data/000425.jpg,False,136.3163299560547,58.93327713012695,False,0.0,50.37199401855469,51.4167366027832,6.028423309326172,0.10229234654171418,6.752950296501889,53.2674560546875,0.1,0.10524444444444445,1.0,False,1,"['jpeg_blockiness', 'worst_quality_percentile']",False,0.8529273387658317,jpeg_blockiness;worst_quality_percentile
426,train,30,male,caucasian,neutral,/home/fox/Desktop/Projects/Amrita RLHF/Diffusion_RL_Abi/datasets/appa-real-dataset_v2/train_data/000426.jpg,False,150.5823516845703,54.666778564453125,True,0.1269140625,20.201780319213867,43.947635650634766,0.020241260528564453,0.00037026619621336284,8.176070183249381,59.31268310546875,0.0,0.0,0.0,False,0,['worst_quality_percentile'],False,0.6918531343508291,worst_quality_percentile
429,train,34,male,caucasian,neutral,/home/fox/Desktop/Projects/Amrita RLHF/Diffusion_RL_Abi/datasets/appa-real-dataset_v2/train_data/000429.jpg,False,530.4462890625,67.05430603027344,True,0.06673611111111111,12.241868019104004,28.502235412597656,-0.3326263427734375,-0.004960551491841748,6.105491711637117,46.65325927734375,0.0,0.0,0.0,False,0,['roi_blur_laplacian'],False,0.5808382106630032,roi_blur_laplacian
433,train,44,male,caucasian,neutral,/home/fox/Desktop/Projects/Amrita RLHF/Diffusion_RL_Abi/datasets/appa-real-dataset_v2/train_data/000433.jpg,False,231.24884033203125,54.78368377685547,True,0.3593185046487603,145.2414093017578,51.061729431152344,1.1068410873413086,0.02020384521139252,5.432357532237786,41.2071533203125,0.0,0.0,0.0,False,0,['worst_quality_percentile'],False,0.6921918813632686,worst_quality_percentile
436,train,19,male,asian,slightlyhappy,/home/fox/Desktop/Projects/Amrita RLHF/Diffusion_RL_Abi/datasets/appa-real-dataset_v2/train_data/000436.jpg,False,471.4034729003906,43.54338836669922,True,0.0009765625,1.9431641101837158,8.44898796081543,0.1513357162475586,0.00347551530665401,3.7426238583871263,23.1669921875,0.0,0.0,0.0,False,0,"['roi_blur_tenengrad', 'roi_blur_laplacian']",False,0.6246683102169862,roi_blur_tenengrad;roi_blur_laplacian
440,train,37,male,caucasian,slightlyhappy,/home/fox/Desktop/Projects/Amrita RLHF/Diffusion_RL_Abi/datasets/appa-real-dataset_v2/train_data/000440.jpg,False,168.3685760498047,34.62701416015625,True,0.12743429919137467,143.9404296875,45.52839660644531,0.6549396514892578,0.018914123797850978,4.76855889255531,31.93218994140625,0.0,0.0,0.0,False,0,['worst_quality_percentile'],False,0.6718294220599583,worst_quality_percentile
449,train,38,male,asian,neutral,/home/fox/Desktop/Projects/Amrita RLHF/Diffusion_RL_Abi/datasets/appa-real-dataset_v2/train_data/000449.jpg,False,43.74072265625,21.76654052734375,True,0.5078938802083334,127.8662109375,37.380226135253906,0.42575228214263916,0.01955994164749586,9.609829744484486,58.224609375,0.0,0.0,0.0,False,0,['worst_quality_percentile'],False,0.807121214972618,worst_quality_percentile
451,train,24,male,caucasian,neutral,/home/fox/Desktop/Projects/Amrita RLHF/Diffusion_RL_Abi/datasets/appa-real-dataset_v2/train_data/000451.jpg,False,242.9356231689453,36.61381530761719,True,0.02762394623108146,20.446216583251953,34.06028366088867,-0.07235598564147949,-0.001976193495744022,4.797195106728227,41.04058837890625,0.09856079404466503,0.15259724253528997,0.9280397022332506,False,2,['worst_quality_percentile'],False,0.6509964807949263,worst_quality_percentile
453,train,33,male,caucasian,neutral,/home/fox/Desktop/Projects/Amrita RLHF/Diffusion_RL_Abi/datasets/appa-real-dataset_v2/train_data/000453.jpg,False,33.92920684814453,21.230484008789062,True,0.1703271028037383,50.696475982666016,41.173301696777344,-0.05633354187011719,-0.002653426987032847,7.331279112219199,55.43365478515625,0.0,0.0,0.0,False,0,['worst_quality_percentile'],False,0.6282627924045391,worst_quality_percentile
461,train,60,female,caucasian,neutral,/home/fox/Desktop/Projects/Amrita RLHF/Diffusion_RL_Abi/datasets/appa-real-dataset_v2/train_data/000461.jpg,False,502.02294921875,27.75420570373535,True,0.38443843843843845,315.82977294921875,43.821533203125,0.19057178497314453,0.006866410811428311,4.7551832898595014,21.78240966796875,0.43663663663663665,0.032,0.3663663663663664,True,1,['worst_quality_percentile'],False,0.6294295876696088,worst_quality_percentile
467,train,32,female,caucasian,neutral,/home/fox/Desktop/Projects/Amrita RLHF/Diffusion_RL_Abi/datasets/appa-real-dataset_v2/train_data/000467.jpg,False,170.17227172851562,26.706270217895508,True,0.0075075075075075074,10.4111967086792,25.708585739135742,-0.042157888412475586,-0.0015785763601556685,4.6893614024689345,16.66583251953125,0.1,0.09682215548882216,1.0,False,1,['roi_blur_laplacian'],False,0.6189472495624518,roi_blur_laplacian
477,train,23,male,caucasian,neutral,/home/fox/Desktop/Projects/Amrita RLHF/Diffusion_RL_Abi/datasets/appa-real-dataset_v2/train_data/000477.jpg,False,60.4837646484375,28.67801856994629,True,0.09441252587991718,33.002037048339844,35.0900764465332,0.14171552658081055,0.00494160784830917,5.279463699415488,20.23431396484375,0.0,0.0,0.0,False,0,['worst_quality_percentile'],False,0.6471385287088093,worst_quality_percentile
483,train,8,female,asian,neutral,/home/fox/Desktop/Projects/Amrita RLHF/Diffusion_RL_Abi/datasets/appa-real-dataset_v2/train_data/000483.jpg,False,365.51959228515625,68.57662963867188,True,0.12295496711081126,49.99073791503906,49.539512634277344,0.07178068161010742,0.0010467221988248094,7.009257452920358,54.1326904296875,0.0,0.0,0.0,False,0,['worst_quality_percentile'],False,0.6517680712121496,worst_quality_percentile
485,train,24,male,caucasian,neutral,/home/fox/Desktop/Projects/Amrita RLHF/Diffusion_RL_Abi/datasets/appa-real-dataset_v2/train_data/000485.jpg,False,543.6151733398438,58.55369186401367,True,0.3032976265490443,335.81036376953125,70.6474838256836,0.6740350723266602,0.011511401576191845,7.166324195942745,49.67633056640625,0.1,0.3206375878083503,1.0,False,1,['worst_quality_percentile'],False,0.7036528219508064,worst_quality_percentile
486,train,25,male,asian,neutral,/home/fox/Desktop/Projects/Amrita RLHF/Diffusion_RL_Abi/datasets/appa-real-dataset_v2/train_data/000486.jpg,False,67.44998931884766,17.42137336730957,False,0.0,65.8139877319336,16.904027938842773,0.1143258810043335,0.0065623916112416995,4.946069395762496,6.5311279296875,0.09050000000000001,0.050973307291666665,0.525,False,2,"['roi_blur_tenengrad', 'worst_quality_percentile']",False,0.6723940004140242,roi_blur_tenengrad;worst_quality_percentile
495,train,33,male,asian,neutral,/home/fox/Desktop/Projects/Amrita RLHF/Diffusion_RL_Abi/datasets/appa-real-dataset_v2/train_data/000495.jpg,False,37.65170669555664,22.323055267333984,True,0.47978901244951144,74.7192153930664,31.813196182250977,0.2965749502182007,0.013285588974310293,6.8790607411414655,36.76898193359375,0.0,0.0,0.0,False,0,['worst_quality_percentile'],False,0.7583792837382614,worst_quality_percentile
498,train,38,male,caucasian,slightlyhappy,/home/fox/Desktop/Projects/Amrita RLHF/Diffusion_RL_Abi/datasets/appa-real-dataset_v2/train_data/000498.jpg,False,198.55064392089844,50.42966842651367,True,0.22308738524311458,64.25056457519531,47.72944641113281,0.026350021362304688,0.0005225102932848301,7.018067383553616,50.196533203125,0.0,0.0,0.0,False,0,['worst_quality_percentile'],False,0.6293543105557333,worst_quality_percentile
502,train,19,male,caucasian,slightlyhappy,/home/fox/Desktop/Projects/Amrita RLHF/Diffusion_RL_Abi/datasets/appa-real-dataset_v2/train_data/000502.jpg,False,97.93449401855469,16.140159606933594,True,0.12177191840277778,86.17205810546875,27.008838653564453,-0.1179509162902832,-0.007307914658520379,6.737593088973539,64.4268798828125,0.47484375,0.17392469618055556,0.7484375,True,2,['worst_quality_percentile'],False,0.6851534712159136,worst_quality_percentile
507,train,22,male,caucasian,slightlyhappy,/home/fox/Desktop/Projects/Amrita RLHF/Diffusion_RL_Abi/datasets/appa-real-dataset_v2/train_data/000507.jpg,False,563.4491577148438,67.92137908935547,True,0.21978021978021978,140.27578735351562,44.34113311767578,0.8052148818969727,0.01185510189630503,5.330009557847924,41.24169921875,0.0,0.0,0.0,False,0,['worst_quality_percentile'],False,0.7056853040254437,worst_quality_percentile
508,train,30,male,caucasian,neutral,/home/fox/Desktop/Projects/Amrita RLHF/Diffusion_RL_Abi/datasets/appa-real-dataset_v2/train_data/000508.jpg,False,164.61944580078125,33.13633728027344,True,0.1715626203564301,19.643617630004883,26.0838623046875,0.07026791572570801,0.0021205697241309116,7.6744105540851315,56.59759521484375,0.09301775147928995,0.09684534855222156,0.650887573964497,False,3,['worst_quality_percentile'],False,0.8163050228654234,worst_quality_percentile
512,train,67,male,caucasian,slightlyhappy,/home/fox/Desktop/Projects/Amrita RLHF/Diffusion_RL_Abi/datasets/appa-real-dataset_v2/train_data/000512.jpg,False,5.658689022064209,16.81264305114746,True,0.35353535353535354,7.627460956573486,21.111427307128906,-0.006440639495849609,-0.0003830830817720212,10.179915635044418,72.40191650390625,0.0,0.0,0.0,False,0,"['roi_blur_laplacian', 'worst_quality_percentile']",False,0.7351186555507461,roi_blur_laplacian;worst_quality_percentile
520,train,16,female,caucasian,slightlyhappy,/home/fox/Desktop/Projects/Amrita RLHF/Diffusion_RL_Abi/datasets/appa-real-dataset_v2/train_data/000520.jpg,False,147.17274475097656,37.02061080932617,True,0.15044995408631773,50.49091720581055,42.25763702392578,-0.023250818252563477,-0.0006280506214299292,7.253759267599474,58.4305419921875,0.09939393939393941,0.21928374655647384,0.9696969696969697,False,2,['worst_quality_percentile'],False,0.7249468355383256,worst_quality_percentile
521,train,15,male,caucasian,neutral,/home/fox/Desktop/Projects/Amrita RLHF/Diffusion_RL_Abi/datasets/appa-real-dataset_v2/train_data/000521.jpg,False,99.06549072265625,36.5295295715332,True,0.09210168065146902,16.819866180419922,32.46806716918945,0.30097484588623047,0.00823922019191713,7.443261698221947,54.8404541015625,0.0,0.0,0.0,False,0,['worst_quality_percentile'],False,0.8161168300807348,worst_quality_percentile
525,train,39,male,caucasian,slightlyhappy,/home/fox/Desktop/Projects/Amrita RLHF/Diffusion_RL_Abi/datasets/appa-real-dataset_v2/train_data/000525.jpg,False,201.8057098388672,43.54364013671875,True,0.3549625651041667,208.04937744140625,50.474796295166016,0.5376725196838379,0.01234789984594188,5.330086233988668,36.8341064453125,0.0,0.0,0.0,False,0,['worst_quality_percentile'],False,0.6512599506934904,worst_quality_percentile
533,train,80,female,caucasian,other,/home/fox/Desktop/Projects/Amrita RLHF/Diffusion_RL_Abi/datasets/appa-real-dataset_v2/train_data/000533.jpg,False,320.65509033203125,50.99363708496094,True,0.1821832242712671,140.38369750976562,60.087100982666016,0.17435121536254883,0.0034190777891167676,7.177882608117321,56.26806640625,0.09926829268292683,0.22869571683521714,0.9634146341463414,False,1,['worst_quality_percentile'],False,0.7032011592675537,worst_quality_percentile
534,train,60,female,caucasian,happy,/home/fox/Desktop/Projects/Amrita RLHF/Diffusion_RL_Abi/datasets/appa-real-dataset_v2/train_data/000534.jpg,False,461.1341857910156,66.96768188476562,True,0.15205094735176614,101.2015151977539,58.47385787963867,0.7933931350708008,0.011847403118845084,7.630369608113398,54.9150390625,0.0,0.0,0.0,False,0,['worst_quality_percentile'],False,0.7377345352579182,worst_quality_percentile
536,train,17,female,afroamerican,other,/home/fox/Desktop/Projects/Amrita RLHF/Diffusion_RL_Abi/datasets/appa-real-dataset_v2/train_data/000536.jpg,False,468.87054443359375,41.94361877441406,False,0.0,348.8317565917969,43.43560028076172,7.549867630004883,0.18000038314791234,5.738840984847538,39.427978515625,0.0,0.0,0.0,False,0,"['jpeg_blockiness', 'worst_quality_percentile']",False,0.6853228447221333,jpeg_blockiness;worst_quality_percentile
538,train,32,male,asian,neutral,/home/fox/Desktop/Projects/Amrita RLHF/Diffusion_RL_Abi/datasets/appa-real-dataset_v2/train_data/000538.jpg,False,168.774169921875,42.29985427856445,True,0.19039820166987798,66.11857604980469,56.944000244140625,0.3704066276550293,0.008756687823533376,8.674063693290922,51.75689697265625,0.0,0.0,0.0,False,0,['worst_quality_percentile'],False,0.7282872574665487,worst_quality_percentile
548,train,17,female,caucasian,happy,/home/fox/Desktop/Projects/Amrita RLHF/Diffusion_RL_Abi/datasets/appa-real-dataset_v2/train_data/000548.jpg,False,622.367919921875,61.816226959228516,True,0.015648148148148147,14.435118675231934,29.733531951904297,-0.0713496208190918,-0.0011542215236127174,3.7864542092986277,22.02752685546875,0.0,0.0,0.0,False,0,['roi_blur_laplacian'],False,0.5170408566535559,roi_blur_laplacian
549,train,33,male,caucasian,neutral,/home/fox/Desktop/Projects/Amrita RLHF/Diffusion_RL_Abi/datasets/appa-real-dataset_v2/train_data/000549.jpg,False,53.8878059387207,30.036680221557617,True,0.1591624331250281,24.766355514526367,29.86803436279297,-0.01631307601928711,-0.0005431051419748416,7.635104065980623,58.10430908203125,0.0,0.0,0.0,False,0,['worst_quality_percentile'],False,0.6999077855355026,worst_quality_percentile
550,train,22,female,caucasian,happy,/home/fox/Desktop/Projects/Amrita RLHF/Diffusion_RL_Abi/datasets/appa-real-dataset_v2/train_data/000550.jpg,False,65.02886962890625,31.377883911132812,True,0.1216724537037037,27.880918502807617,26.842206954956055,0.23815155029296875,0.007589789782436006,5.396723923290989,49.68701171875,0.0,0.0,0.0,False,0,['worst_quality_percentile'],False,0.7565726330052506,worst_quality_percentile
557,train,44,male,caucasian,happy,/home/fox/Desktop/Projects/Amrita RLHF/Diffusion_RL_Abi/datasets/appa-real-dataset_v2/train_data/000557.jpg,False,417.16278076171875,53.66020965576172,True,0.1979198958397917,134.34869384765625,50.533302307128906,0.3222055435180664,0.006004552341120373,5.947413217227959,43.0235595703125,0.0,0.0,0.0,False,0,['worst_quality_percentile'],False,0.655324914842765,worst_quality_percentile
574,train,22,female,asian,slightlyhappy,/home/fox/Desktop/Projects/Amrita RLHF/Diffusion_RL_Abi/datasets/appa-real-dataset_v2/train_data/000574.jpg,False,51.19386672973633,37.167842864990234,True,0.1199573064730545,34.86083221435547,42.22966003417969,0.16386651992797852,0.004408825018831142,7.239442671932882,49.5865478515625,0.0,0.0,0.0,False,0,['worst_quality_percentile'],False,0.7281931610742044,worst_quality_percentile
576,train,42,male,caucasian,slightlyhappy,/home/fox/Desktop/Projects/Amrita RLHF/Diffusion_RL_Abi/datasets/appa-real-dataset_v2/train_data/000576.jpg,False,141.9961395263672,27.476110458374023,True,0.16803333333333334,245.64657592773438,51.018672943115234,0.4069223403930664,0.014810041115517704,4.359799217129525,22.97479248046875,0.452,0.032632,0.52,True,1,['worst_quality_percentile'],False,0.6519280350791351,worst_quality_percentile
580,train,7,female,caucasian,neutral,/home/fox/Desktop/Projects/Amrita RLHF/Diffusion_RL_Abi/datasets/appa-real-dataset_v2/train_data/000580.jpg,False,239.2498779296875,39.23040771484375,True,0.23507805325987144,140.5760498046875,37.637840270996094,0.19269323348999023,0.004911833442537656,7.0157036816486,51.4703369140625,0.0,0.0,0.0,False,0,['worst_quality_percentile'],False,0.7096749910608428,worst_quality_percentile
585,train,17,male,caucasian,neutral,/home/fox/Desktop/Projects/Amrita RLHF/Diffusion_RL_Abi/datasets/appa-real-dataset_v2/train_data/000585.jpg,False,501.9864807128906,51.36154556274414,True,0.010847112661812298,27.632577896118164,13.794090270996094,0.4232015609741211,0.00823965766796237,4.939580596069565,6.3856201171875,0.45773462783171526,0.05799453883495145,0.5773462783171521,True,1,"['roi_blur_tenengrad', 'worst_quality_percentile']",False,0.7521877411220055,roi_blur_tenengrad;worst_quality_percentile
589,train,16,female,asian,slightlyhappy,/home/fox/Desktop/Projects/Amrita RLHF/Diffusion_RL_Abi/datasets/appa-real-dataset_v2/train_data/000589.jpg,False,503.47021484375,36.99247360229492,True,0.199692,60.3554573059082,25.599258422851562,0.04170942306518555,0.0011275110279483167,4.316926142324157,51.94287109375,0.0,0.0,0.0,False,0,['worst_quality_percentile'],False,0.6290155635432937,worst_quality_percentile
591,train,26,female,asian,neutral,/home/fox/Desktop/Projects/Amrita RLHF/Diffusion_RL_Abi/datasets/appa-real-dataset_v2/train_data/000591.jpg,False,64.9443359375,39.158042907714844,True,0.24608886107634542,28.083477020263672,30.792686462402344,0.007071733474731445,0.00018059465614262172,7.018439090195004,55.15924072265625,0.0,0.0,0.0,False,0,['worst_quality_percentile'],False,0.6935845079699644,worst_quality_percentile
592,train,16,male,afroamerican,neutral,/home/fox/Desktop/Projects/Amrita RLHF/Diffusion_RL_Abi/datasets/appa-real-dataset_v2/train_data/000592.jpg,False,1084.6461181640625,75.26226806640625,True,0.016428,15.755816459655762,20.822364807128906,0.7291855812072754,0.00968859416879781,3.9706687393962294,16.86309814453125,0.0,0.0,0.0,False,0,['worst_quality_percentile'],False,0.6869601219489245,worst_quality_percentile
595,train,4,female,caucasian,neutral,/home/fox/Desktop/Projects/Amrita RLHF/Diffusion_RL_Abi/datasets/appa-real-dataset_v2/train_data/000595.jpg,False,102.4933853149414,66.38250732421875,True,0.1322314049586777,21.143238067626953,49.1108283996582,0.40281200408935547,0.0060680443426750575,8.310631983242695,58.371826171875,0.0,0.0,0.0,False,0,['worst_quality_percentile'],False,0.7781959839659748,worst_quality_percentile
601,train,75,male,caucasian,neutral,/home/fox/Desktop/Projects/Amrita RLHF/Diffusion_RL_Abi/datasets/appa-real-dataset_v2/train_data/000601.jpg,False,562.9374389648438,51.166561126708984,True,0.17234273088444624,175.16268920898438,39.94820785522461,0.5983333587646484,0.011693835463929244,5.125638891675784,45.69482421875,0.0,0.0,0.0,False,0,['worst_quality_percentile'],False,0.706456894442667,worst_quality_percentile
603,train,20,female,caucasian,slightlyhappy,/home/fox/Desktop/Projects/Amrita RLHF/Diffusion_RL_Abi/datasets/appa-real-dataset_v2/train_data/000603.jpg,False,66.39398193359375,28.638978958129883,True,0.07187407187407187,38.3161506652832,33.58675003051758,0.3616452217102051,0.012627727043314024,6.775757220960829,49.00543212890625,0.0,0.0,0.0,False,0,['worst_quality_percentile'],False,0.7956414551066112,worst_quality_percentile
614,train,10,male,caucasian,slightlyhappy,/home/fox/Desktop/Projects/Amrita RLHF/Diffusion_RL_Abi/datasets/appa-real-dataset_v2/train_data/000614.jpg,False,95.95979309082031,47.821441650390625,True,0.11260754020089185,10.23660659790039,31.461896896362305,-0.30818700790405273,-0.006444535982678795,8.02669161294554,62.17071533203125,0.0,0.0,0.0,False,0,"['roi_blur_laplacian', 'worst_quality_percentile']",False,0.6327605999585976,roi_blur_laplacian;worst_quality_percentile
616,train,7,male,caucasian,slightlyhappy,/home/fox/Desktop/Projects/Amrita RLHF/Diffusion_RL_Abi/datasets/appa-real-dataset_v2/train_data/000616.jpg,False,484.90399169921875,52.47536087036133,True,0.5071166207529844,212.82859802246094,45.00413513183594,0.5295381546020508,0.010091176806179204,4.819682388598258,32.68377685546875,0.0,0.0,0.0,False,0,['worst_quality_percentile'],False,0.6435440465212564,worst_quality_percentile
618,train,29,female,caucasian,neutral,/home/fox/Desktop/Projects/Amrita RLHF/Diffusion_RL_Abi/datasets/appa-real-dataset_v2/train_data/000618.jpg,False,222.22286987304688,47.156394958496094,True,0.31044750548245614,147.0257568359375,35.21635437011719,0.4437870979309082,0.009410963007467745,4.2945599404785915,27.3248291015625,0.0,0.0,0.0,False,0,['worst_quality_percentile'],False,0.6499614204791389,worst_quality_percentile
628,train,41,female,caucasian,slightlyhappy,/home/fox/Desktop/Projects/Amrita RLHF/Diffusion_RL_Abi/datasets/appa-real-dataset_v2/train_data/000628.jpg,False,19.54995346069336,35.133487701416016,True,0.14560249307479226,3.343984365463257,24.25055694580078,-0.011437416076660156,-0.0003255417124630491,10.350888308970747,72.72955322265625,0.0,0.0,0.0,False,0,"['roi_blur_laplacian', 'worst_quality_percentile']",False,0.7352503905000283,roi_blur_laplacian;worst_quality_percentile
629,train,31,male,caucasian,slightlyhappy,/home/fox/Desktop/Projects/Amrita RLHF/Diffusion_RL_Abi/datasets/appa-real-dataset_v2/train_data/000629.jpg,False,770.7730102539062,70.8570556640625,True,0.09375,381.37030029296875,58.229732513427734,0.30531954765319824,0.0043089504705330385,4.556000682034916,69.56854248046875,0.46472222222222226,0.12910236625514404,0.6472222222222223,True,1,['worst_quality_percentile'],False,0.6444473718877618,worst_quality_percentile
632,train,33,male,asian,slightlyhappy,/home/fox/Desktop/Projects/Amrita RLHF/Diffusion_RL_Abi/datasets/appa-real-dataset_v2/train_data/000632.jpg,False,62.31093978881836,22.953914642333984,True,0.45183674045629096,79.65418243408203,32.42505645751953,-0.02169501781463623,-0.0009451554215274728,7.336517794476385,48.97723388671875,0.0,0.0,0.0,False,0,['worst_quality_percentile'],False,0.6457270828236447,worst_quality_percentile
634,train,4,female,caucasian,slightlyhappy,/home/fox/Desktop/Projects/Amrita RLHF/Diffusion_RL_Abi/datasets/appa-real-dataset_v2/train_data/000634.jpg,False,19.815170288085938,31.939220428466797,True,0.13834770969660917,7.230404853820801,32.122779846191406,0.03459787368774414,0.0010832409852329005,9.23473742757713,71.682861328125,0.0,0.0,0.0,False,0,"['roi_blur_laplacian', 'worst_quality_percentile']",False,0.7463725840751266,roi_blur_laplacian;worst_quality_percentile
635,train,21,male,caucasian,neutral,/home/fox/Desktop/Projects/Amrita RLHF/Diffusion_RL_Abi/datasets/appa-real-dataset_v2/train_data/000635.jpg,False,167.68414306640625,29.455406188964844,True,0.15559783377080016,305.92999267578125,55.733497619628906,-0.17824363708496094,-0.00605130446649327,3.652249125887414,7.126708984375,0.4719367588932807,0.3257918969258478,0.7193675889328063,True,2,['black_bars_area'],False,0.34013963904623895,black_bars_area
639,train,20,female,caucasian,neutral,/home/fox/Desktop/Projects/Amrita RLHF/Diffusion_RL_Abi/datasets/appa-real-dataset_v2/train_data/000639.jpg,False,1778.968505859375,63.3065071105957,True,0.0035210905349794238,5.374712944030762,21.14913558959961,0.4704113006591797,0.007430694168716064,2.111056273694287,-3.132080078125,0.0,0.0,0.0,False,0,['roi_blur_laplacian'],False,0.5869732954438527,roi_blur_laplacian
643,train,29,male,caucasian,neutral,/home/fox/Desktop/Projects/Amrita RLHF/Diffusion_RL_Abi/datasets/appa-real-dataset_v2/train_data/000643.jpg,False,21.886486053466797,24.7124080657959,True,0.253478404220244,14.931628227233887,21.970365524291992,0.05588650703430176,0.0022614754751552526,8.598353469747112,62.88421630859375,0.0,0.0,0.0,False,0,"['roi_blur_laplacian', 'worst_quality_percentile']",False,0.7649660312023637,roi_blur_laplacian;worst_quality_percentile
649,train,42,female,caucasian,slightlyhappy,/home/fox/Desktop/Projects/Amrita RLHF/Diffusion_RL_Abi/datasets/appa-real-dataset_v2/train_data/000649.jpg,False,121.7265396118164,30.88056755065918,True,0.33751302083333334,171.8739776611328,45.066612243652344,0.29467034339904785,0.009542257711856727,5.404826571419896,19.1654052734375,0.4557291666666667,0.07721028645833333,0.5572916666666666,True,2,['worst_quality_percentile'],False,0.6951276888044112,worst_quality_percentile
653,train,18,male,caucasian,neutral,/home/fox/Desktop/Projects/Amrita RLHF/Diffusion_RL_Abi/datasets/appa-real-dataset_v2/train_data/000653.jpg,False,131.12667846679688,49.8284797668457,True,0.15895188244939143,25.166244506835938,39.602508544921875,-0.05184650421142578,-0.0010404993974033182,7.608508729356067,55.4625244140625,0.0872611464968153,0.04379769187109794,0.3630573248407643,False,1,['worst_quality_percentile'],False,0.7238082691909592,worst_quality_percentile
654,train,69,male,caucasian,neutral,/home/fox/Desktop/Projects/Amrita RLHF/Diffusion_RL_Abi/datasets/appa-real-dataset_v2/train_data/000654.jpg,False,42.392303466796875,26.125625610351562,True,0.12295496711081126,12.0757417678833,30.0600528717041,0.21582818031311035,0.008261167608802706,8.537937494286552,69.8441162109375,0.0,0.0,0.0,False,0,"['roi_blur_laplacian', 'worst_quality_percentile']",False,0.8321132167792687,roi_blur_laplacian;worst_quality_percentile
664,train,34,male,asian,slightlyhappy,/home/fox/Desktop/Projects/Amrita RLHF/Diffusion_RL_Abi/datasets/appa-real-dataset_v2/train_data/000664.jpg,False,35.590965270996094,22.553049087524414,True,0.3291796875,105.01535034179688,38.950599670410156,0.29343247413635254,0.01301076674762805,6.882617367619066,42.85455322265625,0.0,0.0,0.0,False,0,['worst_quality_percentile'],False,0.7430415717861377,worst_quality_percentile
667,train,1,male,asian,neutral,/home/fox/Desktop/Projects/Amrita RLHF/Diffusion_RL_Abi/datasets/appa-real-dataset_v2/train_data/000667.jpg,False,61.022823333740234,22.119226455688477,True,0.4428166666666667,141.8963165283203,30.9533748626709,0.36084890365600586,0.016313811338072078,5.8050573441517335,25.87786865234375,0.44375000000000003,0.03770833333333334,0.4375,True,1,['worst_quality_percentile'],False,0.7779513333458795,worst_quality_percentile
668,train,27,female,caucasian,happy,/home/fox/Desktop/Projects/Amrita RLHF/Diffusion_RL_Abi/datasets/appa-real-dataset_v2/train_data/000668.jpg,False,461.428955078125,45.57772445678711,True,0.004173174178194259,5.568742275238037,19.640413284301758,0.2033710479736328,0.004462071021215217,3.4867880654244776,12.33154296875,0.0,0.0,0.0,False,0,"['roi_blur_tenengrad', 'roi_blur_laplacian']",False,0.5971168865385701,roi_blur_tenengrad;roi_blur_laplacian
679,train,42,male,afroamerican,neutral,/home/fox/Desktop/Projects/Amrita RLHF/Diffusion_RL_Abi/datasets/appa-real-dataset_v2/train_data/000679.jpg,False,45.558494567871094,24.980588912963867,True,0.1276171875,19.840927124023438,29.85543441772461,0.11145687103271484,0.0044617389509634215,6.695571404914237,51.05731201171875,0.0,0.0,0.0,False,0,['worst_quality_percentile'],False,0.743982535709581,worst_quality_percentile
682,train,9,male,caucasian,neutral,/home/fox/Desktop/Projects/Amrita RLHF/Diffusion_RL_Abi/datasets/appa-real-dataset_v2/train_data/000682.jpg,False,1490.68359375,145.6302947998047,True,0.0736734693877551,36.49747085571289,60.626068115234375,0.30605220794677734,0.0021015696374571797,7.8984543065959985,50.57159423828125,0.0,0.0,0.0,False,0,['worst_quality_percentile'],False,0.6730338558819655,worst_quality_percentile
684,train,6,female,caucasian,happy,/home/fox/Desktop/Projects/Amrita RLHF/Diffusion_RL_Abi/datasets/appa-real-dataset_v2/train_data/000684.jpg,False,617.6986083984375,58.10447692871094,True,0.18699780861943024,157.74586486816406,46.70048904418945,0.06859827041625977,0.0011806021301907883,7.124229022098698,52.68170166015625,0.0918918918918919,0.10629656683710738,0.5945945945945946,False,1,['worst_quality_percentile'],False,0.69026290532021,worst_quality_percentile
686,train,25,female,caucasian,slightlyhappy,/home/fox/Desktop/Projects/Amrita RLHF/Diffusion_RL_Abi/datasets/appa-real-dataset_v2/train_data/000686.jpg,False,96.69361877441406,47.69212341308594,True,0.32915562913907287,150.47947692871094,48.479496002197266,0.32468247413635254,0.006807884491034855,5.807732179732572,46.09075927734375,0.0,0.0,0.0,False,0,['worst_quality_percentile'],False,0.6655814216082956,worst_quality_percentile
688,train,48,female,caucasian,slightlyhappy,/home/fox/Desktop/Projects/Amrita RLHF/Diffusion_RL_Abi/datasets/appa-real-dataset_v2/train_data/000688.jpg,False,93.26921081542969,43.20134353637695,True,0.286225,93.99215698242188,55.054222106933594,0.30627918243408203,0.0070895752370897834,7.335328004684931,51.86883544921875,0.0,0.0,0.0,False,0,['worst_quality_percentile'],False,0.7015262434838248,worst_quality_percentile
690,train,40,female,caucasian,happy,/home/fox/Desktop/Projects/Amrita RLHF/Diffusion_RL_Abi/datasets/appa-real-dataset_v2/train_data/000690.jpg,False,335.7437744140625,65.705322265625,True,0.21265000402695375,119.3751449584961,51.32229995727539,0.15501832962036133,0.0023592963540210164,6.7216532374600995,62.5714111328125,0.0,0.0,0.0,False,0,['worst_quality_percentile'],False,0.6540452039068823,worst_quality_percentile
691,train,35,male,caucasian,slightlyhappy,/home/fox/Desktop/Projects/Amrita RLHF/Diffusion_RL_Abi/datasets/appa-real-dataset_v2/train_data/000691.jpg,False,193.4666748046875,40.799259185791016,True,0.08845208845208845,59.34774398803711,43.85029220581055,0.009927988052368164,0.00024333745286454344,7.207869250929567,54.347412109375,0.08778378378378379,0.04208845208845209,0.3891891891891892,False,1,['worst_quality_percentile'],False,0.7127801720082053,worst_quality_percentile
699,train,3,female,caucasian,neutral,/home/fox/Desktop/Projects/Amrita RLHF/Diffusion_RL_Abi/datasets/appa-real-dataset_v2/train_data/000699.jpg,False,398.83355712890625,70.32373046875,True,0.11830094527161346,56.71486282348633,58.1011848449707,0.31212520599365234,0.004438405065754403,6.843430825270279,51.51312255859375,0.0,0.0,0.0,False,0,['worst_quality_percentile'],False,0.6775504827144926,worst_quality_percentile
711,train,22,female,caucasian,slightlyhappy,/home/fox/Desktop/Projects/Amrita RLHF/Diffusion_RL_Abi/datasets/appa-real-dataset_v2/train_data/000711.jpg,False,342.658203125,50.77088165283203,True,0.023255255255255257,10.557328224182129,20.72974395751953,-0.5360250473022461,-0.01055772559574255,4.839263005192162,37.5875244140625,0.0,0.0,0.0,False,0,['roi_blur_laplacian'],False,0.5217644955492406,roi_blur_laplacian
724,train,48,male,caucasian,neutral,/home/fox/Desktop/Projects/Amrita RLHF/Diffusion_RL_Abi/datasets/appa-real-dataset_v2/train_data/000724.jpg,False,554.2355346679688,42.01053237915039,True,0.11400021423434177,107.47946166992188,36.62807083129883,0.7377758026123047,0.017561686159844356,4.707049496799418,16.6778564453125,0.0,0.0,0.0,False,0,['worst_quality_percentile'],False,0.6705685304025444,worst_quality_percentile
726,train,12,female,caucasian,neutral,/home/fox/Desktop/Projects/Amrita RLHF/Diffusion_RL_Abi/datasets/appa-real-dataset_v2/train_data/000726.jpg,False,317.79107666015625,50.893959045410156,True,0.24236686390532544,26.5236873626709,26.888315200805664,-0.17248296737670898,-0.0033890655634344624,6.9290183950920765,56.19757080078125,0.0,0.0,0.0,False,0,['worst_quality_percentile'],False,0.6355834917289271,worst_quality_percentile
731,train,21,male,afroamerican,neutral,/home/fox/Desktop/Projects/Amrita RLHF/Diffusion_RL_Abi/datasets/appa-real-dataset_v2/train_data/000731.jpg,False,907.05859375,92.28952026367188,True,0.09093994140625,27.604209899902344,27.1114559173584,0.666290283203125,0.007219565927745237,3.616517088552082,15.6519775390625,0.0,0.0,0.0,False,0,['worst_quality_percentile'],False,0.6488134444925382,worst_quality_percentile
733,train,18,male,asian,neutral,/home/fox/Desktop/Projects/Amrita RLHF/Diffusion_RL_Abi/datasets/appa-real-dataset_v2/train_data/000733.jpg,False,64.99522399902344,33.796836853027344,True,0.17239492493416778,34.314186096191406,55.21653366088867,0.611234188079834,0.018085543704944067,7.924427702493195,68.5333251953125,0.0,0.0,0.0,False,0,['worst_quality_percentile'],False,0.7932702260195343,worst_quality_percentile
744,train,32,female,caucasian,neutral,/home/fox/Desktop/Projects/Amrita RLHF/Diffusion_RL_Abi/datasets/appa-real-dataset_v2/train_data/000744.jpg,False,130.22178649902344,36.88447189331055,True,0.16803333333333334,131.9814910888672,42.13872146606445,0.21433806419372559,0.005811064856849247,5.927446774954199,41.4964599609375,0.0,0.0,0.0,False,0,['worst_quality_percentile'],False,0.6685925061633137,worst_quality_percentile
749,train,30,female,caucasian,slightlyhappy,/home/fox/Desktop/Projects/Amrita RLHF/Diffusion_RL_Abi/datasets/appa-real-dataset_v2/train_data/000749.jpg,False,214.62791442871094,35.12282943725586,True,0.03248048048048048,21.539527893066406,25.5469970703125,0.17083382606506348,0.004863896899489479,4.753866841122856,22.48358154296875,0.43973333333333336,0.07883616950283617,0.3973333333333333,True,1,['worst_quality_percentile'],False,0.7382991136119841,worst_quality_percentile
760,train,26,female,caucasian,neutral,/home/fox/Desktop/Projects/Amrita RLHF/Diffusion_RL_Abi/datasets/appa-real-dataset_v2/train_data/000760.jpg,False,14.737750053405762,13.27397632598877,True,0.2890755208333333,20.710046768188477,19.917583465576172,0.053037285804748535,0.003995583576966659,6.040412964052994,51.0614013671875,0.5,0.24296440972222222,1.0,True,1,"['roi_blur_tenengrad', 'black_bars_area', 'worst_quality_percentile']",False,0.8060014679037205,roi_blur_tenengrad;black_bars_area;worst_quality_percentile
761,train,39,female,caucasian,slightlyhappy,/home/fox/Desktop/Projects/Amrita RLHF/Diffusion_RL_Abi/datasets/appa-real-dataset_v2/train_data/000761.jpg,False,274.6442565917969,44.57278823852539,True,0.007308641975308642,2.155794143676758,6.769162178039551,-0.12419557571411133,-0.0027863541374872265,4.127196240769885,22.441162109375,0.0,0.0,0.0,False,0,"['roi_blur_tenengrad', 'roi_blur_laplacian']",False,0.5241733631932551,roi_blur_tenengrad;roi_blur_laplacian
763,train,26,female,caucasian,neutral,/home/fox/Desktop/Projects/Amrita RLHF/Diffusion_RL_Abi/datasets/appa-real-dataset_v2/train_data/000763.jpg,False,65.60289764404297,28.056533813476562,True,0.2680888075074388,72.978515625,33.3565788269043,0.030927181243896484,0.0011023164995073106,5.433490642540869,25.55157470703125,0.442023346303502,0.06917372396429389,0.42023346303501946,True,2,['worst_quality_percentile'],False,0.6706814460733577,worst_quality_percentile
764,train,16,female,caucasian,happy,/home/fox/Desktop/Projects/Amrita RLHF/Diffusion_RL_Abi/datasets/appa-real-dataset_v2/train_data/000764.jpg,False,703.6336059570312,86.36280059814453,True,0.13823142669296515,81.57159423828125,57.29389572143555,0.5829668045043945,0.006750207192409091,6.93400584818283,50.29541015625,0.0,0.0,0.0,False,0,['worst_quality_percentile'],False,0.7031258821536782,worst_quality_percentile
765,train,42,female,caucasian,neutral,/home/fox/Desktop/Projects/Amrita RLHF/Diffusion_RL_Abi/datasets/appa-real-dataset_v2/train_data/000765.jpg,False,449.5662536621094,55.630184173583984,True,0.045576802787954604,29.843402862548828,28.95242691040039,0.575782299041748,0.010350177646274644,4.254419919392539,35.7515869140625,0.0,0.0,0.0,False,0,['worst_quality_percentile'],False,0.7289647514914278,worst_quality_percentile
776,train,20,female,asian,slightlyhappy,/home/fox/Desktop/Projects/Amrita RLHF/Diffusion_RL_Abi/datasets/appa-real-dataset_v2/train_data/000776.jpg,False,455.1776123046875,48.16472244262695,True,0.259308,243.40054321289062,39.02415084838867,0.5333061218261719,0.011072546123127596,4.710613722880654,29.20159912109375,0.0,0.0,0.0,False,0,['worst_quality_percentile'],False,0.6453695165327361,worst_quality_percentile
783,train,20,female,caucasian,slightlyhappy,/home/fox/Desktop/Projects/Amrita RLHF/Diffusion_RL_Abi/datasets/appa-real-dataset_v2/train_data/000783.jpg,False,92.307373046875,58.3649787902832,True,0.23486622073578595,39.2859992980957,50.017608642578125,0.043580055236816406,0.0007466815784637993,9.468273511626085,62.08807373046875,0.0,0.0,0.0,False,0,['worst_quality_percentile'],False,0.6758379283738261,worst_quality_percentile
791,train,15,male,caucasian,slightlyhappy,/home/fox/Desktop/Projects/Amrita RLHF/Diffusion_RL_Abi/datasets/appa-real-dataset_v2/train_data/000791.jpg,False,98.27806854248047,18.588041305541992,False,0.0,237.3673858642578,30.409717559814453,0.18131184577941895,0.009754219556804061,6.413146386514279,46.9180908203125,0.4412037037037037,0.06436856995884774,0.41203703703703703,True,2,['worst_quality_percentile'],False,0.7746391403353595,worst_quality_percentile
793,train,20,female,caucasian,slightlyhappy,/home/fox/Desktop/Projects/Amrita RLHF/Diffusion_RL_Abi/datasets/appa-real-dataset_v2/train_data/000793.jpg,False,260.9320068359375,49.047847747802734,True,0.0034736689814814817,3.476796865463257,21.07010269165039,0.11953306198120117,0.0024370704329118222,4.751238396380782,24.80743408203125,0.0,0.0,0.0,False,0,"['roi_blur_laplacian', 'worst_quality_percentile']",False,0.6486252517078495,roi_blur_laplacian;worst_quality_percentile
799,train,23,female,caucasian,slightlyhappy,/home/fox/Desktop/Projects/Amrita RLHF/Diffusion_RL_Abi/datasets/appa-real-dataset_v2/train_data/000799.jpg,False,492.4962158203125,49.341522216796875,False,0.0,192.92015075683594,42.70405197143555,0.3654012680053711,0.007405553055179719,5.179330607514131,26.4737548828125,0.0,0.0,0.0,False,0,['worst_quality_percentile'],False,0.6306716600485538,worst_quality_percentile
809,train,25,male,caucasian,neutral,/home/fox/Desktop/Projects/Amrita RLHF/Diffusion_RL_Abi/datasets/appa-real-dataset_v2/train_data/000809.jpg,False,352.14678955078125,55.56163024902344,True,0.2822147651006711,210.28375244140625,61.146507263183594,0.08432483673095703,0.001517681083786379,5.894095771004164,44.5968017578125,0.5,0.32264429530201344,1.0,True,1,['black_bars_area'],False,0.6090577187270642,black_bars_area
813,train,35,female,caucasian,slightlyhappy,/home/fox/Desktop/Projects/Amrita RLHF/Diffusion_RL_Abi/datasets/appa-real-dataset_v2/train_data/000813.jpg,False,145.6654815673828,25.472217559814453,True,0.011781333333333333,17.913930892944336,26.59912109375,0.16302180290222168,0.006399984458338802,4.223547845885357,20.06158447265625,0.0,0.0,0.0,False,0,['worst_quality_percentile'],False,0.6444850104446995,worst_quality_percentile
814,train,25,male,caucasian,slightlyhappy,/home/fox/Desktop/Projects/Amrita RLHF/Diffusion_RL_Abi/datasets/appa-real-dataset_v2/train_data/000814.jpg,False,144.27130126953125,44.567955017089844,True,0.02181029196736003,10.60525131225586,32.055908203125,-0.5959539413452148,-0.013371803300036754,5.262738211081987,32.7496337890625,0.09410810810810812,0.06187915664355455,0.7054054054054054,False,2,['roi_blur_laplacian'],False,0.5778459453864538,roi_blur_laplacian
819,train,30,male,caucasian,slightlyhappy,/home/fox/Desktop/Projects/Amrita RLHF/Diffusion_RL_Abi/datasets/appa-real-dataset_v2/train_data/000819.jpg,False,60.64982604980469,36.283050537109375,True,0.3054016620498615,66.0631332397461,35.94972229003906,0.03142547607421875,0.0008661199855827336,8.536499481950678,55.9407958984375,0.0,0.0,0.0,False,0,['worst_quality_percentile'],False,0.697367182942206,worst_quality_percentile
832,train,39,male,caucasian,slightlyhappy,/home/fox/Desktop/Projects/Amrita RLHF/Diffusion_RL_Abi/datasets/appa-real-dataset_v2/train_data/000832.jpg,False,688.2326049804688,75.41351318359375,True,0.26448979591836735,261.064697265625,49.40375900268555,0.8056545257568359,0.01068315850916952,5.048926052365697,42.163818359375,0.0,0.0,0.0,False,0,['worst_quality_percentile'],False,0.6486628902647873,worst_quality_percentile
833,train,24,male,caucasian,neutral,/home/fox/Desktop/Projects/Amrita RLHF/Diffusion_RL_Abi/datasets/appa-real-dataset_v2/train_data/000833.jpg,False,200.26287841796875,43.48539352416992,True,0.3721,141.3314666748047,48.19721984863281,0.1924452781677246,0.0044255152856152715,6.002468756600943,41.05096435546875,0.0,0.0,0.0,False,0,['worst_quality_percentile'],False,0.6317631781997478,worst_quality_percentile
835,train,18,female,caucasian,slightlyhappy,/home/fox/Desktop/Projects/Amrita RLHF/Diffusion_RL_Abi/datasets/appa-real-dataset_v2/train_data/000835.jpg,False,254.0224151611328,39.89232635498047,True,0.17622504340277778,87.57090759277344,28.027782440185547,0.3462033271789551,0.008678443954855704,4.363511966798396,15.9149169921875,0.0,0.0,0.0,False,0,['worst_quality_percentile'],False,0.6427159982686262,worst_quality_percentile
836,train,37,female,caucasian,neutral,/home/fox/Desktop/Projects/Amrita RLHF/Diffusion_RL_Abi/datasets/appa-real-dataset_v2/train_data/000836.jpg,False,357.555908203125,49.63146209716797,True,0.008215426745778184,14.326868057250977,31.501781463623047,0.268096923828125,0.005401753385815921,3.599099490623613,15.067626953125,0.0,0.0,0.0,False,0,['roi_blur_laplacian'],False,0.6104032971375878,roi_blur_laplacian
840,train,23,female,caucasian,slightlyhappy,/home/fox/Desktop/Projects/Amrita RLHF/Diffusion_RL_Abi/datasets/appa-real-dataset_v2/train_data/000840.jpg,False,43.234169006347656,23.19966697692871,False,0.0,64.11527252197266,33.390254974365234,-0.010461926460266113,-0.0004509515597667237,7.294769198736003,51.30023193359375,0.46351851851851855,0.05713541666666667,0.6351851851851852,True,1,['worst_quality_percentile'],False,0.7415924873440352,worst_quality_percentile
849,train,27,male,caucasian,neutral,/home/fox/Desktop/Projects/Amrita RLHF/Diffusion_RL_Abi/datasets/appa-real-dataset_v2/train_data/000849.jpg,False,132.89804077148438,28.495405197143555,True,0.37602319236016374,122.86172485351562,29.142051696777344,0.29613327980041504,0.010392316493108988,5.379483493751813,22.625732421875,0.0,0.0,0.0,False,0,['worst_quality_percentile'],False,0.678886651485782,worst_quality_percentile
851,train,75,male,caucasian,slightlyhappy,/home/fox/Desktop/Projects/Amrita RLHF/Diffusion_RL_Abi/datasets/appa-real-dataset_v2/train_data/000851.jpg,False,208.90008544921875,47.804256439208984,True,0.15310301375616928,115.43365478515625,52.49208068847656,0.42732715606689453,0.008939102476600786,4.88645816863679,37.4227294921875,0.0,0.0,0.0,False,0,['worst_quality_percentile'],False,0.645106046634172,worst_quality_percentile
854,train,15,male,caucasian,neutral,/home/fox/Desktop/Projects/Amrita RLHF/Diffusion_RL_Abi/datasets/appa-real-dataset_v2/train_data/000854.jpg,False,281.23101806640625,37.76335525512695,True,0.1042751736111111,19.388246536254883,37.988616943359375,-0.0722661018371582,-0.001913656756272742,7.206269919871236,61.22052001953125,0.0,0.0,0.0,False,0,['worst_quality_percentile'],False,0.6591075898150064,worst_quality_percentile
857,train,18,female,asian,slightlyhappy,/home/fox/Desktop/Projects/Amrita RLHF/Diffusion_RL_Abi/datasets/appa-real-dataset_v2/train_data/000857.jpg,False,322.03326416015625,56.759002685546875,True,0.1387927720107651,65.64761352539062,53.31703186035156,-0.0406336784362793,-0.0007158983737874572,6.978807358787333,56.49884033203125,0.08784313725490196,0.04045452603699432,0.39215686274509803,False,1,['worst_quality_percentile'],False,0.6537252761729115,worst_quality_percentile
861,train,75,female,caucasian,slightlyhappy,/home/fox/Desktop/Projects/Amrita RLHF/Diffusion_RL_Abi/datasets/appa-real-dataset_v2/train_data/000861.jpg,False,340.7001647949219,61.15644454956055,True,0.12484444444444444,84.71664428710938,64.0332260131836,0.39415979385375977,0.006445106322183764,7.321035751113863,56.98651123046875,0.0,0.0,0.0,False,0,['worst_quality_percentile'],False,0.6907804354781037,worst_quality_percentile
862,train,25,female,asian,slightlyhappy,/home/fox/Desktop/Projects/Amrita RLHF/Diffusion_RL_Abi/datasets/appa-real-dataset_v2/train_data/000862.jpg,False,2246.05078125,112.29609680175781,True,0.01632716049382716,57.23283386230469,36.75661087036133,1.7476959228515625,0.01556328275927149,3.338244394532513,30.50140380859375,0.0,0.0,0.0,False,0,['worst_quality_percentile'],False,0.6765342416771741,worst_quality_percentile
866,train,7,male,caucasian,slightlyhappy,/home/fox/Desktop/Projects/Amrita RLHF/Diffusion_RL_Abi/datasets/appa-real-dataset_v2/train_data/000866.jpg,False,77.13142395019531,31.802268981933594,True,0.1698438934802571,57.35161590576172,54.27253723144531,0.15833687782287598,0.004978791699863715,7.349953509948632,55.8359375,0.0,0.0,0.0,False,0,['worst_quality_percentile'],False,0.6927940982742722,worst_quality_percentile
869,train,40,female,caucasian,slightlyhappy,/home/fox/Desktop/Projects/Amrita RLHF/Diffusion_RL_Abi/datasets/appa-real-dataset_v2/train_data/000869.jpg,False,460.78045654296875,31.808982849121094,True,0.024075520833333332,64.3255844116211,45.435035705566406,-0.6215090751647949,-0.01953879061691459,12.270536960422975,46.4781494140625,0.0,0.0,0.0,False,0,['niqe'],False,0.526958616406647,niqe
878,train,22,male,caucasian,neutral,/home/fox/Desktop/Projects/Amrita RLHF/Diffusion_RL_Abi/datasets/appa-real-dataset_v2/train_data/000878.jpg,False,198.66017150878906,32.79134750366211,True,0.211669921875,138.83433532714844,45.064395904541016,0.21290993690490723,0.006492869205459167,6.174901555511767,46.86712646484375,0.0,0.0,0.0,False,0,['worst_quality_percentile'],False,0.6747275909441631,worst_quality_percentile
883,train,13,female,caucasian,slightlyhappy,/home/fox/Desktop/Projects/Amrita RLHF/Diffusion_RL_Abi/datasets/appa-real-dataset_v2/train_data/000883.jpg,False,725.2393798828125,59.944583892822266,True,0.149769,496.9067077636719,62.37897491455078,6.167481899261475,0.10288638932588498,4.17324338720052,18.891357421875,0.0,0.0,0.0,False,0,['jpeg_blockiness'],False,0.5100589043416076,jpeg_blockiness
885,train,17,male,caucasian,neutral,/home/fox/Desktop/Projects/Amrita RLHF/Diffusion_RL_Abi/datasets/appa-real-dataset_v2/train_data/000885.jpg,False,276.0236511230469,38.65975570678711,True,0.23380208333333333,168.68667602539062,40.12356185913086,0.32400035858154297,0.008380817319646025,6.263927260531945,16.65740966796875,0.08931250000000002,0.057587890625,0.465625,False,1,['worst_quality_percentile'],False,0.7025424845211434,worst_quality_percentile
887,train,16,female,caucasian,slightlyhappy,/home/fox/Desktop/Projects/Amrita RLHF/Diffusion_RL_Abi/datasets/appa-real-dataset_v2/train_data/000887.jpg,False,269.2558288574219,37.81133270263672,True,0.05333333333333334,74.44086456298828,39.344635009765625,0.7372894287109375,0.019499164840607666,4.181842839717252,21.608642578125,0.0,0.0,0.0,False,0,['worst_quality_percentile'],False,0.6682913977078118,worst_quality_percentile
891,train,52,male,caucasian,slightlyhappy,/home/fox/Desktop/Projects/Amrita RLHF/Diffusion_RL_Abi/datasets/appa-real-dataset_v2/train_data/000891.jpg,False,354.8861083984375,70.19679260253906,True,0.016875,2.790309429168701,15.95483684539795,0.24460792541503906,0.00348460254182025,6.082620953443639,47.7344970703125,0.0,0.0,0.0,False,0,"['roi_blur_tenengrad', 'roi_blur_laplacian', 'worst_quality_percentile']",False,0.7559327775373091,roi_blur_tenengrad;roi_blur_laplacian;worst_quality_percentile
892,train,47,male,caucasian,neutral,/home/fox/Desktop/Projects/Amrita RLHF/Diffusion_RL_Abi/datasets/appa-real-dataset_v2/train_data/000892.jpg,False,147.9676055908203,29.505475997924805,True,0.009633333333333334,14.2275972366333,28.089536666870117,-0.11408495903015137,-0.003866568875947176,4.973803199256397,28.50701904296875,0.0,0.0,0.0,False,0,['roi_blur_laplacian'],False,0.5513295820238252,roi_blur_laplacian
894,train,29,male,afroamerican,happy,/home/fox/Desktop/Projects/Amrita RLHF/Diffusion_RL_Abi/datasets/appa-real-dataset_v2/train_data/000894.jpg,False,43.76548767089844,30.625547409057617,True,0.4199619237851503,68.94476318359375,38.3478889465332,0.13094711303710938,0.004275747532357046,8.764325512200296,63.5841064453125,0.0,0.0,0.0,False,0,['worst_quality_percentile'],False,0.7513785121478442,worst_quality_percentile
896,train,27,female,caucasian,neutral,/home/fox/Desktop/Projects/Amrita RLHF/Diffusion_RL_Abi/datasets/appa-real-dataset_v2/train_data/000896.jpg,False,125.58895111083984,44.61138153076172,True,0.21836263020833332,92.97283172607422,39.7938117980957,0.060329437255859375,0.0013523328315202807,6.1539335863326405,43.30810546875,0.0,0.0,0.0,False,0,['worst_quality_percentile'],False,0.6292790334418578,worst_quality_percentile
897,train,50,male,caucasian,slightlyhappy,/home/fox/Desktop/Projects/Amrita RLHF/Diffusion_RL_Abi/datasets/appa-real-dataset_v2/train_data/000897.jpg,False,567.1172485351562,42.65155029296875,True,0.30646408839779005,293.5078430175781,46.090362548828125,0.5165286064147949,0.012110429533191362,4.683231203293707,20.42333984375,0.08580000000000002,0.037679558011049726,0.29,False,1,['worst_quality_percentile'],False,0.6499426012006699,worst_quality_percentile
898,train,25,male,caucasian,other,/home/fox/Desktop/Projects/Amrita RLHF/Diffusion_RL_Abi/datasets/appa-real-dataset_v2/train_data/000898.jpg,False,537.0979614257812,63.5550651550293,True,0.20871447344688088,179.06800842285156,66.21455383300781,0.30808401107788086,0.004847513026363223,6.7628505089587225,48.59979248046875,0.46751269035533,0.06421190960859595,0.6751269035532995,True,1,['worst_quality_percentile'],False,0.6901029414532246,worst_quality_percentile
900,train,34,female,caucasian,slightlyhappy,/home/fox/Desktop/Projects/Amrita RLHF/Diffusion_RL_Abi/datasets/appa-real-dataset_v2/train_data/000900.jpg,False,266.0128479003906,51.08233642578125,True,0.0937890625,21.024986267089844,41.040889739990234,0.268404483795166,0.005254350081085019,7.552037073078697,59.5284423828125,0.0,0.0,0.0,False,0,['worst_quality_percentile'],False,0.7829572614185972,worst_quality_percentile
903,train,19,male,caucasian,neutral,/home/fox/Desktop/Projects/Amrita RLHF/Diffusion_RL_Abi/datasets/appa-real-dataset_v2/train_data/000903.jpg,False,42.33964157104492,24.662418365478516,True,0.18449110320284698,46.440528869628906,27.041767120361328,0.08356106281280518,0.0033881940605458467,6.352311701286142,52.95953369140625,0.0,0.0,0.0,False,0,['worst_quality_percentile'],False,0.7177296422455164,worst_quality_percentile
904,train,3,male,caucasian,other,/home/fox/Desktop/Projects/Amrita RLHF/Diffusion_RL_Abi/datasets/appa-real-dataset_v2/train_data/000904.jpg,False,257.31878662109375,58.9853515625,True,0.19641012396694216,108.64215087890625,54.412410736083984,1.522315502166748,0.025808364891160486,4.812901696891866,39.427490234375,0.0,0.0,0.0,False,0,['worst_quality_percentile'],False,0.6761766753862657,worst_quality_percentile
907,train,1,female,caucasian,slightlyhappy,/home/fox/Desktop/Projects/Amrita RLHF/Diffusion_RL_Abi/datasets/appa-real-dataset_v2/train_data/000907.jpg,False,108.75133514404297,37.52405548095703,True,0.2998866213151927,23.90943145751953,25.195533752441406,0.05063676834106445,0.001349448143133511,7.271755090194081,43.652099609375,0.0,0.0,0.0,False,0,['worst_quality_percentile'],False,0.7042174003048723,worst_quality_percentile
911,train,29,female,caucasian,neutral,/home/fox/Desktop/Projects/Amrita RLHF/Diffusion_RL_Abi/datasets/appa-real-dataset_v2/train_data/000911.jpg,False,100.46895599365234,39.58844757080078,True,0.02224537037037037,2.7250211238861084,8.982053756713867,-0.03729891777038574,-0.0009421666955116871,6.22428774493121,48.400390625,0.0,0.0,0.0,False,0,"['roi_blur_tenengrad', 'roi_blur_laplacian', 'worst_quality_percentile']",False,0.6654308673805447,roi_blur_tenengrad;roi_blur_laplacian;worst_quality_percentile
918,train,18,female,caucasian,neutral,/home/fox/Desktop/Projects/Amrita RLHF/Diffusion_RL_Abi/datasets/appa-real-dataset_v2/train_data/000918.jpg,False,52.18300247192383,22.460309982299805,True,0.07616133333333333,11.380263328552246,16.06792449951172,-0.1974475383758545,-0.008790953007349545,5.699121357472942,28.57513427734375,0.0,0.0,0.0,False,0,"['roi_blur_tenengrad', 'roi_blur_laplacian']",False,0.5459660876601992,roi_blur_tenengrad;roi_blur_laplacian
924,train,46,male,caucasian,slightlyhappy,/home/fox/Desktop/Projects/Amrita RLHF/Diffusion_RL_Abi/datasets/appa-real-dataset_v2/train_data/000924.jpg,False,145.99900817871094,23.144441604614258,True,0.22297633144745113,152.63925170898438,37.23074722290039,0.3304131031036377,0.014276131369772713,4.954105216548559,66.9873046875,0.09209713024282562,0.1179736268877096,0.6048565121412803,False,1,['worst_quality_percentile'],False,0.7994805879142595,worst_quality_percentile
937,train,14,male,caucasian,slightlyhappy,/home/fox/Desktop/Projects/Amrita RLHF/Diffusion_RL_Abi/datasets/appa-real-dataset_v2/train_data/000937.jpg,False,290.8574523925781,55.78458786010742,True,0.147685546875,109.36731719970703,43.03300476074219,0.4541192054748535,0.008140585325700993,5.426874439924242,43.6588134765625,0.0,0.0,0.0,False,0,['worst_quality_percentile'],False,0.7033893520522423,worst_quality_percentile
942,train,19,male,caucasian,slightlyhappy,/home/fox/Desktop/Projects/Amrita RLHF/Diffusion_RL_Abi/datasets/appa-real-dataset_v2/train_data/000942.jpg,False,107.47986602783203,18.23690414428711,True,0.188681640625,59.4420051574707,23.804706573486328,0.3216986656188965,0.017639981294724875,6.681930625460964,62.0777587890625,0.47421875,0.16080186631944443,0.7421875,True,1,['worst_quality_percentile'],False,0.8987522818375143,worst_quality_percentile
943,train,5,female,caucasian,neutral,/home/fox/Desktop/Projects/Amrita RLHF/Diffusion_RL_Abi/datasets/appa-real-dataset_v2/train_data/000943.jpg,False,36.61170959472656,32.382652282714844,True,0.31074694431869626,34.299198150634766,37.3126335144043,-0.08710241317749023,-0.0026897861770945005,8.288513468013216,60.68316650390625,0.0,0.0,0.0,False,0,['worst_quality_percentile'],False,0.656416432993959,worst_quality_percentile
944,train,42,male,caucasian,slightlyhappy,/home/fox/Desktop/Projects/Amrita RLHF/Diffusion_RL_Abi/datasets/appa-real-dataset_v2/train_data/000944.jpg,False,134.96673583984375,41.828495025634766,True,0.044938438438438436,42.043601989746094,39.77423095703125,0.031046628952026367,0.0007422363197806422,5.8738176714486485,43.735107421875,0.0,0.0,0.0,False,0,['worst_quality_percentile'],False,0.6324783107815646,worst_quality_percentile
948,train,36,male,caucasian,slightlyhappy,/home/fox/Desktop/Projects/Amrita RLHF/Diffusion_RL_Abi/datasets/appa-real-dataset_v2/train_data/000948.jpg,False,130.68136596679688,26.303756713867188,True,0.3094812983564529,234.4648895263672,41.85007858276367,0.346189022064209,0.01316120022964248,3.859020827458477,26.01971435546875,0.08798516687268233,0.03327839582474935,0.3992583436341162,False,1,['worst_quality_percentile'],False,0.6497920469729189,worst_quality_percentile
949,train,50,male,caucasian,slightlyhappy,/home/fox/Desktop/Projects/Amrita RLHF/Diffusion_RL_Abi/datasets/appa-real-dataset_v2/train_data/000949.jpg,False,52.59694290161133,25.125507354736328,True,0.33035636300113547,88.15219116210938,35.670265197753906,0.03372359275817871,0.0013422053907148743,7.912308035726485,56.65875244140625,0.0,0.0,0.0,False,0,['worst_quality_percentile'],False,0.6938667971469973,worst_quality_percentile
951,train,85,female,asian,slightlyhappy,/home/fox/Desktop/Projects/Amrita RLHF/Diffusion_RL_Abi/datasets/appa-real-dataset_v2/train_data/000951.jpg,False,370.93603515625,52.58885955810547,True,0.20226197474874724,216.23077392578125,62.025325775146484,0.3410611152648926,0.006485425081383042,6.8035883856389825,51.97601318359375,0.0,0.0,0.0,False,0,['worst_quality_percentile'],False,0.632421852946158,worst_quality_percentile
958,train,28,male,asian,neutral,/home/fox/Desktop/Projects/Amrita RLHF/Diffusion_RL_Abi/datasets/appa-real-dataset_v2/train_data/000958.jpg,False,904.608642578125,70.62916564941406,True,0.30767822265625,434.1465759277344,66.27613067626953,2.519376277923584,0.03567048002178976,5.0193884361953645,18.22601318359375,0.1,0.13703857421875,1.0,False,1,['jpeg_blockiness'],False,0.606112501646687,jpeg_blockiness
959,train,23,male,caucasian,neutral,/home/fox/Desktop/Projects/Amrita RLHF/Diffusion_RL_Abi/datasets/appa-real-dataset_v2/train_data/000959.jpg,False,501.5561828613281,73.79497528076172,True,0.12755102040816327,48.169769287109375,49.877628326416016,0.48372364044189453,0.006554967083416501,6.941761385682472,44.361328125,0.0,0.0,0.0,False,0,['worst_quality_percentile'],False,0.7268381730244462,worst_quality_percentile
966,train,14,male,caucasian,neutral,/home/fox/Desktop/Projects/Amrita RLHF/Diffusion_RL_Abi/datasets/appa-real-dataset_v2/train_data/000966.jpg,False,135.00682067871094,32.669761657714844,True,0.20508138020833333,214.40232849121094,39.50371170043945,0.24335479736328125,0.0074489306798136146,6.034706439186677,40.83154296875,0.0,0.0,0.0,False,0,['worst_quality_percentile'],False,0.6673316145058997,worst_quality_percentile
968,train,25,female,caucasian,neutral,/home/fox/Desktop/Projects/Amrita RLHF/Diffusion_RL_Abi/datasets/appa-real-dataset_v2/train_data/000968.jpg,False,28.354904174804688,32.94866943359375,True,0.40651322012521957,45.188114166259766,51.90385818481445,0.025702238082885742,0.0007800690511833309,7.5739975139151205,59.03851318359375,0.0,0.0,0.0,False,0,['worst_quality_percentile'],False,0.6508835651241132,worst_quality_percentile
969,train,18,female,caucasian,slightlyhappy,/home/fox/Desktop/Projects/Amrita RLHF/Diffusion_RL_Abi/datasets/appa-real-dataset_v2/train_data/000969.jpg,False,178.6483154296875,42.55272674560547,True,0.03796875,26.477294921875,24.67110824584961,0.38135242462158203,0.008961879644976821,4.580780207377286,8.91357421875,0.0,0.0,0.0,False,0,['worst_quality_percentile'],False,0.6630031804580613,worst_quality_percentile
972,train,19,male,caucasian,neutral,/home/fox/Desktop/Projects/Amrita RLHF/Diffusion_RL_Abi/datasets/appa-real-dataset_v2/train_data/000972.jpg,False,529.7216186523438,46.519020080566406,True,0.13216254340277778,293.4507141113281,44.519893646240234,1.028425693511963,0.022107638329938843,4.76193196964992,33.7581787109375,0.0,0.0,0.0,False,0,['worst_quality_percentile'],False,0.6509400229595197,worst_quality_percentile
973,train,25,female,caucasian,neutral,/home/fox/Desktop/Projects/Amrita RLHF/Diffusion_RL_Abi/datasets/appa-real-dataset_v2/train_data/000973.jpg,False,63.227561950683594,25.751426696777344,True,0.21194899133416312,42.500518798828125,36.146366119384766,0.12099003791809082,0.0046983817496546836,6.228748627647247,32.4669189453125,0.0,0.0,0.0,False,0,['worst_quality_percentile'],False,0.6831774469766829,worst_quality_percentile
975,train,14,female,caucasian,neutral,/home/fox/Desktop/Projects/Amrita RLHF/Diffusion_RL_Abi/datasets/appa-real-dataset_v2/train_data/000975.jpg,False,1737.0594482421875,77.20429229736328,True,0.14824797843665768,107.8891830444336,46.01725769042969,0.5933527946472168,0.007685489618586811,4.297340441953849,37.6041259765625,0.0,0.0,0.0,False,0,['worst_quality_percentile'],False,0.6544215894762594,worst_quality_percentile
977,train,4,female,asian,neutral,/home/fox/Desktop/Projects/Amrita RLHF/Diffusion_RL_Abi/datasets/appa-real-dataset_v2/train_data/000977.jpg,False,159.60714721679688,48.46304702758789,True,0.1939649386560713,58.01689147949219,39.43971252441406,0.2199721336364746,0.004538966131706246,7.237729829692598,47.1982421875,0.0,0.0,0.0,False,0,['worst_quality_percentile'],False,0.7315994504770688,worst_quality_percentile
980,train,15,male,caucasian,neutral,/home/fox/Desktop/Projects/Amrita RLHF/Diffusion_RL_Abi/datasets/appa-real-dataset_v2/train_data/000980.jpg,False,181.10842895507812,40.34380340576172,True,0.13414388020833334,65.21006774902344,38.92933654785156,0.3215372562408447,0.00796992898852455,4.553832755077446,17.748291015625,0.0,0.0,0.0,False,0,['worst_quality_percentile'],False,0.6375406966896888,worst_quality_percentile
981,train,50,male,caucasian,neutral,/home/fox/Desktop/Projects/Amrita RLHF/Diffusion_RL_Abi/datasets/appa-real-dataset_v2/train_data/000981.jpg,False,82.7037582397461,27.065563201904297,True,0.06754337899543379,17.114831924438477,27.70412826538086,-0.06077384948730469,-0.002245430726436832,6.618098079175298,47.46630859375,0.08773333333333334,0.07371689497716895,0.38666666666666666,False,1,['worst_quality_percentile'],False,0.7013192314206673,worst_quality_percentile
982,train,25,female,caucasian,slightlyhappy,/home/fox/Desktop/Projects/Amrita RLHF/Diffusion_RL_Abi/datasets/appa-real-dataset_v2/train_data/000982.jpg,False,85.73487854003906,35.48108673095703,True,0.1522903033908388,29.771860122680664,42.15251922607422,0.1403188705444336,0.003954751094679835,7.509658807369948,55.3912353515625,0.0,0.0,0.0,False,0,['worst_quality_percentile'],False,0.7391459811430829,worst_quality_percentile
983,train,19,male,caucasian,slightlyhappy,/home/fox/Desktop/Projects/Amrita RLHF/Diffusion_RL_Abi/datasets/appa-real-dataset_v2/train_data/000983.jpg,False,22.221372604370117,17.63404655456543,True,0.16187825520833332,11.240671157836914,18.83401107788086,0.006739258766174316,0.00038217310831905585,7.851636599217581,60.04669189453125,0.0,0.0,0.0,False,0,"['roi_blur_tenengrad', 'roi_blur_laplacian', 'worst_quality_percentile']",False,0.73306735419764,roi_blur_tenengrad;roi_blur_laplacian;worst_quality_percentile
992,train,27,male,caucasian,neutral,/home/fox/Desktop/Projects/Amrita RLHF/Diffusion_RL_Abi/datasets/appa-real-dataset_v2/train_data/000992.jpg,False,426.05029296875,68.7210922241211,True,0.10096951698838326,39.490901947021484,50.420467376708984,0.20040130615234375,0.002916154222092656,6.504869535912976,49.01580810546875,0.0,0.0,0.0,False,0,['worst_quality_percentile'],False,0.6736925306283758,worst_quality_percentile
993,train,25,male,caucasian,neutral,/home/fox/Desktop/Projects/Amrita RLHF/Diffusion_RL_Abi/datasets/appa-real-dataset_v2/train_data/000993.jpg,False,124.21295166015625,33.64964294433594,True,0.24705017331325935,86.44976806640625,44.297035217285156,0.04628324508666992,0.00137544531416834,7.732229600079076,58.25177001953125,0.0,0.0,0.0,False,0,['worst_quality_percentile'],False,0.6734666992867494,worst_quality_percentile
1001,train,39,female,caucasian,slightlyhappy,/home/fox/Desktop/Projects/Amrita RLHF/Diffusion_RL_Abi/datasets/appa-real-dataset_v2/train_data/001001.jpg,False,117.01919555664062,28.477670669555664,True,0.131513671875,193.33334350585938,49.141075134277344,0.350663423538208,0.012313626886607032,5.194574730018378,30.597900390625,0.0,0.0,0.0,False,0,['worst_quality_percentile'],False,0.6315749854150592,worst_quality_percentile
1006,train,19,male,caucasian,neutral,/home/fox/Desktop/Projects/Amrita RLHF/Diffusion_RL_Abi/datasets/appa-real-dataset_v2/train_data/001006.jpg,False,188.4722137451172,51.92995834350586,True,0.29578331794398277,164.32699584960938,56.4523811340332,0.45194244384765625,0.008702923121086061,6.097394107242991,43.75048828125,0.0,0.0,0.0,False,0,['worst_quality_percentile'],False,0.6518433483260252,worst_quality_percentile
1009,train,22,female,caucasian,neutral,/home/fox/Desktop/Projects/Amrita RLHF/Diffusion_RL_Abi/datasets/appa-real-dataset_v2/train_data/001009.jpg,False,100.98847961425781,32.250614166259766,True,0.126075,56.610328674316406,34.88224792480469,0.6623091697692871,0.020536326713612198,5.2504426257443955,32.21368408203125,0.0,0.0,0.0,False,0,['worst_quality_percentile'],False,0.7470688973784744,worst_quality_percentile
1013,train,16,male,caucasian,slightlyhappy,/home/fox/Desktop/Projects/Amrita RLHF/Diffusion_RL_Abi/datasets/appa-real-dataset_v2/train_data/001013.jpg,False,172.0595703125,34.146392822265625,True,0.27198039942906593,269.2089538574219,55.85873031616211,-0.12291240692138672,-0.0035995721118064305,4.325502726378618,36.35693359375,0.5,0.4012947166121582,1.0,True,1,['black_bars_area'],False,0.4701149857914447,black_bars_area
1017,train,5,female,asian,neutral,/home/fox/Desktop/Projects/Amrita RLHF/Diffusion_RL_Abi/datasets/appa-real-dataset_v2/train_data/001017.jpg,False,307.9129333496094,51.427833557128906,True,0.22850501147204444,178.9469757080078,49.700584411621094,0.2291269302368164,0.004455309701642006,6.989626107427345,46.34539794921875,0.0,0.0,0.0,False,0,['worst_quality_percentile'],False,0.6512787699719593,worst_quality_percentile
1021,train,39,female,asian,slightlyhappy,/home/fox/Desktop/Projects/Amrita RLHF/Diffusion_RL_Abi/datasets/appa-real-dataset_v2/train_data/001021.jpg,False,25.33758544921875,22.091983795166016,True,0.25418402777777777,30.382587432861328,27.599550247192383,-0.06989097595214844,-0.0031636349834642924,6.816644033029764,42.83099365234375,0.1,0.2948220486111111,1.0,False,1,['worst_quality_percentile'],False,0.6958804599431658,worst_quality_percentile
1034,train,36,female,caucasian,slightlyhappy,/home/fox/Desktop/Projects/Amrita RLHF/Diffusion_RL_Abi/datasets/appa-real-dataset_v2/train_data/001034.jpg,False,412.91729736328125,39.6109619140625,True,0.36180874594474766,58.582679748535156,28.087892532348633,2.9641494750976562,0.07483154301319289,6.197507402305466,53.24407958984375,0.0,0.0,0.0,False,0,"['jpeg_blockiness', 'worst_quality_percentile']",False,0.82612868622617,jpeg_blockiness;worst_quality_percentile
1037,train,40,male,caucasian,neutral,/home/fox/Desktop/Projects/Amrita RLHF/Diffusion_RL_Abi/datasets/appa-real-dataset_v2/train_data/001037.jpg,False,811.880126953125,82.21240234375,True,0.12430144641683104,41.888790130615234,54.84915542602539,0.18534040451049805,0.0022544092736900643,7.164062078403881,46.90740966796875,0.09602564102564104,0.340318869165023,0.8012820512820513,False,1,['worst_quality_percentile'],False,0.7268946308598528,worst_quality_percentile
1039,train,5,female,caucasian,neutral,/home/fox/Desktop/Projects/Amrita RLHF/Diffusion_RL_Abi/datasets/appa-real-dataset_v2/train_data/001039.jpg,False,125.64049530029297,61.00605010986328,True,0.2137819401086831,36.08726501464844,45.4270133972168,-0.06943178176879883,-0.0011381130315050551,8.170179473559102,56.4517822265625,0.0,0.0,0.0,False,0,['worst_quality_percentile'],False,0.6421514199145604,worst_quality_percentile
1043,train,3,male,caucasian,neutral,/home/fox/Desktop/Projects/Amrita RLHF/Diffusion_RL_Abi/datasets/appa-real-dataset_v2/train_data/001043.jpg,False,43.46088409423828,27.70139503479004,True,0.13306435663146235,25.220029830932617,36.44215774536133,-0.07230043411254883,-0.002609992435823346,7.794420341148836,63.350830078125,0.0,0.0,0.0,False,0,['worst_quality_percentile'],False,0.6655814216082955,worst_quality_percentile
1044,train,41,female,caucasian,neutral,/home/fox/Desktop/Projects/Amrita RLHF/Diffusion_RL_Abi/datasets/appa-real-dataset_v2/train_data/001044.jpg,False,425.0799560546875,42.89303207397461,True,0.005638972305638972,14.518942832946777,40.137691497802734,-0.5275237560272217,-0.012298588330590622,3.924855502390693,21.95770263671875,0.0,0.0,0.0,False,0,['roi_blur_laplacian'],False,0.41933116284321664,roi_blur_laplacian
1049,train,5,female,caucasian,neutral,/home/fox/Desktop/Projects/Amrita RLHF/Diffusion_RL_Abi/datasets/appa-real-dataset_v2/train_data/001049.jpg,False,548.7753295898438,97.09376525878906,True,0.11890606420927467,41.206634521484375,61.400718688964844,0.2279682159423828,0.0023479181488826714,7.487464092236849,53.92205810546875,0.0,0.0,0.0,False,0,['worst_quality_percentile'],False,0.6639441443815043,worst_quality_percentile
1051,train,60,male,caucasian,slightlyhappy,/home/fox/Desktop/Projects/Amrita RLHF/Diffusion_RL_Abi/datasets/appa-real-dataset_v2/train_data/001051.jpg,False,886.1958618164062,71.25373077392578,True,0.041259765625,631.081787109375,69.42196655273438,4.545094966888428,0.0637874656349106,4.501999702205732,7.779296875,0.0,0.0,0.0,False,0,['jpeg_blockiness'],False,0.46677456386322147,jpeg_blockiness
1054,train,18,male,caucasian,neutral,/home/fox/Desktop/Projects/Amrita RLHF/Diffusion_RL_Abi/datasets/appa-real-dataset_v2/train_data/001054.jpg,False,525.7095336914062,56.476783752441406,True,0.22760850694444446,160.49761962890625,49.66587829589844,0.6109752655029297,0.010818166582624343,4.148238033692544,18.89178466796875,0.08887500000000001,0.04479166666666667,0.44375,False,1,['worst_quality_percentile'],False,0.6474302275250767,worst_quality_percentile
1055,train,20,male,caucasian,slightlyhappy,/home/fox/Desktop/Projects/Amrita RLHF/Diffusion_RL_Abi/datasets/appa-real-dataset_v2/train_data/001055.jpg,False,79.16241455078125,26.81666374206543,True,0.06727706587896436,18.570985794067383,38.746524810791016,-0.04251384735107422,-0.001585351786286298,6.779356766696899,54.17803955078125,0.0,0.0,0.0,False,0,['worst_quality_percentile'],False,0.6478536612906262,worst_quality_percentile
1058,train,18,male,caucasian,neutral,/home/fox/Desktop/Projects/Amrita RLHF/Diffusion_RL_Abi/datasets/appa-real-dataset_v2/train_data/001058.jpg,False,784.815673828125,61.13840103149414,True,0.052444847687051106,68.66059875488281,36.059844970703125,0.3801712989807129,0.006218207973196221,4.095365191504733,21.9976806640625,0.0,0.0,0.0,False,0,['worst_quality_percentile'],False,0.6328735156294109,worst_quality_percentile
1064,train,25,male,caucasian,neutral,/home/fox/Desktop/Projects/Amrita RLHF/Diffusion_RL_Abi/datasets/appa-real-dataset_v2/train_data/001064.jpg,False,64.82814025878906,21.346925735473633,True,0.046875,33.93794631958008,34.21659851074219,0.2360680103302002,0.011058641520416614,4.967683658139421,26.98095703125,0.0,0.0,0.0,False,0,['worst_quality_percentile'],False,0.6998513277000961,worst_quality_percentile
1066,train,25,female,caucasian,slightlyhappy,/home/fox/Desktop/Projects/Amrita RLHF/Diffusion_RL_Abi/datasets/appa-real-dataset_v2/train_data/001066.jpg,False,378.69696044921875,38.042808532714844,True,0.020833333333333332,10.473440170288086,22.551746368408203,0.051461219787597656,0.0013527186982166413,2.5825990774990575,10.4708251953125,0.0,0.0,0.0,False,0,['roi_blur_laplacian'],False,0.5086662777349117,roi_blur_laplacian
1071,train,8,male,caucasian,neutral,/home/fox/Desktop/Projects/Amrita RLHF/Diffusion_RL_Abi/datasets/appa-real-dataset_v2/train_data/001071.jpg,False,600.634521484375,43.60723876953125,True,0.038392223011363635,68.57889556884766,43.43614196777344,0.4395484924316406,0.010079713707051848,4.215753501346302,26.16973876953125,0.0,0.0,0.0,False,0,['worst_quality_percentile'],False,0.6491898300619153,worst_quality_percentile
1072,train,47,female,caucasian,slightlyhappy,/home/fox/Desktop/Projects/Amrita RLHF/Diffusion_RL_Abi/datasets/appa-real-dataset_v2/train_data/001072.jpg,False,97.959716796875,52.329322814941406,True,0.16575539568345324,31.207948684692383,40.623050689697266,0.0018777847290039062,3.588398611158337e-05,7.209990069825087,58.8531494140625,0.0,0.0,0.0,False,0,['worst_quality_percentile'],False,0.6780021453977455,worst_quality_percentile
1099,train,2,female,caucasian,happy,/home/fox/Desktop/Projects/Amrita RLHF/Diffusion_RL_Abi/datasets/appa-real-dataset_v2/train_data/001099.jpg,False,659.3090209960938,64.44503021240234,True,0.34411618823237644,453.4661865234375,51.34339904785156,0.9630217552185059,0.014943304970161515,6.630071532002471,46.1365966796875,0.0,0.0,0.0,False,0,['worst_quality_percentile'],False,0.6608954212695485,worst_quality_percentile
1101,train,14,female,caucasian,slightlyhappy,/home/fox/Desktop/Projects/Amrita RLHF/Diffusion_RL_Abi/datasets/appa-real-dataset_v2/train_data/001101.jpg,False,714.7593994140625,60.20936965942383,True,0.23296533333333333,698.552490234375,85.71906280517578,-1.440718650817871,-0.02392847882379208,5.127350549091952,42.28118896484375,1.0,0.12499466666666667,1.0,True,2,['black_bars_score'],False,0.35210870015243617,black_bars_score
1111,train,10,male,caucasian,slightlyhappy,/home/fox/Desktop/Projects/Amrita RLHF/Diffusion_RL_Abi/datasets/appa-real-dataset_v2/train_data/001111.jpg,False,124.10617065429688,56.053794860839844,True,0.19140625,36.39604187011719,47.3046989440918,-0.06863117218017578,-0.0012243804567769283,8.122462264896722,57.885986328125,0.0,0.0,0.0,False,0,['worst_quality_percentile'],False,0.6366561906016523,worst_quality_percentile
1113,train,27,female,asian,neutral,/home/fox/Desktop/Projects/Amrita RLHF/Diffusion_RL_Abi/datasets/appa-real-dataset_v2/train_data/001113.jpg,False,170.78103637695312,41.15777587890625,True,0.34453125,125.1633071899414,36.586769104003906,0.7567582130432129,0.018386761152569896,4.885542631459088,33.4091796875,0.0,0.0,0.0,False,0,['worst_quality_percentile'],False,0.7139469672732747,worst_quality_percentile
1116,train,37,female,caucasian,happy,/home/fox/Desktop/Projects/Amrita RLHF/Diffusion_RL_Abi/datasets/appa-real-dataset_v2/train_data/001116.jpg,False,233.3998260498047,29.503999710083008,True,0.10993059936908517,339.7201843261719,68.68415069580078,0.54561448097229,0.01849289817790121,4.962367132152798,48.6282958984375,0.42660000000000003,0.03358517350157729,0.266,True,1,['worst_quality_percentile'],False,0.6637559515968157,worst_quality_percentile
1117,train,18,female,caucasian,slightlyhappy,/home/fox/Desktop/Projects/Amrita RLHF/Diffusion_RL_Abi/datasets/appa-real-dataset_v2/train_data/001117.jpg,False,230.41787719726562,45.366844177246094,True,0.3799962469506474,218.56858825683594,53.91828918457031,0.4494786262512207,0.009907645649485416,7.146418355627251,51.25286865234375,0.0,0.0,0.0,False,0,['worst_quality_percentile'],False,0.6870918568982065,worst_quality_percentile
1120,train,55,male,caucasian,slightlyhappy,/home/fox/Desktop/Projects/Amrita RLHF/Diffusion_RL_Abi/datasets/appa-real-dataset_v2/train_data/001120.jpg,False,313.2584533691406,36.2380485534668,True,0.2699724517906336,503.3027038574219,53.227699279785156,0.18040990829467773,0.004978466294895234,6.3664914811989295,45.1041259765625,0.1,0.35548209366391187,1.0,False,1,['worst_quality_percentile'],False,0.6399495643337035,worst_quality_percentile
1125,train,25,male,caucasian,slightlyhappy,/home/fox/Desktop/Projects/Amrita RLHF/Diffusion_RL_Abi/datasets/appa-real-dataset_v2/train_data/001125.jpg,False,1081.0032958984375,68.82514953613281,True,0.0024029219530949633,8.673514366149902,38.686805725097656,-0.8582639694213867,-0.012470208386551992,3.0627964536395895,15.559814453125,0.0,0.0,0.0,False,0,['roi_blur_laplacian'],False,0.374597737922728,roi_blur_laplacian
1126,train,65,male,caucasian,happy,/home/fox/Desktop/Projects/Amrita RLHF/Diffusion_RL_Abi/datasets/appa-real-dataset_v2/train_data/001126.jpg,False,1622.0767822265625,52.00745391845703,True,0.13095021802325582,484.3077392578125,74.85350036621094,2.660076141357422,0.051147977641439676,4.630836966928865,40.7471923828125,0.0,0.0,0.0,False,0,['jpeg_blockiness'],False,0.5536255339970265,jpeg_blockiness
1128,train,10,female,caucasian,slightlyhappy,/home/fox/Desktop/Projects/Amrita RLHF/Diffusion_RL_Abi/datasets/appa-real-dataset_v2/train_data/001128.jpg,False,134.97674560546875,50.31201171875,True,0.08956257658905642,11.6717529296875,35.06828308105469,0.21640849113464355,0.004301328439082574,7.9883075574222495,63.71270751953125,0.0,0.0,0.0,False,0,"['roi_blur_laplacian', 'worst_quality_percentile']",False,0.7966765154223987,roi_blur_laplacian;worst_quality_percentile
1133,train,65,male,caucasian,neutral,/home/fox/Desktop/Projects/Amrita RLHF/Diffusion_RL_Abi/datasets/appa-real-dataset_v2/train_data/001133.jpg,False,23.106613159179688,33.23202133178711,False,0.0,30.1170654296875,37.277713775634766,0.19339537620544434,0.00581954881573541,10.190784117931521,72.8802490234375,0.0,0.0,0.0,False,0,['worst_quality_percentile'],False,0.7982385155353143,worst_quality_percentile
1134,train,31,female,caucasian,slightlyhappy,/home/fox/Desktop/Projects/Amrita RLHF/Diffusion_RL_Abi/datasets/appa-real-dataset_v2/train_data/001134.jpg,False,40.292869567871094,43.28499221801758,True,0.44134187490830845,41.16184616088867,40.95314025878906,-0.061765193939208984,-0.001426942442340477,9.214904370238772,63.20855712890625,0.0,0.0,0.0,False,0,['worst_quality_percentile'],False,0.6636430359260025,worst_quality_percentile
1135,train,5,female,asian,happy,/home/fox/Desktop/Projects/Amrita RLHF/Diffusion_RL_Abi/datasets/appa-real-dataset_v2/train_data/001135.jpg,False,26.880311965942383,34.001407623291016,True,0.34168825410161263,20.07927703857422,34.79541015625,0.16007137298583984,0.004707786514356076,8.454261580942937,54.9490966796875,0.0,0.0,0.0,False,0,['worst_quality_percentile'],False,0.7787793815985096,worst_quality_percentile
1147,train,62,male,caucasian,happy,/home/fox/Desktop/Projects/Amrita RLHF/Diffusion_RL_Abi/datasets/appa-real-dataset_v2/train_data/001147.jpg,False,1032.8499755859375,65.4725112915039,True,0.008113522537562604,10.994726181030273,25.90204429626465,-0.10754776000976562,-0.001642639884214763,3.3822000742949085,7.90606689453125,0.0,0.0,0.0,False,0,['roi_blur_laplacian'],False,0.4575531174134783,roi_blur_laplacian
1155,train,39,male,caucasian,neutral,/home/fox/Desktop/Projects/Amrita RLHF/Diffusion_RL_Abi/datasets/appa-real-dataset_v2/train_data/001155.jpg,False,59.93472671508789,26.69632339477539,True,0.28844663725350667,45.182762145996094,31.5599308013916,-0.019124269485473633,-0.0007163633915542452,7.79808472649883,48.63958740234375,0.0,0.0,0.0,False,0,['worst_quality_percentile'],False,0.6698345785422587,worst_quality_percentile
1157,train,41,male,caucasian,neutral,/home/fox/Desktop/Projects/Amrita RLHF/Diffusion_RL_Abi/datasets/appa-real-dataset_v2/train_data/001157.jpg,False,737.603759765625,50.461952209472656,True,0.06702573075661235,46.68148422241211,23.63412094116211,0.36469030380249023,0.007227035035457784,3.694440991682075,18.01806640625,0.0,0.0,0.0,False,0,['worst_quality_percentile'],False,0.637126672563374,worst_quality_percentile
1158,train,15,female,afroamerican,neutral,/home/fox/Desktop/Projects/Amrita RLHF/Diffusion_RL_Abi/datasets/appa-real-dataset_v2/train_data/001158.jpg,False,19.274742126464844,16.262950897216797,True,0.15449266975308643,12.104889869689941,15.817082405090332,-0.024564385414123535,-0.0015104505977372672,7.2346854752799725,43.41241455078125,0.0,0.0,0.0,False,0,"['roi_blur_tenengrad', 'roi_blur_laplacian', 'worst_quality_percentile']",False,0.6694393736944126,roi_blur_tenengrad;roi_blur_laplacian;worst_quality_percentile
1163,train,1,male,caucasian,neutral,/home/fox/Desktop/Projects/Amrita RLHF/Diffusion_RL_Abi/datasets/appa-real-dataset_v2/train_data/001163.jpg,False,137.21798706054688,34.208457946777344,True,0.2209,51.867469787597656,31.825063705444336,0.10198783874511719,0.0029813631448231347,7.182104280792319,46.52490234375,0.0,0.0,0.0,False,0,['worst_quality_percentile'],False,0.714323352842652,worst_quality_percentile
1172,train,19,male,caucasian,neutral,/home/fox/Desktop/Projects/Amrita RLHF/Diffusion_RL_Abi/datasets/appa-real-dataset_v2/train_data/001172.jpg,False,91.20228576660156,15.770739555358887,True,0.124697265625,111.4248275756836,31.13016128540039,-0.026442646980285645,-0.0016766902535404688,7.2909178830466,61.79638671875,0.47554687500000004,0.20318250868055557,0.75546875,True,1,"['black_bars_area', 'worst_quality_percentile']",False,0.7310536914014717,black_bars_area;worst_quality_percentile
1181,train,4,female,caucasian,slightlyhappy,/home/fox/Desktop/Projects/Amrita RLHF/Diffusion_RL_Abi/datasets/appa-real-dataset_v2/train_data/001181.jpg,False,73.10873413085938,55.77781295776367,True,0.14578512396694215,14.471532821655273,40.782588958740234,0.3835306167602539,0.0068760424539167616,8.31995621710816,66.09930419921875,0.0,0.0,0.0,False,0,"['roi_blur_laplacian', 'worst_quality_percentile']",False,0.8190338182434085,roi_blur_laplacian;worst_quality_percentile
1183,train,30,male,caucasian,happy,/home/fox/Desktop/Projects/Amrita RLHF/Diffusion_RL_Abi/datasets/appa-real-dataset_v2/train_data/001183.jpg,False,253.029296875,76.62251281738281,True,0.1885387811634349,31.7393856048584,39.83784103393555,0.03464365005493164,0.0004521340834300881,7.603009125036591,55.74151611328125,0.0,0.0,0.0,False,0,['worst_quality_percentile'],False,0.6931328452867117,worst_quality_percentile
1185,train,42,male,caucasian,slightlyhappy,/home/fox/Desktop/Projects/Amrita RLHF/Diffusion_RL_Abi/datasets/appa-real-dataset_v2/train_data/001185.jpg,False,90.64437866210938,38.03871154785156,True,0.07598876444613718,65.57096862792969,62.21446228027344,0.09384727478027344,0.0024671517118834236,6.299309134918569,47.68548583984375,0.0906761565836299,0.03437317749556648,0.5338078291814946,False,2,['worst_quality_percentile'],False,0.6560776859815195,worst_quality_percentile
1186,train,51,female,caucasian,slightlyhappy,/home/fox/Desktop/Projects/Amrita RLHF/Diffusion_RL_Abi/datasets/appa-real-dataset_v2/train_data/001186.jpg,False,175.41519165039062,28.46389389038086,True,0.25096708493944614,180.3131866455078,37.036949157714844,0.3976476192474365,0.013970246193602208,5.288628877156087,17.7120361328125,0.0,0.0,0.0,False,0,['worst_quality_percentile'],False,0.6489451794418201,worst_quality_percentile
1189,train,31,male,caucasian,neutral,/home/fox/Desktop/Projects/Amrita RLHF/Diffusion_RL_Abi/datasets/appa-real-dataset_v2/train_data/001189.jpg,False,990.020263671875,50.176883697509766,False,0.0,1802.893798828125,71.17105865478516,0.5418481826782227,0.01079876094230924,5.919819323755737,51.97149658203125,0.09753846153846155,0.2529986962190352,0.8769230769230769,False,1,['worst_quality_percentile'],False,0.6288085514801363,worst_quality_percentile
1194,train,75,male,caucasian,neutral,/home/fox/Desktop/Projects/Amrita RLHF/Diffusion_RL_Abi/datasets/appa-real-dataset_v2/train_data/001194.jpg,False,962.00732421875,61.45361328125,True,0.2204914933837429,553.3916015625,63.35158157348633,0.5759291648864746,0.009371770425912855,6.21279115647306,38.10845947265625,0.08565217391304349,0.040699432892249525,0.2826086956521739,False,1,['worst_quality_percentile'],False,0.6306528407700848,worst_quality_percentile
1199,train,33,female,caucasian,slightlyhappy,/home/fox/Desktop/Projects/Amrita RLHF/Diffusion_RL_Abi/datasets/appa-real-dataset_v2/train_data/001199.jpg,False,308.2638244628906,31.16808319091797,True,0.2662630208333333,269.22265625,33.08882141113281,0.440732479095459,0.014140505922525822,5.594331881657631,25.284423828125,0.0,0.0,0.0,False,0,['worst_quality_percentile'],False,0.6661648192408303,worst_quality_percentile
1200,train,24,male,caucasian,neutral,/home/fox/Desktop/Projects/Amrita RLHF/Diffusion_RL_Abi/datasets/appa-real-dataset_v2/train_data/001200.jpg,False,245.4296875,61.861595153808594,True,0.20417009602194788,121.41535186767578,74.49180603027344,0.3331732749938965,0.005385785296672857,7.834497398655427,51.99639892578125,0.0,0.0,0.0,False,0,['worst_quality_percentile'],False,0.6463481190131171,worst_quality_percentile
1206,train,24,male,caucasian,neutral,/home/fox/Desktop/Projects/Amrita RLHF/Diffusion_RL_Abi/datasets/appa-real-dataset_v2/train_data/001206.jpg,False,335.3410949707031,34.99155044555664,True,0.017328,6.404124736785889,16.357309341430664,0.024442672729492188,0.0006985306944026916,4.824323575112145,26.732177734375,0.0,0.0,0.0,False,0,"['roi_blur_tenengrad', 'roi_blur_laplacian']",False,0.6197752978150818,roi_blur_tenengrad;roi_blur_laplacian
1209,train,7,female,caucasian,slightlyhappy,/home/fox/Desktop/Projects/Amrita RLHF/Diffusion_RL_Abi/datasets/appa-real-dataset_v2/train_data/001209.jpg,False,360.3234558105469,34.047080993652344,True,0.03957845433255269,37.82389450073242,18.679555892944336,-0.33984827995300293,-0.009981715320460164,3.2285710290402454,10.839599609375,0.0899297423887588,0.04736533957845433,0.4964871194379391,False,1,['roi_blur_tenengrad'],False,0.4550877919340572,roi_blur_tenengrad
1216,train,70,male,caucasian,neutral,/home/fox/Desktop/Projects/Amrita RLHF/Diffusion_RL_Abi/datasets/appa-real-dataset_v2/train_data/001216.jpg,False,541.1668090820312,38.010860443115234,True,0.18740958697855672,116.2759017944336,40.856082916259766,0.7363142967224121,0.019371155211105537,5.398472353216894,31.8902587890625,0.0,0.0,0.0,False,0,['worst_quality_percentile'],False,0.7144739070704029,worst_quality_percentile
1222,train,25,male,caucasian,neutral,/home/fox/Desktop/Projects/Amrita RLHF/Diffusion_RL_Abi/datasets/appa-real-dataset_v2/train_data/001222.jpg,False,22.004220962524414,30.05547332763672,True,0.423602413099684,29.571935653686523,35.24510192871094,-0.05758976936340332,-0.001916115804249616,8.17073630098557,59.24700927734375,0.0,0.0,0.0,False,0,['worst_quality_percentile'],False,0.6730338558819654,worst_quality_percentile
1224,train,70,female,caucasian,slightlyhappy,/home/fox/Desktop/Projects/Amrita RLHF/Diffusion_RL_Abi/datasets/appa-real-dataset_v2/train_data/001224.jpg,False,185.25772094726562,35.97037887573242,True,0.3779251040221914,370.8988342285156,57.32994079589844,0.28899121284484863,0.008034144033041415,3.976982364377389,21.025146484375,0.5,0.20839667128987518,1.0,True,1,['black_bars_area'],False,0.5653405348438941,black_bars_area
1227,train,50,female,caucasian,neutral,/home/fox/Desktop/Projects/Amrita RLHF/Diffusion_RL_Abi/datasets/appa-real-dataset_v2/train_data/001227.jpg,False,143.9635009765625,30.317956924438477,True,0.017470588235294116,5.7960896492004395,13.104375839233398,-0.05303025245666504,-0.0017491366862119298,4.824457241466273,25.745361328125,0.0,0.0,0.0,False,0,"['roi_blur_tenengrad', 'roi_blur_laplacian']",False,0.5782411502343,roi_blur_tenengrad;roi_blur_laplacian
1228,train,47,male,caucasian,slightlyhappy,/home/fox/Desktop/Projects/Amrita RLHF/Diffusion_RL_Abi/datasets/appa-real-dataset_v2/train_data/001228.jpg,False,536.1385498046875,63.08848571777344,True,0.006049382716049383,4.016913890838623,28.7273006439209,0.1567997932434082,0.0024853947431779846,4.040163028871247,28.99713134765625,0.0,0.0,0.0,False,0,"['roi_blur_laplacian', 'worst_quality_percentile']",False,0.6330052505786928,roi_blur_laplacian;worst_quality_percentile
1238,train,35,female,caucasian,slightlyhappy,/home/fox/Desktop/Projects/Amrita RLHF/Diffusion_RL_Abi/datasets/appa-real-dataset_v2/train_data/001238.jpg,False,156.64889526367188,28.715429306030273,True,0.03290594603132353,31.965055465698242,25.434541702270508,-0.06344199180603027,-0.00220933453303353,6.454604793999538,49.39501953125,0.47956204379562045,0.2099604104907081,0.7956204379562044,True,1,"['black_bars_area', 'worst_quality_percentile']",False,0.7171086060560439,black_bars_area;worst_quality_percentile
1240,train,13,female,caucasian,neutral,/home/fox/Desktop/Projects/Amrita RLHF/Diffusion_RL_Abi/datasets/appa-real-dataset_v2/train_data/001240.jpg,False,1095.43798828125,73.10814666748047,True,0.232060546875,184.63607788085938,44.59858322143555,1.659538745880127,0.022699778326052612,5.0206023532084565,21.1558837890625,0.0,0.0,0.0,False,0,['worst_quality_percentile'],False,0.6548167943241057,worst_quality_percentile
1241,train,14,female,caucasian,slightlyhappy,/home/fox/Desktop/Projects/Amrita RLHF/Diffusion_RL_Abi/datasets/appa-real-dataset_v2/train_data/001241.jpg,False,509.6077880859375,56.43757247924805,False,0.0,468.818359375,59.965606689453125,0.6931476593017578,0.012281670110367635,4.924999355828582,33.09368896484375,0.4372916666666667,0.039561631944444446,0.3729166666666667,True,1,['worst_quality_percentile'],False,0.639591998042795,worst_quality_percentile
1250,train,11,male,caucasian,neutral,/home/fox/Desktop/Projects/Amrita RLHF/Diffusion_RL_Abi/datasets/appa-real-dataset_v2/train_data/001250.jpg,False,369.552734375,76.45458221435547,True,0.12295496711081126,29.978809356689453,48.26093292236328,0.3285098075866699,0.004296796788043799,7.762942180536739,55.4608154296875,0.0,0.0,0.0,False,0,['worst_quality_percentile'],False,0.7506633795660275,worst_quality_percentile
1251,train,32,male,caucasian,neutral,/home/fox/Desktop/Projects/Amrita RLHF/Diffusion_RL_Abi/datasets/appa-real-dataset_v2/train_data/001251.jpg,False,178.6934814453125,32.40937042236328,True,0.5171576818221792,114.53695678710938,40.17507553100586,1.4328367710113525,0.044210569601564664,7.596934568601823,53.538330078125,0.0,0.0,0.0,False,0,['worst_quality_percentile'],False,0.8093983476673505,worst_quality_percentile
1258,train,26,male,caucasian,neutral,/home/fox/Desktop/Projects/Amrita RLHF/Diffusion_RL_Abi/datasets/appa-real-dataset_v2/train_data/001258.jpg,False,371.9491271972656,44.59895324707031,True,0.019004160900937997,4.650507926940918,14.041154861450195,0.012221813201904297,0.0002740381116157481,3.879474985614354,17.87579345703125,0.0,0.0,0.0,False,0,"['roi_blur_tenengrad', 'roi_blur_laplacian']",False,0.554942883489847,roi_blur_tenengrad;roi_blur_laplacian
1261,train,25,male,caucasian,neutral,/home/fox/Desktop/Projects/Amrita RLHF/Diffusion_RL_Abi/datasets/appa-real-dataset_v2/train_data/001261.jpg,False,305.86376953125,36.43511199951172,True,0.35620608899297423,662.5978393554688,71.71064758300781,0.18438410758972168,0.005060615774464394,4.181527194618689,31.27691650390625,0.5,0.24895711358313818,1.0,True,2,['black_bars_area'],False,0.5095037356267761,black_bars_area
1264,train,37,male,caucasian,neutral,/home/fox/Desktop/Projects/Amrita RLHF/Diffusion_RL_Abi/datasets/appa-real-dataset_v2/train_data/001264.jpg,False,243.38385009765625,39.93781661987305,True,0.041301333333333336,44.53376007080078,32.009578704833984,0.2903563976287842,0.007270211917746425,4.7629419663945916,24.4241943359375,0.0,0.0,0.0,False,0,['worst_quality_percentile'],False,0.6801099045862582,worst_quality_percentile
1268,train,54,female,caucasian,slightlyhappy,/home/fox/Desktop/Projects/Amrita RLHF/Diffusion_RL_Abi/datasets/appa-real-dataset_v2/train_data/001268.jpg,False,51.36737823486328,43.11840057373047,True,0.2798017629478304,25.871213912963867,35.4972038269043,0.09963250160217285,0.0023106724267551036,7.551662313856105,54.551513671875,0.0,0.0,0.0,False,0,['worst_quality_percentile'],False,0.7358149688540941,worst_quality_percentile
1270,train,17,female,asian,slightlyhappy,/home/fox/Desktop/Projects/Amrita RLHF/Diffusion_RL_Abi/datasets/appa-real-dataset_v2/train_data/001270.jpg,False,25.55687713623047,33.45247268676758,True,0.3771836007130125,52.77914047241211,50.02009582519531,0.15927624702453613,0.004761269630339453,9.298046080262674,70.57904052734375,0.09458823529411765,0.10133689839572192,0.7294117647058823,False,2,['worst_quality_percentile'],False,0.8011743229764571,worst_quality_percentile
1272,train,55,female,caucasian,happy,/home/fox/Desktop/Projects/Amrita RLHF/Diffusion_RL_Abi/datasets/appa-real-dataset_v2/train_data/001272.jpg,False,440.4331359863281,47.98529052734375,True,0.06259259259259259,55.8991584777832,17.680747985839844,0.5114083290100098,0.010657605960747179,3.727282357040419,23.750732421875,0.0,0.0,0.0,False,0,"['roi_blur_tenengrad', 'worst_quality_percentile']",False,0.6739560005269398,roi_blur_tenengrad;worst_quality_percentile
1273,train,40,female,caucasian,slightlyhappy,/home/fox/Desktop/Projects/Amrita RLHF/Diffusion_RL_Abi/datasets/appa-real-dataset_v2/train_data/001273.jpg,False,45.107513427734375,30.570205688476562,True,0.20918701171875,40.415252685546875,39.227867126464844,0.06624627113342285,0.0021670207142693077,5.5626250197914215,35.7891845703125,0.0,0.0,0.0,False,0,['worst_quality_percentile'],False,0.6380111786514105,worst_quality_percentile
1274,train,35,female,caucasian,happy,/home/fox/Desktop/Projects/Amrita RLHF/Diffusion_RL_Abi/datasets/appa-real-dataset_v2/train_data/001274.jpg,False,101.22575378417969,33.48667907714844,True,0.16466219190140846,67.02534484863281,47.57229995727539,0.03813934326171875,0.0011389407123623858,7.148054067730214,49.12353515625,0.0,0.0,0.0,False,0,['worst_quality_percentile'],False,0.6377100701959088,worst_quality_percentile
1281,train,51,male,caucasian,slightlyhappy,/home/fox/Desktop/Projects/Amrita RLHF/Diffusion_RL_Abi/datasets/appa-real-dataset_v2/train_data/001281.jpg,False,154.26220703125,34.787540435791016,True,0.2610052134245683,150.8663330078125,40.905975341796875,0.3752613067626953,0.010787232764216252,5.348880862370426,35.7989501953125,0.0,0.0,0.0,False,0,['worst_quality_percentile'],False,0.6840619530647195,worst_quality_percentile
1285,train,17,female,caucasian,neutral,/home/fox/Desktop/Projects/Amrita RLHF/Diffusion_RL_Abi/datasets/appa-real-dataset_v2/train_data/001285.jpg,False,621.627197265625,33.78015899658203,True,0.1279503191021127,486.31756591796875,58.807674407958984,-0.9615986347198486,-0.02846637300762181,5.499250037538541,25.76763916015625,0.5,0.4375,1.0,True,1,['black_bars_area'],False,0.38077987089974963,black_bars_area
1286,train,17,male,caucasian,slightlyhappy,/home/fox/Desktop/Projects/Amrita RLHF/Diffusion_RL_Abi/datasets/appa-real-dataset_v2/train_data/001286.jpg,False,71.01461029052734,34.53916549682617,True,0.13578342407743496,40.1612434387207,50.31830978393555,0.16511797904968262,0.004780601149273693,8.525816221057871,63.8499755859375,0.0,0.0,0.0,False,0,['worst_quality_percentile'],False,0.7340835952349586,worst_quality_percentile
1294,train,30,male,caucasian,slightlyhappy,/home/fox/Desktop/Projects/Amrita RLHF/Diffusion_RL_Abi/datasets/appa-real-dataset_v2/train_data/001294.jpg,False,233.1102294921875,23.074663162231445,True,0.019058823529411763,2.2291016578674316,8.265130043029785,-0.03695940971374512,-0.0016017312084758394,4.294626567635883,35.9798583984375,0.4658823529411765,0.19225367647058825,0.6588235294117647,True,2,"['roi_blur_tenengrad', 'roi_blur_laplacian', 'worst_quality_percentile']",False,0.6687430603910647,roi_blur_tenengrad;roi_blur_laplacian;worst_quality_percentile
1295,train,21,male,caucasian,neutral,/home/fox/Desktop/Projects/Amrita RLHF/Diffusion_RL_Abi/datasets/appa-real-dataset_v2/train_data/001295.jpg,False,136.5936279296875,33.52070999145508,True,0.226875,155.5155029296875,38.66526412963867,0.1265547275543213,0.0037754189517812424,6.6061953689668345,48.75439453125,0.0,0.0,0.0,False,0,['worst_quality_percentile'],False,0.6674068916197753,worst_quality_percentile
1303,train,41,male,caucasian,neutral,/home/fox/Desktop/Projects/Amrita RLHF/Diffusion_RL_Abi/datasets/appa-real-dataset_v2/train_data/001303.jpg,False,116.22343444824219,38.044952392578125,True,0.119025,22.91132164001465,38.53785705566406,0.08904099464416504,0.002340415395581358,7.153664031365121,55.8154296875,0.42900000000000005,0.054775,0.29,True,1,['worst_quality_percentile'],False,0.7992735758511019,worst_quality_percentile
1304,train,17,male,caucasian,neutral,/home/fox/Desktop/Projects/Amrita RLHF/Diffusion_RL_Abi/datasets/appa-real-dataset_v2/train_data/001304.jpg,False,178.75726318359375,35.892677307128906,True,0.10226851851851852,85.6146011352539,40.802547454833984,0.3111999034881592,0.008670289266943602,4.287581414954049,27.8594970703125,0.0,0.0,0.0,False,0,['worst_quality_percentile'],False,0.6429041910533151,worst_quality_percentile
1314,train,33,male,caucasian,neutral,/home/fox/Desktop/Projects/Amrita RLHF/Diffusion_RL_Abi/datasets/appa-real-dataset_v2/train_data/001314.jpg,False,182.67254638671875,39.90330123901367,True,0.3033599853515625,113.14066314697266,36.787254333496094,0.6159214973449707,0.01543535153195369,5.475555530660583,40.1414794921875,0.0,0.0,0.0,False,0,['worst_quality_percentile'],False,0.737621619587105,worst_quality_percentile
1317,train,5,female,asian,slightlyhappy,/home/fox/Desktop/Projects/Amrita RLHF/Diffusion_RL_Abi/datasets/appa-real-dataset_v2/train_data/001317.jpg,False,279.03887939453125,71.831787109375,True,0.15149342034493887,72.39673614501953,57.6464958190918,0.12833929061889648,0.0017866642888449342,7.292245991908397,54.46710205078125,0.0,0.0,0.0,False,0,['worst_quality_percentile'],False,0.6383122871069123,worst_quality_percentile
1320,train,51,female,caucasian,happy,/home/fox/Desktop/Projects/Amrita RLHF/Diffusion_RL_Abi/datasets/appa-real-dataset_v2/train_data/001320.jpg,False,1583.974853515625,100.38731384277344,True,0.06423995571021829,27.42569351196289,43.595359802246094,-0.02106475830078125,-0.00020983486144412632,6.275419668786013,50.61614990234375,0.0,0.0,0.0,False,0,['worst_quality_percentile'],False,0.6290720213787003,worst_quality_percentile
1321,train,5,male,caucasian,neutral,/home/fox/Desktop/Projects/Amrita RLHF/Diffusion_RL_Abi/datasets/appa-real-dataset_v2/train_data/001321.jpg,False,635.6920166015625,81.26707458496094,True,0.13181062112053227,106.09740447998047,61.32308578491211,0.5101399421691895,0.006277326192645654,7.362822561044525,52.21929931640625,0.0,0.0,0.0,False,0,['worst_quality_percentile'],False,0.6892748932005947,worst_quality_percentile
1325,train,16,male,caucasian,slightlyhappy,/home/fox/Desktop/Projects/Amrita RLHF/Diffusion_RL_Abi/datasets/appa-real-dataset_v2/train_data/001325.jpg,False,85.91384887695312,28.53453826904297,True,0.32684980150417936,77.44795989990234,43.61783218383789,0.08980035781860352,0.003147075793721598,8.72094112850381,63.3656005859375,0.5,0.3345302930556387,1.0,True,1,"['black_bars_area', 'worst_quality_percentile']",False,0.7979468167190469,black_bars_area;worst_quality_percentile
1329,train,24,female,caucasian,slightlyhappy,/home/fox/Desktop/Projects/Amrita RLHF/Diffusion_RL_Abi/datasets/appa-real-dataset_v2/train_data/001329.jpg,False,337.9064636230469,36.62852096557617,True,0.21552511415525114,9.496182441711426,28.863542556762695,1.9009075164794922,0.05189692115521295,9.01645589551164,75.66241455078125,0.0,0.0,0.0,False,0,"['roi_blur_laplacian', 'brisque', 'worst_quality_percentile']",False,0.8987146432805767,roi_blur_laplacian;brisque;worst_quality_percentile
1333,train,18,male,asian,slightlyhappy,/home/fox/Desktop/Projects/Amrita RLHF/Diffusion_RL_Abi/datasets/appa-real-dataset_v2/train_data/001333.jpg,False,122.13203430175781,39.23688507080078,True,0.15607376924249353,44.14653778076172,40.875823974609375,0.08392977714538574,0.0021390529562906476,7.293079857509811,59.98455810546875,0.0,0.0,0.0,False,0,['worst_quality_percentile'],False,0.712253232211077,worst_quality_percentile
1338,train,27,female,caucasian,slightlyhappy,/home/fox/Desktop/Projects/Amrita RLHF/Diffusion_RL_Abi/datasets/appa-real-dataset_v2/train_data/001338.jpg,False,115.53734588623047,35.71894073486328,True,0.03867513020833333,17.57512664794922,22.934961318969727,-0.028221607208251953,-0.0007901019973586285,5.037507670173805,22.7642822265625,0.08975000000000001,0.06977213541666667,0.4875,False,1,['worst_quality_percentile'],False,0.6456894442667068,worst_quality_percentile
1345,train,7,male,caucasian,other,/home/fox/Desktop/Projects/Amrita RLHF/Diffusion_RL_Abi/datasets/appa-real-dataset_v2/train_data/001345.jpg,False,209.76947021484375,48.26096725463867,True,0.15149342034493887,49.359405517578125,45.618011474609375,0.02043437957763672,0.00042341420648295096,7.1275031927004315,56.48321533203125,0.0,0.0,0.0,False,0,['worst_quality_percentile'],False,0.6563411558800836,worst_quality_percentile
1348,train,50,male,caucasian,slightlyhappy,/home/fox/Desktop/Projects/Amrita RLHF/Diffusion_RL_Abi/datasets/appa-real-dataset_v2/train_data/001348.jpg,False,420.9677734375,42.13008117675781,True,0.46487603305785125,239.5352783203125,40.80733871459961,0.35010194778442383,0.008310022902769627,5.363809068226638,27.078857421875,0.0,0.0,0.0,False,0,['worst_quality_percentile'],False,0.6331558048064438,worst_quality_percentile
1349,train,60,female,caucasian,happy,/home/fox/Desktop/Projects/Amrita RLHF/Diffusion_RL_Abi/datasets/appa-real-dataset_v2/train_data/001349.jpg,False,275.61090087890625,36.410335540771484,True,0.009408,25.327186584472656,32.64970779418945,0.370394229888916,0.010172776883678535,4.30311187111722,33.86505126953125,0.0,0.0,0.0,False,0,['worst_quality_percentile'],False,0.7115004610723225,worst_quality_percentile
1352,train,44,male,caucasian,neutral,/home/fox/Desktop/Projects/Amrita RLHF/Diffusion_RL_Abi/datasets/appa-real-dataset_v2/train_data/001352.jpg,False,571.586181640625,37.856163024902344,True,0.2527522123893805,1290.624755859375,73.54031372070312,-0.07363104820251465,-0.0019450213749623196,3.1656676387836113,34.7958984375,0.5,0.4743119469026549,1.0,True,2,['black_bars_area'],False,0.34859890471799304,black_bars_area
1357,train,33,male,caucasian,slightlyhappy,/home/fox/Desktop/Projects/Amrita RLHF/Diffusion_RL_Abi/datasets/appa-real-dataset_v2/train_data/001357.jpg,False,88.89237976074219,30.705190658569336,True,0.07331464544907063,37.507450103759766,18.937908172607422,0.07565832138061523,0.0024640237462741966,5.26520326769118,19.16650390625,0.0,0.0,0.0,False,0,['roi_blur_tenengrad'],False,0.6258162862035871,roi_blur_tenengrad
1358,train,28,female,asian,other,/home/fox/Desktop/Projects/Amrita RLHF/Diffusion_RL_Abi/datasets/appa-real-dataset_v2/train_data/001358.jpg,False,136.32716369628906,25.879779815673828,True,0.15047200520833334,48.14287185668945,29.964048385620117,0.08636999130249023,0.003337354049389055,4.9264153276061,26.295166015625,0.0,0.0,0.0,False,0,['worst_quality_percentile'],False,0.6311045034533375,worst_quality_percentile
1360,train,1,male,caucasian,neutral,/home/fox/Desktop/Projects/Amrita RLHF/Diffusion_RL_Abi/datasets/appa-real-dataset_v2/train_data/001360.jpg,False,195.67242431640625,42.088382720947266,True,0.2122206792071708,94.33468627929688,46.3559455871582,0.07414031028747559,0.0017615385465746972,7.301839425976063,52.48773193359375,0.0,0.0,0.0,False,0,['worst_quality_percentile'],False,0.6571880234111825,worst_quality_percentile
1363,train,26,female,caucasian,slightlyhappy,/home/fox/Desktop/Projects/Amrita RLHF/Diffusion_RL_Abi/datasets/appa-real-dataset_v2/train_data/001363.jpg,False,73.27716827392578,23.328018188476562,True,0.11875325520833334,25.98382568359375,22.741281509399414,-0.021237611770629883,-0.0009103907022299053,5.664007477694305,34.82177734375,0.44125000000000003,0.039147135416666666,0.4125,True,2,['worst_quality_percentile'],False,0.69763065284077,worst_quality_percentile
1366,train,38,male,caucasian,neutral,/home/fox/Desktop/Projects/Amrita RLHF/Diffusion_RL_Abi/datasets/appa-real-dataset_v2/train_data/001366.jpg,False,38.24230194091797,55.80506896972656,True,0.655328798185941,65.39126586914062,63.42119216918945,0.07633137702941895,0.0013678215450823306,10.369241381053948,72.50311279296875,0.0,0.0,0.0,False,0,['worst_quality_percentile'],False,0.635997515855242,worst_quality_percentile
1368,train,15,female,caucasian,slightlyhappy,/home/fox/Desktop/Projects/Amrita RLHF/Diffusion_RL_Abi/datasets/appa-real-dataset_v2/train_data/001368.jpg,False,1356.3411865234375,79.6295394897461,True,0.009617886178861789,16.338281631469727,24.801164627075195,0.8477001190185547,0.01064554829533034,3.7904639715163433,-1.714599609375,0.0,0.0,0.0,False,0,['worst_quality_percentile'],False,0.6407587933078646,worst_quality_percentile
1372,train,4,female,caucasian,neutral,/home/fox/Desktop/Projects/Amrita RLHF/Diffusion_RL_Abi/datasets/appa-real-dataset_v2/train_data/001372.jpg,False,691.066650390625,72.09797668457031,True,0.18510005408328825,7.745334625244141,15.837453842163086,0.4014744758605957,0.005568456824365481,6.857952347117314,51.41363525390625,0.0,0.0,0.0,False,0,"['roi_blur_tenengrad', 'roi_blur_laplacian', 'worst_quality_percentile']",False,0.8093607091104128,roi_blur_tenengrad;roi_blur_laplacian;worst_quality_percentile
1374,train,27,female,caucasian,slightlyhappy,/home/fox/Desktop/Projects/Amrita RLHF/Diffusion_RL_Abi/datasets/appa-real-dataset_v2/train_data/001374.jpg,False,146.54434204101562,32.059757232666016,True,0.14900400010738543,39.89198684692383,34.012107849121094,0.03697061538696289,0.0011531782341793568,5.986702587987862,30.53009033203125,0.0,0.0,0.0,False,0,['worst_quality_percentile'],False,0.630916310668649,worst_quality_percentile
1381,train,20,male,caucasian,neutral,/home/fox/Desktop/Projects/Amrita RLHF/Diffusion_RL_Abi/datasets/appa-real-dataset_v2/train_data/001381.jpg,False,96.44422149658203,31.436630249023438,True,0.20345052083333334,67.23136138916016,30.193519592285156,0.028681039810180664,0.0009123445697150398,4.78963461745418,41.0604248046875,0.496875,0.23666015625,0.96875,True,1,"['black_bars_area', 'worst_quality_percentile']",False,0.6948642189058472,black_bars_area;worst_quality_percentile
1392,train,36,male,caucasian,slightlyhappy,/home/fox/Desktop/Projects/Amrita RLHF/Diffusion_RL_Abi/datasets/appa-real-dataset_v2/train_data/001392.jpg,False,149.37667846679688,53.50661087036133,True,0.5779556102732465,302.8609619140625,62.19442367553711,1.0463900566101074,0.019556275757944778,7.661639076851531,54.8856201171875,0.1,0.13207482644232413,1.0,False,1,['worst_quality_percentile'],False,0.7591696934339537,worst_quality_percentile
1393,train,38,male,caucasian,neutral,/home/fox/Desktop/Projects/Amrita RLHF/Diffusion_RL_Abi/datasets/appa-real-dataset_v2/train_data/001393.jpg,False,77.69287109375,18.786218643188477,True,0.15962133333333334,57.674156188964844,32.20574188232422,0.1560002565383911,0.008303972779055301,5.013473207878093,23.80108642578125,0.0,0.0,0.0,False,0,['worst_quality_percentile'],False,0.664132337166193,worst_quality_percentile
1395,train,14,male,caucasian,neutral,/home/fox/Desktop/Projects/Amrita RLHF/Diffusion_RL_Abi/datasets/appa-real-dataset_v2/train_data/001395.jpg,False,253.58737182617188,45.985904693603516,True,0.18175922013344994,123.25523376464844,50.68310546875,0.3054158687591553,0.006641510353065366,5.049739539709278,34.7672119140625,0.0,0.0,0.0,False,0,['worst_quality_percentile'],False,0.6279616839490373,worst_quality_percentile
1403,train,16,male,caucasian,slightlyhappy,/home/fox/Desktop/Projects/Amrita RLHF/Diffusion_RL_Abi/datasets/appa-real-dataset_v2/train_data/001403.jpg,False,394.4560241699219,44.55567932128906,True,0.28520833333333334,120.35659790039062,40.799530029296875,0.191633939743042,0.004300999072647484,5.659615501969373,41.7958984375,0.0,0.0,0.0,False,0,['worst_quality_percentile'],False,0.6577526017652483,worst_quality_percentile
1405,train,25,female,asian,happy,/home/fox/Desktop/Projects/Amrita RLHF/Diffusion_RL_Abi/datasets/appa-real-dataset_v2/train_data/001405.jpg,False,122.96488952636719,52.8764533996582,True,0.16474048442906575,34.21871566772461,48.6845703125,0.48768138885498047,0.009223034985835451,7.6009372497055905,59.3157958984375,0.09223529411764707,0.06640138408304498,0.611764705882353,False,1,['worst_quality_percentile'],False,0.8562959896117582,worst_quality_percentile
1414,train,50,male,caucasian,slightlyhappy,/home/fox/Desktop/Projects/Amrita RLHF/Diffusion_RL_Abi/datasets/appa-real-dataset_v2/train_data/001414.jpg,False,332.877685546875,63.17753219604492,True,0.13181062112053227,95.71111297607422,77.4056396484375,0.44073486328125,0.006976132827370999,7.016244012342892,56.644775390625,0.09477707006369428,0.08621039393078826,0.7388535031847133,False,2,['worst_quality_percentile'],False,0.7350057398799329,worst_quality_percentile
1417,train,27,female,asian,slightlyhappy,/home/fox/Desktop/Projects/Amrita RLHF/Diffusion_RL_Abi/datasets/appa-real-dataset_v2/train_data/001417.jpg,False,195.8306884765625,28.206750869750977,True,0.16260498046875,213.02484130859375,30.745546340942383,0.08116364479064941,0.00287745448910371,6.740560195943452,59.6171875,0.0,0.0,0.0,False,0,['worst_quality_percentile'],False,0.6742759282609104,worst_quality_percentile
1430,train,36,male,caucasian,neutral,/home/fox/Desktop/Projects/Amrita RLHF/Diffusion_RL_Abi/datasets/appa-real-dataset_v2/train_data/001430.jpg,False,230.94830322265625,62.35127258300781,True,0.16307171089779784,88.2603530883789,57.34870529174805,0.13652753829956055,0.0021896511563280646,7.252665944513203,56.49853515625,0.0,0.0,0.0,False,0,['worst_quality_percentile'],False,0.6420385042437474,worst_quality_percentile
1433,train,8,female,caucasian,other,/home/fox/Desktop/Projects/Amrita RLHF/Diffusion_RL_Abi/datasets/appa-real-dataset_v2/train_data/001433.jpg,False,437.63653564453125,48.767333984375,True,0.2910978907517577,404.7208251953125,51.552734375,0.12599754333496094,0.0025836462741983014,6.664387359180797,50.98406982421875,0.09144186046511629,0.06316928069226609,0.5720930232558139,False,1,['worst_quality_percentile'],False,0.6361292508045242,worst_quality_percentile
1438,train,19,male,caucasian,slightlyhappy,/home/fox/Desktop/Projects/Amrita RLHF/Diffusion_RL_Abi/datasets/appa-real-dataset_v2/train_data/001438.jpg,False,577.1109619140625,31.62932586669922,True,0.1370962824265381,447.25726318359375,53.528724670410156,0.7863702774047852,0.024862061741589298,5.024526698843322,56.42236328125,0.0,0.0,0.0,False,0,['worst_quality_percentile'],False,0.6433934922935054,worst_quality_percentile
1444,train,52,female,caucasian,neutral,/home/fox/Desktop/Projects/Amrita RLHF/Diffusion_RL_Abi/datasets/appa-real-dataset_v2/train_data/001444.jpg,False,122.8338851928711,29.732391357421875,True,0.24792100694444444,288.8115539550781,58.723663330078125,0.0225985050201416,0.0007600634603659972,5.190089866969319,28.51727294921875,0.5,0.308017578125,1.0,True,1,['black_bars_area'],False,0.5350038579520862,black_bars_area
1445,train,30,female,asian,slightlyhappy,/home/fox/Desktop/Projects/Amrita RLHF/Diffusion_RL_Abi/datasets/appa-real-dataset_v2/train_data/001445.jpg,False,104.10894012451172,29.789892196655273,True,0.18906575520833332,92.12820434570312,38.379295349121094,0.05137372016906738,0.001724535225082159,5.468547248914916,26.067138671875,0.4310416666666667,0.04445638020833333,0.3104166666666667,True,2,['worst_quality_percentile'],False,0.6646216384063834,worst_quality_percentile
1450,train,40,female,caucasian,other,/home/fox/Desktop/Projects/Amrita RLHF/Diffusion_RL_Abi/datasets/appa-real-dataset_v2/train_data/001450.jpg,False,268.2900695800781,44.547794342041016,False,0.0,46.27108383178711,30.825166702270508,0.3231515884399414,0.007254042224957744,4.2500755163725366,26.6519775390625,0.0,0.0,0.0,False,0,['worst_quality_percentile'],False,0.6709825545288595,worst_quality_percentile
1454,train,30,female,caucasian,slightlyhappy,/home/fox/Desktop/Projects/Amrita RLHF/Diffusion_RL_Abi/datasets/appa-real-dataset_v2/train_data/001454.jpg,False,225.3542938232422,31.511302947998047,True,0.12251302083333333,144.47264099121094,29.54619789123535,0.5486221313476562,0.017410327806587352,4.08054928189087,19.88787841796875,0.0,0.0,0.0,False,0,['worst_quality_percentile'],False,0.6490016372772268,worst_quality_percentile
1455,train,5,male,caucasian,slightlyhappy,/home/fox/Desktop/Projects/Amrita RLHF/Diffusion_RL_Abi/datasets/appa-real-dataset_v2/train_data/001455.jpg,False,36.98184585571289,36.44267654418945,True,0.18504416216722325,14.820581436157227,36.74675750732422,0.18357014656066895,0.005037229943877656,7.953714633062035,64.76483154296875,0.0,0.0,0.0,False,0,"['roi_blur_laplacian', 'worst_quality_percentile']",False,0.7923104428176223,roi_blur_laplacian;worst_quality_percentile
1458,train,27,female,caucasian,slightlyhappy,/home/fox/Desktop/Projects/Amrita RLHF/Diffusion_RL_Abi/datasets/appa-real-dataset_v2/train_data/001458.jpg,False,109.48492431640625,55.23157501220703,True,0.610912934337429,205.5920867919922,60.24004364013672,0.19256210327148438,0.0034864495488762656,8.108976370471046,61.658203125,0.0,0.0,0.0,False,0,['worst_quality_percentile'],False,0.6351506483241433,worst_quality_percentile
1462,train,32,female,caucasian,slightlyhappy,/home/fox/Desktop/Projects/Amrita RLHF/Diffusion_RL_Abi/datasets/appa-real-dataset_v2/train_data/001462.jpg,False,161.26242065429688,36.613372802734375,True,0.234256,242.03302001953125,54.23125076293945,0.42142772674560547,0.011510212880576775,4.649693109278789,19.298583984375,0.4857,0.073328,0.857,True,2,['worst_quality_percentile'],False,0.6415586126427913,worst_quality_percentile
1463,train,10,male,caucasian,neutral,/home/fox/Desktop/Projects/Amrita RLHF/Diffusion_RL_Abi/datasets/appa-real-dataset_v2/train_data/001463.jpg,False,189.75210571289062,53.83027648925781,True,0.139440794744432,35.04530334472656,43.338035583496094,0.18180608749389648,0.0033773945811477026,7.745599460573484,62.9515380859375,0.0,0.0,0.0,False,0,['worst_quality_percentile'],False,0.7475205600617273,worst_quality_percentile
1464,train,17,male,caucasian,slightlyhappy,/home/fox/Desktop/Projects/Amrita RLHF/Diffusion_RL_Abi/datasets/appa-real-dataset_v2/train_data/001464.jpg,False,33.81193542480469,37.076141357421875,True,0.32933041149257364,40.76612854003906,48.09144592285156,-0.014101028442382812,-0.0003803262029378868,8.974076633797436,61.00262451171875,0.0,0.0,0.0,False,0,['worst_quality_percentile'],False,0.6579596138284058,worst_quality_percentile
1467,train,18,female,caucasian,slightlyhappy,/home/fox/Desktop/Projects/Amrita RLHF/Diffusion_RL_Abi/datasets/appa-real-dataset_v2/train_data/001467.jpg,False,155.5336151123047,35.79702377319336,True,0.2377829218106996,64.44308471679688,41.455867767333984,0.5389831066131592,0.015056645350503467,4.169723380685088,33.040283203125,0.0,0.0,0.0,False,0,['worst_quality_percentile'],False,0.6842125072924704,worst_quality_percentile
1470,train,15,female,caucasian,slightlyhappy,/home/fox/Desktop/Projects/Amrita RLHF/Diffusion_RL_Abi/datasets/appa-real-dataset_v2/train_data/001470.jpg,False,823.941650390625,62.20806121826172,True,0.07716049382716049,220.3828582763672,45.72043991088867,4.203010082244873,0.0675637519056339,3.275366979627201,18.992919921875,0.0,0.0,0.0,False,0,['jpeg_blockiness'],False,0.5759263789826298,jpeg_blockiness
1472,train,22,male,caucasian,neutral,/home/fox/Desktop/Projects/Amrita RLHF/Diffusion_RL_Abi/datasets/appa-real-dataset_v2/train_data/001472.jpg,False,129.72479248046875,35.1724853515625,True,0.2818939393939394,178.15943908691406,48.728721618652344,0.1449432373046875,0.0041209266770601384,6.673491117892563,47.62249755859375,0.0,0.0,0.0,False,0,['worst_quality_percentile'],False,0.6338709373882605,worst_quality_percentile
1476,train,30,male,caucasian,slightlyhappy,/home/fox/Desktop/Projects/Amrita RLHF/Diffusion_RL_Abi/datasets/appa-real-dataset_v2/train_data/001476.jpg,False,275.97332763671875,44.0727653503418,True,0.15015625,35.76386642456055,47.07025909423828,-0.02439093589782715,-0.0005534242099517765,7.512469467001967,61.031494140625,0.08887500000000001,0.1080078125,0.44375,False,2,['worst_quality_percentile'],False,0.7138434612416961,worst_quality_percentile
1480,train,14,male,caucasian,neutral,/home/fox/Desktop/Projects/Amrita RLHF/Diffusion_RL_Abi/datasets/appa-real-dataset_v2/train_data/001480.jpg,False,12.002538681030273,27.39372444152832,True,0.36960137346424166,24.7088565826416,36.06137466430664,0.08806586265563965,0.0032148187672982084,9.935546674712308,71.5787353515625,0.0,0.0,0.0,False,0,['worst_quality_percentile'],False,0.7637615973803564,worst_quality_percentile
1483,train,6,female,caucasian,slightlyhappy,/home/fox/Desktop/Projects/Amrita RLHF/Diffusion_RL_Abi/datasets/appa-real-dataset_v2/train_data/001483.jpg,False,884.146484375,76.59806823730469,True,0.16395046859121531,260.642822265625,87.4980697631836,0.8610777854919434,0.011241507704643062,7.011360642478661,50.9364013671875,0.0,0.0,0.0,False,0,['worst_quality_percentile'],False,0.6319325517059676,worst_quality_percentile
1484,train,12,male,caucasian,other,/home/fox/Desktop/Projects/Amrita RLHF/Diffusion_RL_Abi/datasets/appa-real-dataset_v2/train_data/001484.jpg,False,485.13848876953125,59.742637634277344,True,0.16517486916983615,62.401397705078125,40.53773498535156,-0.1950206756591797,-0.003264346539044336,6.934685352577142,50.201416015625,0.1,0.1439560753810518,1.0,False,1,['worst_quality_percentile'],False,0.6534994448312851,worst_quality_percentile
1485,train,40,female,caucasian,happy,/home/fox/Desktop/Projects/Amrita RLHF/Diffusion_RL_Abi/datasets/appa-real-dataset_v2/train_data/001485.jpg,False,591.5245971679688,80.36695861816406,True,0.21180914256198347,124.59130859375,61.17487716674805,0.3347892761230469,0.0041657576411212125,7.076508183421963,52.88690185546875,0.0,0.0,0.0,False,0,['worst_quality_percentile'],False,0.6525020230724354,worst_quality_percentile
1486,train,44,male,caucasian,slightlyhappy,/home/fox/Desktop/Projects/Amrita RLHF/Diffusion_RL_Abi/datasets/appa-real-dataset_v2/train_data/001486.jpg,False,2101.091796875,63.414146423339844,True,0.1618804931640625,348.1513977050781,67.07376861572266,3.2574710845947266,0.051368207520768476,5.078478235989168,39.44122314453125,0.0,0.0,0.0,False,0,['jpeg_blockiness'],False,0.5932212958955155,jpeg_blockiness
1487,train,70,female,caucasian,happy,/home/fox/Desktop/Projects/Amrita RLHF/Diffusion_RL_Abi/datasets/appa-real-dataset_v2/train_data/001487.jpg,False,121.68399047851562,55.70507049560547,True,0.14002081165452654,26.123695373535156,41.771602630615234,0.04989910125732422,0.0008957730403642103,8.098006508158775,58.79205322265625,0.08812903225806452,0.09019771071800207,0.4064516129032258,False,1,['worst_quality_percentile'],False,0.7667915012138434,worst_quality_percentile
1496,train,8,female,caucasian,slightlyhappy,/home/fox/Desktop/Projects/Amrita RLHF/Diffusion_RL_Abi/datasets/appa-real-dataset_v2/train_data/001496.jpg,False,546.9013671875,45.85478973388672,True,0.17039616008653327,68.23014831542969,43.811466217041016,0.03247833251953125,0.0007082865715823612,7.228670061567558,65.8226318359375,0.0,0.0,0.0,False,0,['worst_quality_percentile'],False,0.6708320003011085,worst_quality_percentile
1502,train,16,male,caucasian,slightlyhappy,/home/fox/Desktop/Projects/Amrita RLHF/Diffusion_RL_Abi/datasets/appa-real-dataset_v2/train_data/001502.jpg,False,19.272897720336914,23.41017723083496,True,0.24,44.05409622192383,44.24947738647461,0.770721435546875,0.03292249328250355,8.261962306089629,56.72216796875,0.0,0.0,0.0,False,0,['worst_quality_percentile'],False,0.8284434574778402,worst_quality_percentile
1506,train,16,female,asian,happy,/home/fox/Desktop/Projects/Amrita RLHF/Diffusion_RL_Abi/datasets/appa-real-dataset_v2/train_data/001506.jpg,False,679.6617431640625,37.01667022705078,False,0.0,311.2945251464844,31.33612060546875,-0.14749431610107422,-0.003984537539758286,5.074238535401778,48.5693359375,0.5,0.5970044642648891,1.0,True,1,['black_bars_area'],False,0.5777236200764062,black_bars_area
1508,train,23,male,caucasian,neutral,/home/fox/Desktop/Projects/Amrita RLHF/Diffusion_RL_Abi/datasets/appa-real-dataset_v2/train_data/001508.jpg,False,418.779052734375,63.927223205566406,True,0.023375166223404256,26.840726852416992,22.849658966064453,0.4774150848388672,0.0074681028430653605,4.481897627436447,29.56005859375,0.0,0.0,0.0,False,0,['worst_quality_percentile'],False,0.7169015939928862,worst_quality_percentile
1509,train,60,male,caucasian,neutral,/home/fox/Desktop/Projects/Amrita RLHF/Diffusion_RL_Abi/datasets/appa-real-dataset_v2/train_data/001509.jpg,False,1044.1202392578125,72.02928161621094,True,0.0198046875,43.973514556884766,39.192962646484375,0.5366129875183105,0.007449928251784924,3.1479252599876615,38.78216552734375,0.0,0.0,0.0,False,0,['worst_quality_percentile'],False,0.6554754690705159,worst_quality_percentile
1511,train,73,male,caucasian,neutral,/home/fox/Desktop/Projects/Amrita RLHF/Diffusion_RL_Abi/datasets/appa-real-dataset_v2/train_data/001511.jpg,False,506.362548828125,54.714027404785156,True,0.23221993967131266,186.13795471191406,61.129825592041016,0.9001188278198242,0.01645133531679605,4.618681838580845,31.2900390625,0.0898913043478261,0.07695808196380279,0.4945652173913043,False,2,['worst_quality_percentile'],False,0.664696915520259,worst_quality_percentile
1517,train,23,female,caucasian,neutral,/home/fox/Desktop/Projects/Amrita RLHF/Diffusion_RL_Abi/datasets/appa-real-dataset_v2/train_data/001517.jpg,False,64.77938079833984,33.394290924072266,False,0.0,42.03886413574219,28.31601333618164,0.042687416076660156,0.0012782848090840623,6.403005837463897,36.85498046875,0.4391666666666667,0.033016493055555554,0.39166666666666666,True,1,['worst_quality_percentile'],False,0.7379791858780135,worst_quality_percentile
1518,train,30,female,caucasian,slightlyhappy,/home/fox/Desktop/Projects/Amrita RLHF/Diffusion_RL_Abi/datasets/appa-real-dataset_v2/train_data/001518.jpg,False,364.4414367675781,52.3902702331543,True,0.15416462794986638,41.81507873535156,50.266902923583984,0.059766292572021484,0.0011407899055540563,7.174566104550925,60.23419189453125,0.0,0.0,0.0,False,0,['worst_quality_percentile'],False,0.6637935901537535,worst_quality_percentile
1522,train,57,male,caucasian,slightlyhappy,/home/fox/Desktop/Projects/Amrita RLHF/Diffusion_RL_Abi/datasets/appa-real-dataset_v2/train_data/001522.jpg,False,71.99382019042969,29.347885131835938,True,0.3161816492972267,51.7734260559082,34.04484558105469,0.07598543167114258,0.0025891279300254357,6.384587359332544,45.19219970703125,0.0,0.0,0.0,False,0,['worst_quality_percentile'],False,0.6823870372809908,worst_quality_percentile
1525,train,42,male,asian,neutral,/home/fox/Desktop/Projects/Amrita RLHF/Diffusion_RL_Abi/datasets/appa-real-dataset_v2/train_data/001525.jpg,False,2331.44384765625,126.06914520263672,True,0.10115933641975308,177.2371063232422,37.156612396240234,0.24668025970458984,0.0019567060389866476,7.137832347856412,48.9140625,0.0,0.0,0.0,False,0,['worst_quality_percentile'],False,0.6806368443833862,worst_quality_percentile
1526,train,25,female,caucasian,slightlyhappy,/home/fox/Desktop/Projects/Amrita RLHF/Diffusion_RL_Abi/datasets/appa-real-dataset_v2/train_data/001526.jpg,False,211.8170623779297,39.91429901123047,True,0.2122748828157123,154.27313232421875,52.3671760559082,0.15331387519836426,0.003841076385035618,7.083487860403771,52.6260986328125,0.1,0.3016364682985664,1.0,False,1,['worst_quality_percentile'],False,0.7182377627641757,worst_quality_percentile
1527,train,30,male,caucasian,happy,/home/fox/Desktop/Projects/Amrita RLHF/Diffusion_RL_Abi/datasets/appa-real-dataset_v2/train_data/001527.jpg,False,405.3689880371094,38.930049896240234,True,0.0037630208333333335,5.11171817779541,25.069313049316406,0.6264591217041016,0.016091916328950996,3.139923446231472,7.8150634765625,0.09262500000000001,0.155859375,0.63125,False,3,"['roi_blur_laplacian', 'worst_quality_percentile']",False,0.7080847620302239,roi_blur_laplacian;worst_quality_percentile
1530,train,32,male,caucasian,neutral,/home/fox/Desktop/Projects/Amrita RLHF/Diffusion_RL_Abi/datasets/appa-real-dataset_v2/train_data/001530.jpg,False,213.4041748046875,36.208011627197266,True,0.23678651147959184,67.51202392578125,25.176103591918945,1.023878574371338,0.028277679443866034,4.455175534850599,16.09942626953125,0.0,0.0,0.0,False,0,['worst_quality_percentile'],False,0.696670869638858,worst_quality_percentile
1531,train,36,male,caucasian,happy,/home/fox/Desktop/Projects/Amrita RLHF/Diffusion_RL_Abi/datasets/appa-real-dataset_v2/train_data/001531.jpg,False,278.8559265136719,46.18644714355469,True,0.051221333333333334,14.387328147888184,19.389720916748047,0.0622706413269043,0.00134824486033993,3.95763150508283,25.28460693359375,0.0,0.0,0.0,False,0,"['roi_blur_tenengrad', 'roi_blur_laplacian']",False,0.5927319946553249,roi_blur_tenengrad;roi_blur_laplacian
1540,train,23,female,caucasian,slightlyhappy,/home/fox/Desktop/Projects/Amrita RLHF/Diffusion_RL_Abi/datasets/appa-real-dataset_v2/train_data/001540.jpg,False,33.37272262573242,30.786273956298828,False,0.0,27.654077529907227,34.825077056884766,0.11811280250549316,0.0038365408830121376,7.218593952895248,51.54730224609375,0.0,0.0,0.0,False,0,['worst_quality_percentile'],False,0.7407456198129364,worst_quality_percentile
1542,train,16,female,caucasian,slightlyhappy,/home/fox/Desktop/Projects/Amrita RLHF/Diffusion_RL_Abi/datasets/appa-real-dataset_v2/train_data/001542.jpg,False,245.8590545654297,37.538753509521484,True,0.014596479195244627,10.935576438903809,20.009754180908203,0.1570746898651123,0.004184334081336429,2.9406335817674916,23.628662109375,0.0,0.0,0.0,False,0,['roi_blur_laplacian'],False,0.599883320473493,roi_blur_laplacian
1544,train,6,female,caucasian,slightlyhappy,/home/fox/Desktop/Projects/Amrita RLHF/Diffusion_RL_Abi/datasets/appa-real-dataset_v2/train_data/001544.jpg,False,515.4175415039062,39.153533935546875,True,0.045600043402777776,30.879650115966797,24.322681427001953,0.28655099868774414,0.00731864949510827,4.188599952628605,10.29254150390625,0.0,0.0,0.0,False,0,['worst_quality_percentile'],False,0.633118166249506,worst_quality_percentile
1545,train,28,female,caucasian,happy,/home/fox/Desktop/Projects/Amrita RLHF/Diffusion_RL_Abi/datasets/appa-real-dataset_v2/train_data/001545.jpg,False,113.1408920288086,21.88361358642578,True,0.3470196427813839,62.939117431640625,25.855182647705078,1.4369721412658691,0.06566429579495567,5.095371876186721,8.24578857421875,0.0,0.0,0.0,False,0,['worst_quality_percentile'],False,0.7000207012063158,worst_quality_percentile
1546,train,60,female,caucasian,neutral,/home/fox/Desktop/Projects/Amrita RLHF/Diffusion_RL_Abi/datasets/appa-real-dataset_v2/train_data/001546.jpg,False,361.9529113769531,59.22196960449219,True,0.12886259040105194,54.28779220581055,51.398475646972656,0.15067195892333984,0.0025441902284810305,7.673436927242,61.20556640625,0.0,0.0,0.0,False,0,['worst_quality_percentile'],False,0.6949959538551292,worst_quality_percentile
1554,train,43,male,asian,neutral,/home/fox/Desktop/Projects/Amrita RLHF/Diffusion_RL_Abi/datasets/appa-real-dataset_v2/train_data/001554.jpg,False,118.75550079345703,31.632888793945312,True,0.000687270763641974,1.589453101158142,6.3155975341796875,-0.04430747032165527,-0.0014006772890580467,4.713064096413165,22.98394775390625,0.0,0.0,0.0,False,0,"['roi_blur_tenengrad', 'roi_blur_laplacian']",False,0.5749665957807178,roi_blur_tenengrad;roi_blur_laplacian
1558,train,55,male,caucasian,happy,/home/fox/Desktop/Projects/Amrita RLHF/Diffusion_RL_Abi/datasets/appa-real-dataset_v2/train_data/001558.jpg,False,1091.60595703125,59.16544723510742,True,0.10725109260854308,377.5359802246094,101.63719940185547,0.6569247245788574,0.011103181741620836,5.710112553981302,49.64031982421875,0.1,0.2554311417360513,1.0,False,2,['worst_quality_percentile'],False,0.6509212036810508,worst_quality_percentile
1561,train,55,male,caucasian,slightlyhappy,/home/fox/Desktop/Projects/Amrita RLHF/Diffusion_RL_Abi/datasets/appa-real-dataset_v2/train_data/001561.jpg,False,1020.9791870117188,52.582275390625,True,0.016741071428571428,39.340797424316406,33.844940185546875,0.40845632553100586,0.007767946798207283,3.8285831598403135,18.7752685546875,0.0,0.0,0.0,False,0,['worst_quality_percentile'],False,0.6422643355853737,worst_quality_percentile
1563,train,26,male,caucasian,slightlyhappy,/home/fox/Desktop/Projects/Amrita RLHF/Diffusion_RL_Abi/datasets/appa-real-dataset_v2/train_data/001563.jpg,False,63.2652473449707,19.7272891998291,True,0.4309013888888889,41.81267166137695,18.35979652404785,-0.2489166259765625,-0.012617882306953586,5.200025415148974,15.669677734375,0.0,0.0,0.0,False,0,['roi_blur_tenengrad'],False,0.4778214803244443,roi_blur_tenengrad
1564,train,9,male,caucasian,neutral,/home/fox/Desktop/Projects/Amrita RLHF/Diffusion_RL_Abi/datasets/appa-real-dataset_v2/train_data/001564.jpg,False,203.7779541015625,59.77476501464844,True,0.07872263340406811,13.510494232177734,40.008419036865234,0.003490447998046875,5.8393336030650525e-05,7.443967609740905,61.90728759765625,0.0,0.0,0.0,False,0,"['roi_blur_laplacian', 'worst_quality_percentile']",False,0.6959745563355101,roi_blur_laplacian;worst_quality_percentile
1575,train,50,female,caucasian,other,/home/fox/Desktop/Projects/Amrita RLHF/Diffusion_RL_Abi/datasets/appa-real-dataset_v2/train_data/001575.jpg,False,870.6865234375,75.78730773925781,True,0.23289027499319323,214.1361083984375,59.737060546875,0.4869270324707031,0.006424915207715708,6.310791440039332,52.73291015625,0.0,0.0,0.0,False,0,['worst_quality_percentile'],False,0.6419067692944652,worst_quality_percentile
1576,train,25,female,caucasian,happy,/home/fox/Desktop/Projects/Amrita RLHF/Diffusion_RL_Abi/datasets/appa-real-dataset_v2/train_data/001576.jpg,False,230.1142578125,31.44274139404297,True,0.28910543311993653,398.6893615722656,52.74393081665039,-0.08827471733093262,-0.0028074751312931545,3.8327718768447587,-6.6051025390625,0.5,0.22486517693588115,1.0,True,1,['black_bars_area'],False,0.3597587368500292,black_bars_area
1579,train,13,female,asian,slightlyhappy,/home/fox/Desktop/Projects/Amrita RLHF/Diffusion_RL_Abi/datasets/appa-real-dataset_v2/train_data/001579.jpg,False,154.57183837890625,33.802547454833984,True,0.07719264403292181,26.816303253173828,22.844999313354492,0.6316263675689697,0.018685761767723852,5.540969207560962,27.41705322265625,0.09136111111111112,0.05145576131687243,0.5680555555555555,False,1,['worst_quality_percentile'],False,0.8333929277151514,worst_quality_percentile
1580,train,23,female,caucasian,slightlyhappy,/home/fox/Desktop/Projects/Amrita RLHF/Diffusion_RL_Abi/datasets/appa-real-dataset_v2/train_data/001580.jpg,False,23.44146728515625,21.985441207885742,False,0.0,17.12310028076172,15.92647933959961,-0.07776308059692383,-0.0035370259948208707,7.689110656850801,52.14996337890625,0.09642666666666667,0.16009066666666666,0.8213333333333334,False,1,"['roi_blur_tenengrad', 'worst_quality_percentile']",False,0.7352315712215595,roi_blur_tenengrad;worst_quality_percentile
1582,train,15,female,caucasian,happy,/home/fox/Desktop/Projects/Amrita RLHF/Diffusion_RL_Abi/datasets/appa-real-dataset_v2/train_data/001582.jpg,False,122.73966217041016,29.856605529785156,True,0.30645124587552625,53.907997131347656,23.505292892456055,0.4845123291015625,0.016227977168745203,6.246905029652995,48.3006591796875,0.0,0.0,0.0,False,0,['worst_quality_percentile'],False,0.8010049494702374,worst_quality_percentile
1584,train,13,female,caucasian,happy,/home/fox/Desktop/Projects/Amrita RLHF/Diffusion_RL_Abi/datasets/appa-real-dataset_v2/train_data/001584.jpg,False,269.18902587890625,51.79063034057617,True,0.29101888020833333,190.68658447265625,42.405113220214844,0.8610377311706543,0.016625356920413923,3.91731867598421,23.8466796875,0.1,0.09750325520833333,1.0,False,1,['worst_quality_percentile'],False,0.6933963151852758,worst_quality_percentile
1586,train,13,male,caucasian,neutral,/home/fox/Desktop/Projects/Amrita RLHF/Diffusion_RL_Abi/datasets/appa-real-dataset_v2/train_data/001586.jpg,False,55.80402755737305,39.01469039916992,True,0.08710194411539265,21.622495651245117,48.21760177612305,-0.33658289909362793,-0.00862708090267732,7.684369516307755,73.70318603515625,0.0,0.0,0.0,False,0,['brisque'],False,0.5757946440333478,brisque
1592,train,19,male,caucasian,happy,/home/fox/Desktop/Projects/Amrita RLHF/Diffusion_RL_Abi/datasets/appa-real-dataset_v2/train_data/001592.jpg,False,98.65853881835938,28.27307891845703,True,0.3147027600849257,124.02720642089844,38.46833419799805,0.4081401824951172,0.014435646334684535,4.321266274939819,28.83258056640625,0.0,0.0,0.0,False,0,['worst_quality_percentile'],False,0.6617140598829442,worst_quality_percentile
1597,train,28,male,afroamerican,slightlyhappy,/home/fox/Desktop/Projects/Amrita RLHF/Diffusion_RL_Abi/datasets/appa-real-dataset_v2/train_data/001597.jpg,False,60.55679702758789,27.105056762695312,True,0.11383138020833333,133.02017211914062,50.680660247802734,0.3126852512359619,0.011536048141771922,7.300650953251016,53.19171142578125,0.0,0.0,0.0,False,0,['worst_quality_percentile'],False,0.7227732088751717,worst_quality_percentile
1598,train,13,male,caucasian,slightlyhappy,/home/fox/Desktop/Projects/Amrita RLHF/Diffusion_RL_Abi/datasets/appa-real-dataset_v2/train_data/001598.jpg,False,528.4447631835938,52.698970794677734,True,0.11377952755905511,238.5072479248047,56.996219635009766,0.4393162727355957,0.008336334804542883,3.56294085619031,15.50567626953125,0.5,0.33300251531058617,1.0,True,1,['black_bars_area'],False,0.5729811619022527,black_bars_area
1600,train,29,male,caucasian,neutral,/home/fox/Desktop/Projects/Amrita RLHF/Diffusion_RL_Abi/datasets/appa-real-dataset_v2/train_data/001600.jpg,False,48.038475036621094,29.101619720458984,True,0.17139653154172282,18.108633041381836,25.483562469482422,0.1445317268371582,0.004966449402439971,7.119852514754797,53.15838623046875,0.0,0.0,0.0,False,0,['worst_quality_percentile'],False,0.7736887667726818,worst_quality_percentile
1602,train,8,male,caucasian,other,/home/fox/Desktop/Projects/Amrita RLHF/Diffusion_RL_Abi/datasets/appa-real-dataset_v2/train_data/001602.jpg,False,128.84957885742188,32.13310623168945,True,0.15904903628117914,32.947208404541016,32.859291076660156,0.022031784057617188,0.0006856412577458302,7.436540169791751,53.6240234375,0.0,0.0,0.0,False,0,['worst_quality_percentile'],False,0.7012251350283231,worst_quality_percentile
1604,train,35,female,caucasian,happy,/home/fox/Desktop/Projects/Amrita RLHF/Diffusion_RL_Abi/datasets/appa-real-dataset_v2/train_data/001604.jpg,False,1010.48291015625,91.88733673095703,True,0.28373348901700357,67.53341674804688,45.12785339355469,0.3417673110961914,0.0037194168373543956,6.24402227042845,47.9810791015625,0.0,0.0,0.0,False,0,['worst_quality_percentile'],False,0.6978564841823963,worst_quality_percentile
1612,train,2,female,caucasian,slightlyhappy,/home/fox/Desktop/Projects/Amrita RLHF/Diffusion_RL_Abi/datasets/appa-real-dataset_v2/train_data/001612.jpg,False,227.05587768554688,58.659183502197266,True,0.04288235294117647,25.230239868164062,38.34870529174805,0.15552091598510742,0.0026512628381201225,5.031550907118165,28.244384765625,0.0,0.0,0.0,False,0,['worst_quality_percentile'],False,0.6410599017633665,worst_quality_percentile
1616,train,23,female,caucasian,happy,/home/fox/Desktop/Projects/Amrita RLHF/Diffusion_RL_Abi/datasets/appa-real-dataset_v2/train_data/001616.jpg,False,110.70548248291016,42.360355377197266,True,0.12041666666666667,96.82255554199219,49.518699645996094,0.3332698345184326,0.007867493643132639,5.152543877522726,31.86761474609375,0.0,0.0,0.0,False,0,['worst_quality_percentile'],False,0.6463104804561793,worst_quality_percentile
1619,train,45,male,asian,slightlyhappy,/home/fox/Desktop/Projects/Amrita RLHF/Diffusion_RL_Abi/datasets/appa-real-dataset_v2/train_data/001619.jpg,False,33.128173828125,39.5665168762207,True,0.48100936524453697,46.99113464355469,46.0453987121582,0.0783531665802002,0.001980289668788117,9.549861304307582,69.20733642578125,0.0,0.0,0.0,False,0,['worst_quality_percentile'],False,0.7099760995163445,worst_quality_percentile
1620,train,21,female,caucasian,slightlyhappy,/home/fox/Desktop/Projects/Amrita RLHF/Diffusion_RL_Abi/datasets/appa-real-dataset_v2/train_data/001620.jpg,False,1150.422119140625,88.35796356201172,True,0.005168952112435388,8.698827743530273,26.7375431060791,-0.3266439437866211,-0.003696825129526095,2.8030214490059913,12.136962890625,0.0,0.0,0.0,False,0,['roi_blur_laplacian'],False,0.4147392588968139,roi_blur_laplacian
1635,train,46,male,caucasian,slightlyhappy,/home/fox/Desktop/Projects/Amrita RLHF/Diffusion_RL_Abi/datasets/appa-real-dataset_v2/train_data/001635.jpg,False,37.707603454589844,39.95234298706055,False,0.0,29.951614379882812,33.064483642578125,0.08793759346008301,0.002201062182698556,8.956845006420243,64.8531494140625,0.0,0.0,0.0,False,0,['worst_quality_percentile'],False,0.754446054538269,worst_quality_percentile
1638,train,20,male,caucasian,neutral,/home/fox/Desktop/Projects/Amrita RLHF/Diffusion_RL_Abi/datasets/appa-real-dataset_v2/train_data/001638.jpg,False,953.3630981445312,64.49410247802734,True,0.003605105105105105,9.933490753173828,35.304134368896484,1.0614862442016602,0.016458655705839847,3.3001999000673563,7.0194091796875,0.4566066066066066,0.19575375375375376,0.566066066066066,True,3,"['roi_blur_laplacian', 'worst_quality_percentile']",False,0.7146620998550915,roi_blur_laplacian;worst_quality_percentile
1639,train,30,female,afroamerican,happy,/home/fox/Desktop/Projects/Amrita RLHF/Diffusion_RL_Abi/datasets/appa-real-dataset_v2/train_data/001639.jpg,False,108.34742736816406,22.31927490234375,True,0.09528483127297026,134.81326293945312,36.963626861572266,0.022387981414794922,0.0010030783038281253,7.101723048218619,45.77703857421875,0.0,0.0,0.0,False,0,['worst_quality_percentile'],False,0.6354517567796449,worst_quality_percentile
1640,train,90,female,caucasian,other,/home/fox/Desktop/Projects/Amrita RLHF/Diffusion_RL_Abi/datasets/appa-real-dataset_v2/train_data/001640.jpg,False,386.61651611328125,78.88011169433594,True,0.10808782135485082,26.708833694458008,46.93076705932617,0.7023916244506836,0.008904546411748718,7.276359237433862,53.51885986328125,0.0,0.0,0.0,False,0,['worst_quality_percentile'],False,0.7916141295142743,worst_quality_percentile
1641,train,24,male,caucasian,other,/home/fox/Desktop/Projects/Amrita RLHF/Diffusion_RL_Abi/datasets/appa-real-dataset_v2/train_data/001641.jpg,False,531.67041015625,64.45126342773438,True,0.13177894539313192,88.59894561767578,72.11470031738281,0.6356921195983887,0.0098631442725403,7.065457699068891,56.935546875,0.0,0.0,0.0,False,0,['worst_quality_percentile'],False,0.6958240021077592,worst_quality_percentile
1642,train,11,female,caucasian,slightlyhappy,/home/fox/Desktop/Projects/Amrita RLHF/Diffusion_RL_Abi/datasets/appa-real-dataset_v2/train_data/001642.jpg,False,69.81746673583984,24.800094604492188,True,0.11195204215533502,54.404998779296875,34.340057373046875,0.16611647605895996,0.006698219180609541,5.791919739634869,25.57366943359375,0.4423357664233577,0.11228266218321988,0.4233576642335766,True,2,['worst_quality_percentile'],False,0.7550482714492727,worst_quality_percentile
1646,train,10,male,caucasian,neutral,/home/fox/Desktop/Projects/Amrita RLHF/Diffusion_RL_Abi/datasets/appa-real-dataset_v2/train_data/001646.jpg,False,67.6927719116211,39.5623664855957,True,0.11260754020089185,9.27737045288086,33.370784759521484,0.4060215950012207,0.010262823506430688,8.044386001344373,65.27850341796875,0.0,0.0,0.0,False,0,"['roi_blur_laplacian', 'worst_quality_percentile']",False,0.851779362779231,roi_blur_laplacian;worst_quality_percentile
1655,train,34,male,asian,neutral,/home/fox/Desktop/Projects/Amrita RLHF/Diffusion_RL_Abi/datasets/appa-real-dataset_v2/train_data/001655.jpg,False,194.65216064453125,55.4708366394043,True,0.005441309315053935,3.838552951812744,18.423460006713867,-0.265139102935791,-0.004779792666181891,6.147889617671458,50.2255859375,0.0,0.0,0.0,False,0,"['roi_blur_tenengrad', 'roi_blur_laplacian']",False,0.6049080678246795,roi_blur_tenengrad;roi_blur_laplacian
1661,train,41,male,caucasian,neutral,/home/fox/Desktop/Projects/Amrita RLHF/Diffusion_RL_Abi/datasets/appa-real-dataset_v2/train_data/001661.jpg,False,241.00323486328125,34.584190368652344,True,0.27846533333333334,392.819091796875,65.82942199707031,0.12862634658813477,0.003719223769526204,4.801204751379533,34.86871337890625,0.5,0.427004,1.0,True,1,['black_bars_area'],False,0.5515836422831548,black_bars_area
1663,train,57,male,caucasian,slightlyhappy,/home/fox/Desktop/Projects/Amrita RLHF/Diffusion_RL_Abi/datasets/appa-real-dataset_v2/train_data/001663.jpg,False,72.56910705566406,26.41310691833496,True,0.3434904533805633,122.56257629394531,35.570579528808594,0.07357478141784668,0.0027855404841159908,6.69299284834592,49.109619140625,0.0,0.0,0.0,False,0,['worst_quality_percentile'],False,0.668837156783409,worst_quality_percentile
1664,train,15,male,asian,neutral,/home/fox/Desktop/Projects/Amrita RLHF/Diffusion_RL_Abi/datasets/appa-real-dataset_v2/train_data/001664.jpg,False,556.2865600585938,56.78187942504883,True,0.0027376302083333332,3.4775781631469727,26.123281478881836,0.33452892303466797,0.005891473134220005,4.021618082473183,10.3756103515625,0.0,0.0,0.0,False,0,"['roi_blur_laplacian', 'worst_quality_percentile']",False,0.63503773265333,roi_blur_laplacian;worst_quality_percentile
1665,train,17,male,asian,slightlyhappy,/home/fox/Desktop/Projects/Amrita RLHF/Diffusion_RL_Abi/datasets/appa-real-dataset_v2/train_data/001665.jpg,False,419.20611572265625,39.0024528503418,True,0.002800925925925926,2.2950329780578613,11.360395431518555,-0.052170515060424805,-0.0013376213522515998,4.1399880199905965,22.56097412109375,0.0,0.0,0.0,False,0,"['roi_blur_tenengrad', 'roi_blur_laplacian']",False,0.5496358469616275,roi_blur_tenengrad;roi_blur_laplacian
1672,train,33,male,caucasian,neutral,/home/fox/Desktop/Projects/Amrita RLHF/Diffusion_RL_Abi/datasets/appa-real-dataset_v2/train_data/001672.jpg,False,81.8474349975586,21.40964698791504,True,0.19539388020833334,79.71549987792969,35.728477478027344,0.23956036567687988,0.011189364991526386,6.0801388116347805,22.4642333984375,0.47375,0.14109375,0.7375,True,1,['worst_quality_percentile'],False,0.7702636580913487,worst_quality_percentile
1674,train,20,female,caucasian,slightlyhappy,/home/fox/Desktop/Projects/Amrita RLHF/Diffusion_RL_Abi/datasets/appa-real-dataset_v2/train_data/001674.jpg,False,179.5579833984375,56.00592041015625,True,0.009509046572758282,3.217228412628174,16.971908569335938,0.08065414428710938,0.0014401003011171487,4.866036911384042,23.42620849609375,0.0,0.0,0.0,False,0,"['roi_blur_tenengrad', 'roi_blur_laplacian', 'worst_quality_percentile']",False,0.6327041421231909,roi_blur_tenengrad;roi_blur_laplacian;worst_quality_percentile
1677,train,23,male,caucasian,slightlyhappy,/home/fox/Desktop/Projects/Amrita RLHF/Diffusion_RL_Abi/datasets/appa-real-dataset_v2/train_data/001677.jpg,False,107.22138214111328,30.05183982849121,True,0.4846180346666255,130.0928192138672,37.97499084472656,0.44343066215515137,0.014755524118667254,4.990999604567986,30.079833984375,0.0,0.0,0.0,False,0,['worst_quality_percentile'],False,0.689218435365188,worst_quality_percentile
1683,train,46,male,caucasian,happy,/home/fox/Desktop/Projects/Amrita RLHF/Diffusion_RL_Abi/datasets/appa-real-dataset_v2/train_data/001683.jpg,False,220.73428344726562,24.938207626342773,True,0.13020833333333334,146.87269592285156,40.628604888916016,0.28467345237731934,0.01141515241301705,5.670268789173365,26.59136962890625,0.46958333333333335,0.175927734375,0.6958333333333333,True,1,['worst_quality_percentile'],False,0.7444906562282402,worst_quality_percentile
1685,train,11,male,afroamerican,neutral,/home/fox/Desktop/Projects/Amrita RLHF/Diffusion_RL_Abi/datasets/appa-real-dataset_v2/train_data/001685.jpg,False,229.1858673095703,47.84231948852539,True,0.09169807577861536,11.338496208190918,34.49836349487305,-0.08149027824401855,-0.0017033094844043648,7.712770986049106,59.6895751953125,0.0843661971830986,0.031342987502479665,0.21830985915492956,False,1,"['roi_blur_laplacian', 'worst_quality_percentile']",False,0.7355138603985923,roi_blur_laplacian;worst_quality_percentile
1687,train,44,female,caucasian,slightlyhappy,/home/fox/Desktop/Projects/Amrita RLHF/Diffusion_RL_Abi/datasets/appa-real-dataset_v2/train_data/001687.jpg,False,223.973876953125,43.628868103027344,True,0.1126171875,161.8352508544922,49.143836975097656,0.7911405563354492,0.01813341882566819,5.394981200117035,31.20941162109375,0.0,0.0,0.0,False,0,['worst_quality_percentile'],False,0.6709825545288595,worst_quality_percentile
1690,train,30,male,caucasian,neutral,/home/fox/Desktop/Projects/Amrita RLHF/Diffusion_RL_Abi/datasets/appa-real-dataset_v2/train_data/001690.jpg,False,276.035888671875,36.217979431152344,True,0.20323837678043535,111.1616439819336,36.97904968261719,0.387570858001709,0.010701062107492495,6.807909168566549,52.51092529296875,0.0,0.0,0.0,False,0,['worst_quality_percentile'],False,0.7674689952387226,worst_quality_percentile
1694,train,23,female,caucasian,slightlyhappy,/home/fox/Desktop/Projects/Amrita RLHF/Diffusion_RL_Abi/datasets/appa-real-dataset_v2/train_data/001694.jpg,False,107.83859252929688,47.76276397705078,True,0.4175147928994083,113.12873077392578,48.55400085449219,0.3318822383880615,0.006948555816388048,8.550596913851203,62.77880859375,0.0,0.0,0.0,False,0,['worst_quality_percentile'],False,0.748085138415793,worst_quality_percentile
1701,train,17,male,caucasian,neutral,/home/fox/Desktop/Projects/Amrita RLHF/Diffusion_RL_Abi/datasets/appa-real-dataset_v2/train_data/001701.jpg,False,436.05291748046875,31.520296096801758,True,0.041259765625,66.75591278076172,39.43873596191406,0.11723089218139648,0.0037192191374773383,5.545262850347246,27.99713134765625,0.0,0.0,0.0,False,0,['worst_quality_percentile'],False,0.6329676120217551,worst_quality_percentile
1702,train,38,female,caucasian,neutral,/home/fox/Desktop/Projects/Amrita RLHF/Diffusion_RL_Abi/datasets/appa-real-dataset_v2/train_data/001702.jpg,False,106.49285888671875,37.48881149291992,True,0.2208008658008658,44.918636322021484,33.642303466796875,0.06309199333190918,0.0016829552374811722,7.036603490755736,53.6871337890625,0.0,0.0,0.0,False,0,['worst_quality_percentile'],False,0.7055912076330993,worst_quality_percentile
1703,train,14,female,asian,neutral,/home/fox/Desktop/Projects/Amrita RLHF/Diffusion_RL_Abi/datasets/appa-real-dataset_v2/train_data/001703.jpg,False,317.9468994140625,22.84385871887207,True,0.13546875,116.11691284179688,45.61637878417969,-0.9429272413253784,-0.041277054443929845,6.6198760108048695,74.091796875,0.5,0.6602506510416667,1.0,True,1,"['brisque', 'black_bars_area']",False,0.5906712836629843,brisque;black_bars_area
1706,train,25,female,caucasian,neutral,/home/fox/Desktop/Projects/Amrita RLHF/Diffusion_RL_Abi/datasets/appa-real-dataset_v2/train_data/001706.jpg,False,501.4125671386719,72.06307220458984,True,0.14630208333333333,109.97392272949219,59.253936767578125,0.5744080543518066,0.007970906995890115,4.777624348770609,34.86114501953125,0.44546875,0.10322591145833333,0.4546875,True,1,['worst_quality_percentile'],False,0.695842821386228,worst_quality_percentile
1707,train,15,female,caucasian,neutral,/home/fox/Desktop/Projects/Amrita RLHF/Diffusion_RL_Abi/datasets/appa-real-dataset_v2/train_data/001707.jpg,False,657.5109252929688,41.857513427734375,True,0.020833333333333332,20.056516647338867,15.46501350402832,-0.007284641265869141,-0.00017403425323894554,4.499680686106652,7.00030517578125,0.0,0.0,0.0,False,0,['roi_blur_tenengrad'],False,0.533714737376969,roi_blur_tenengrad
1714,train,32,male,caucasian,neutral,/home/fox/Desktop/Projects/Amrita RLHF/Diffusion_RL_Abi/datasets/appa-real-dataset_v2/train_data/001714.jpg,False,109.49536895751953,30.553144454956055,True,0.4781700721153846,184.9254150390625,43.286563873291016,0.2815885543823242,0.009216352365338786,5.2965242635945105,41.88824462890625,0.0,0.0,0.0,False,0,['worst_quality_percentile'],False,0.6635865780905961,worst_quality_percentile
1716,train,40,male,caucasian,slightlyhappy,/home/fox/Desktop/Projects/Amrita RLHF/Diffusion_RL_Abi/datasets/appa-real-dataset_v2/train_data/001716.jpg,False,202.24960327148438,61.66512680053711,True,0.2657030502710171,123.87657928466797,63.117347717285156,1.5551066398620605,0.025218574830368153,7.391059612330463,56.5732421875,0.0,0.0,0.0,False,0,['worst_quality_percentile'],False,0.7293975948962117,worst_quality_percentile
1717,train,22,male,asian,slightlyhappy,/home/fox/Desktop/Projects/Amrita RLHF/Diffusion_RL_Abi/datasets/appa-real-dataset_v2/train_data/001717.jpg,False,313.28436279296875,60.0810661315918,True,0.01444924123495552,6.214011192321777,23.108535766601562,-0.12855815887451172,-0.0021397449315096024,4.051622371834021,20.96380615234375,0.0,0.0,0.0,False,0,['roi_blur_laplacian'],False,0.5148013625157611,roi_blur_laplacian
1718,train,30,female,caucasian,happy,/home/fox/Desktop/Projects/Amrita RLHF/Diffusion_RL_Abi/datasets/appa-real-dataset_v2/train_data/001718.jpg,False,1333.17822265625,101.34713745117188,True,0.009184027777777777,12.244194030761719,36.566959381103516,-0.03836822509765625,-0.00037858222426419774,2.6474889478529366,7.87139892578125,0.0,0.0,0.0,False,0,['roi_blur_laplacian'],False,0.4488774300393322,roi_blur_laplacian
1728,train,7,female,asian,slightlyhappy,/home/fox/Desktop/Projects/Amrita RLHF/Diffusion_RL_Abi/datasets/appa-real-dataset_v2/train_data/001728.jpg,False,1426.766357421875,68.8064193725586,True,0.11285400390625,787.5716552734375,66.64382934570312,7.403011798858643,0.10759187527521945,3.779733788784857,5.03009033203125,0.0,0.0,0.0,False,0,['jpeg_blockiness'],False,0.43122494683553825,jpeg_blockiness
1729,train,57,male,caucasian,slightlyhappy,/home/fox/Desktop/Projects/Amrita RLHF/Diffusion_RL_Abi/datasets/appa-real-dataset_v2/train_data/001729.jpg,False,450.0976257324219,42.566490173339844,True,0.26265625,678.1001586914062,78.60962677001953,0.37979745864868164,0.008922451632249069,4.146884805042905,5.010498046875,0.5,0.24010498046875,1.0,True,1,['black_bars_area'],False,0.4748574439655984,black_bars_area
1731,train,38,male,caucasian,slightlyhappy,/home/fox/Desktop/Projects/Amrita RLHF/Diffusion_RL_Abi/datasets/appa-real-dataset_v2/train_data/001731.jpg,False,17.341476440429688,14.727632522583008,True,0.14234521713615023,25.52143096923828,27.07958984375,0.0008655786514282227,5.8772419214598506e-05,7.342582883340013,45.9912109375,0.0,0.0,0.0,False,0,['worst_quality_percentile'],False,0.6849088205958183,worst_quality_percentile
1733,train,26,male,asian,slightlyhappy,/home/fox/Desktop/Projects/Amrita RLHF/Diffusion_RL_Abi/datasets/appa-real-dataset_v2/train_data/001733.jpg,False,351.03045654296875,56.968353271484375,True,0.17070638020833334,145.1240997314453,37.28654861450195,0.32151365280151367,0.005643723728955393,5.960924474745335,21.7994384765625,0.0,0.0,0.0,False,0,['worst_quality_percentile'],False,0.6477219263413441,worst_quality_percentile
1734,train,27,male,asian,neutral,/home/fox/Desktop/Projects/Amrita RLHF/Diffusion_RL_Abi/datasets/appa-real-dataset_v2/train_data/001734.jpg,False,277.25042724609375,33.640384674072266,True,0.22136170212765957,265.3186340332031,61.726234436035156,0.29337549209594727,0.008720931291880559,6.680956129692663,59.99407958984375,0.0,0.0,0.0,False,0,['worst_quality_percentile'],False,0.6383499256638501,worst_quality_percentile
1739,train,29,male,caucasian,neutral,/home/fox/Desktop/Projects/Amrita RLHF/Diffusion_RL_Abi/datasets/appa-real-dataset_v2/train_data/001739.jpg,False,19.55879783630371,23.507246017456055,True,0.25110536804085193,13.890107154846191,22.903310775756836,-0.08129632472991943,-0.003458351574284741,8.729854061716384,61.17535400390625,0.0,0.0,0.0,False,0,"['roi_blur_laplacian', 'worst_quality_percentile']",False,0.6832715433690273,roi_blur_laplacian;worst_quality_percentile
1741,train,19,female,caucasian,slightlyhappy,/home/fox/Desktop/Projects/Amrita RLHF/Diffusion_RL_Abi/datasets/appa-real-dataset_v2/train_data/001741.jpg,False,11.065041542053223,11.551507949829102,True,0.070556640625,11.096390724182129,17.4720458984375,-0.026841163635253906,-0.0023236067038368185,6.857735928679709,52.81732177734375,0.5,0.49712239583333334,1.0,True,1,"['roi_blur_tenengrad', 'roi_blur_laplacian', 'black_bars_area', 'worst_quality_percentile']",False,0.7550388618100382,roi_blur_tenengrad;roi_blur_laplacian;black_bars_area;worst_quality_percentile
1744,train,25,male,caucasian,neutral,/home/fox/Desktop/Projects/Amrita RLHF/Diffusion_RL_Abi/datasets/appa-real-dataset_v2/train_data/001744.jpg,False,1657.766845703125,92.25737762451172,True,0.00437644675925926,8.832428932189941,32.400299072265625,2.0478920936584473,0.022197596812211465,3.5678915409698804,31.409912109375,0.4998958333333334,0.2143012152777778,0.9989583333333333,True,1,"['roi_blur_laplacian', 'jpeg_blockiness', 'black_bars_area', 'worst_quality_percentile']",False,0.8032820821649699,roi_blur_laplacian;jpeg_blockiness;black_bars_area;worst_quality_percentile
1746,train,27,male,caucasian,slightlyhappy,/home/fox/Desktop/Projects/Amrita RLHF/Diffusion_RL_Abi/datasets/appa-real-dataset_v2/train_data/001746.jpg,False,202.15072631835938,35.50829315185547,True,0.3634123032040642,250.7118682861328,44.93482971191406,0.3442699909210205,0.009695480989560037,4.8531357771836925,35.610595703125,0.0,0.0,0.0,False,0,['worst_quality_percentile'],False,0.6278299489997553,worst_quality_percentile
1747,train,15,female,caucasian,slightlyhappy,/home/fox/Desktop/Projects/Amrita RLHF/Diffusion_RL_Abi/datasets/appa-real-dataset_v2/train_data/001747.jpg,False,431.5448913574219,52.883304595947266,True,0.023129340277777778,3.022764205932617,10.687231063842773,-0.2999591827392578,-0.005672095935739791,4.398949930241844,24.18408203125,0.43895833333333334,0.06665364583333333,0.38958333333333334,True,2,"['roi_blur_tenengrad', 'roi_blur_laplacian']",False,0.5810640420046296,roi_blur_tenengrad;roi_blur_laplacian
1749,train,50,female,caucasian,happy,/home/fox/Desktop/Projects/Amrita RLHF/Diffusion_RL_Abi/datasets/appa-real-dataset_v2/train_data/001749.jpg,False,178.10122680664062,55.48463821411133,True,0.1609891784788904,41.94667053222656,49.61483383178711,0.4577155113220215,0.008249409526765228,7.7474446560833865,55.63348388671875,0.08703703703703705,0.04244779759183051,0.35185185185185186,False,1,['worst_quality_percentile'],False,0.8334211566328548,worst_quality_percentile
1760,train,7,male,caucasian,happy,/home/fox/Desktop/Projects/Amrita RLHF/Diffusion_RL_Abi/datasets/appa-real-dataset_v2/train_data/001760.jpg,False,216.84732055664062,79.8341064453125,True,0.26617712686113026,48.301300048828125,44.96540451049805,-0.06000947952270508,-0.0007516772147019045,8.016896191092666,61.25836181640625,0.0,0.0,0.0,False,0,['worst_quality_percentile'],False,0.6490957336695712,worst_quality_percentile
1763,train,54,female,afroamerican,neutral,/home/fox/Desktop/Projects/Amrita RLHF/Diffusion_RL_Abi/datasets/appa-real-dataset_v2/train_data/001763.jpg,False,539.2116088867188,50.328983306884766,True,0.03959287796751353,13.067578315734863,47.12849426269531,-0.17558050155639648,-0.0034886557711115563,6.733033422964654,49.96588134765625,0.0,0.0,0.0,False,0,['roi_blur_laplacian'],False,0.5766603308429155,roi_blur_laplacian
1768,train,26,female,caucasian,neutral,/home/fox/Desktop/Projects/Amrita RLHF/Diffusion_RL_Abi/datasets/appa-real-dataset_v2/train_data/001768.jpg,False,838.0969848632812,81.689697265625,True,0.14694444444444443,124.5263671875,46.242103576660156,7.329095363616943,0.0897187224242818,4.6796319151563734,24.50048828125,0.0,0.0,0.0,False,0,"['jpeg_blockiness', 'worst_quality_percentile']",False,0.6682913977078119,jpeg_blockiness;worst_quality_percentile
1777,train,40,female,caucasian,slightlyhappy,/home/fox/Desktop/Projects/Amrita RLHF/Diffusion_RL_Abi/datasets/appa-real-dataset_v2/train_data/001777.jpg,False,465.22662353515625,47.60057067871094,True,0.1550390625,18.56439208984375,32.25287628173828,1.4322805404663086,0.030089565943320115,7.047427963730613,52.690185546875,0.09662500000000002,0.0543359375,0.83125,False,1,['worst_quality_percentile'],False,0.922784500442253,worst_quality_percentile
1779,train,24,male,caucasian,neutral,/home/fox/Desktop/Projects/Amrita RLHF/Diffusion_RL_Abi/datasets/appa-real-dataset_v2/train_data/001779.jpg,False,322.0873107910156,37.32891082763672,True,0.1926544,69.33171844482422,35.40410614013672,0.29197001457214355,0.007821551721633138,4.563928450217606,33.55499267578125,0.0,0.0,0.0,False,0,['worst_quality_percentile'],False,0.6799969889154449,worst_quality_percentile
1782,train,29,female,asian,slightlyhappy,/home/fox/Desktop/Projects/Amrita RLHF/Diffusion_RL_Abi/datasets/appa-real-dataset_v2/train_data/001782.jpg,False,47.390655517578125,31.04608154296875,True,0.31548258780219646,56.388519287109375,47.23774337768555,-0.28958868980407715,-0.009327704691993823,8.046248371294881,72.51220703125,0.44077134986225897,0.08213813635745963,0.40771349862258954,True,1,['worst_quality_percentile'],False,0.6459529141652709,worst_quality_percentile
1783,train,53,female,caucasian,slightlyhappy,/home/fox/Desktop/Projects/Amrita RLHF/Diffusion_RL_Abi/datasets/appa-real-dataset_v2/train_data/001783.jpg,False,176.42518615722656,41.81629943847656,True,0.36650716221447927,203.6513214111328,50.57050704956055,0.3078479766845703,0.007361913260057535,4.4121077274293965,31.9874267578125,0.09330081300813009,0.1527061556329849,0.6650406504065041,False,2,['worst_quality_percentile'],False,0.6505259988332047,worst_quality_percentile
1784,train,52,female,caucasian,slightlyhappy,/home/fox/Desktop/Projects/Amrita RLHF/Diffusion_RL_Abi/datasets/appa-real-dataset_v2/train_data/001784.jpg,False,62.591957092285156,24.38311767578125,True,0.31757921006944445,157.96524047851562,45.00863265991211,0.21990132331848145,0.0090185888951482,6.02498965772929,32.50811767578125,0.5,0.2953005642361111,1.0,True,1,"['black_bars_area', 'worst_quality_percentile']",False,0.7362572218981124,black_bars_area;worst_quality_percentile
1786,train,50,male,caucasian,neutral,/home/fox/Desktop/Projects/Amrita RLHF/Diffusion_RL_Abi/datasets/appa-real-dataset_v2/train_data/001786.jpg,False,87.89248657226562,38.0063362121582,True,0.4597081930415264,145.45947265625,34.60285949707031,0.06510281562805176,0.0017129463243099735,7.534987536866476,57.97412109375,0.0,0.0,0.0,False,0,['worst_quality_percentile'],False,0.6849464591527561,worst_quality_percentile
1791,train,37,male,caucasian,slightlyhappy,/home/fox/Desktop/Projects/Amrita RLHF/Diffusion_RL_Abi/datasets/appa-real-dataset_v2/train_data/001791.jpg,False,908.66015625,70.10658264160156,True,0.0728386492768595,118.60403442382812,53.2409782409668,2.040144443511963,0.029100611348308977,3.9651849139698294,32.80487060546875,0.0,0.0,0.0,False,0,"['jpeg_blockiness', 'worst_quality_percentile']",False,0.6336827446035719,jpeg_blockiness;worst_quality_percentile
1804,train,54,male,caucasian,neutral,/home/fox/Desktop/Projects/Amrita RLHF/Diffusion_RL_Abi/datasets/appa-real-dataset_v2/train_data/001804.jpg,False,61.21260070800781,45.75898742675781,True,0.49,51.02375793457031,42.732460021972656,0.0020127296447753906,4.3985448847869117e-05,9.568427872161868,70.1580810546875,0.0,0.0,0.0,False,0,['worst_quality_percentile'],False,0.6847394470895986,worst_quality_percentile
1807,train,30,female,caucasian,slightlyhappy,/home/fox/Desktop/Projects/Amrita RLHF/Diffusion_RL_Abi/datasets/appa-real-dataset_v2/train_data/001807.jpg,False,267.64166259765625,51.997886657714844,True,0.2280330766317384,121.0652084350586,50.963008880615234,0.11134719848632812,0.0021413792656211432,7.228782086991775,58.44427490234375,0.0,0.0,0.0,False,0,['worst_quality_percentile'],False,0.651034119351864,worst_quality_percentile
1809,train,24,female,caucasian,neutral,/home/fox/Desktop/Projects/Amrita RLHF/Diffusion_RL_Abi/datasets/appa-real-dataset_v2/train_data/001809.jpg,False,470.7296447753906,42.28286361694336,True,0.017906378600823045,4.422908782958984,12.28717041015625,-0.40042948722839355,-0.009470254460194158,5.064710756395865,33.92022705078125,0.4302777777777778,0.05318801440329218,0.30277777777777776,True,2,"['roi_blur_tenengrad', 'roi_blur_laplacian']",False,0.6080508873289798,roi_blur_tenengrad;roi_blur_laplacian
1810,train,34,female,caucasian,slightlyhappy,/home/fox/Desktop/Projects/Amrita RLHF/Diffusion_RL_Abi/datasets/appa-real-dataset_v2/train_data/001810.jpg,False,158.48941040039062,44.87316131591797,True,0.043053896982724306,2.944073438644409,14.791421890258789,-0.12215161323547363,-0.002722152995937674,6.4536317006844515,51.713134765625,0.0,0.0,0.0,False,0,"['roi_blur_tenengrad', 'roi_blur_laplacian', 'worst_quality_percentile']",False,0.644428552609293,roi_blur_tenengrad;roi_blur_laplacian;worst_quality_percentile
1812,train,2,female,asian,neutral,/home/fox/Desktop/Projects/Amrita RLHF/Diffusion_RL_Abi/datasets/appa-real-dataset_v2/train_data/001812.jpg,False,91.86027526855469,43.533355712890625,True,0.306349378042185,55.79167938232422,45.418514251708984,0.1561567783355713,0.003587060363055621,8.09142797962927,60.3082275390625,0.0,0.0,0.0,False,0,['worst_quality_percentile'],False,0.7288141972636769,worst_quality_percentile
1813,train,50,female,caucasian,neutral,/home/fox/Desktop/Projects/Amrita RLHF/Diffusion_RL_Abi/datasets/appa-real-dataset_v2/train_data/001813.jpg,False,515.76953125,51.676109313964844,True,0.1423994304022784,72.25344848632812,54.90256881713867,0.6129732131958008,0.011861829566343197,7.336276024746783,49.16522216796875,0.0,0.0,0.0,False,0,['worst_quality_percentile'],False,0.7388825112445189,worst_quality_percentile
1817,train,38,female,caucasian,slightlyhappy,/home/fox/Desktop/Projects/Amrita RLHF/Diffusion_RL_Abi/datasets/appa-real-dataset_v2/train_data/001817.jpg,False,32.31655502319336,36.74705505371094,True,0.3018664752333094,20.56801986694336,29.72195053100586,0.1808791160583496,0.00492227501963612,8.847950260059083,64.92681884765625,0.0,0.0,0.0,False,0,['worst_quality_percentile'],False,0.8042606846453506,worst_quality_percentile
1818,train,2,male,caucasian,neutral,/home/fox/Desktop/Projects/Amrita RLHF/Diffusion_RL_Abi/datasets/appa-real-dataset_v2/train_data/001818.jpg,False,365.0401916503906,68.85247039794922,True,0.140625,70.91144561767578,58.3291015625,0.5092511177062988,0.007396264903302614,6.970567812298154,53.20635986328125,0.0,0.0,0.0,False,0,['worst_quality_percentile'],False,0.7101454730225644,worst_quality_percentile
1819,train,22,male,caucasian,neutral,/home/fox/Desktop/Projects/Amrita RLHF/Diffusion_RL_Abi/datasets/appa-real-dataset_v2/train_data/001819.jpg,False,195.10205078125,51.94386291503906,True,0.2869897959183674,205.0652313232422,63.00153350830078,0.6556334495544434,0.012621961481856974,7.02360879089581,51.453369140625,0.0,0.0,0.0,False,0,['worst_quality_percentile'],False,0.6733537836159361,worst_quality_percentile
1828,train,52,female,caucasian,slightlyhappy,/home/fox/Desktop/Projects/Amrita RLHF/Diffusion_RL_Abi/datasets/appa-real-dataset_v2/train_data/001828.jpg,False,21.262392044067383,38.69334030151367,True,0.4225308641975309,72.77134704589844,53.78080749511719,-0.08041620254516602,-0.002078295640547852,10.216304429974437,73.6954345703125,0.0,0.0,0.0,False,0,['brisque'],False,0.5982648625251709,brisque
1832,train,17,female,caucasian,happy,/home/fox/Desktop/Projects/Amrita RLHF/Diffusion_RL_Abi/datasets/appa-real-dataset_v2/train_data/001832.jpg,False,92.29426574707031,33.245967864990234,True,0.162109440267335,63.46357345581055,42.84660339355469,0.35912299156188965,0.01080200107929672,5.590388218551059,35.9373779296875,0.0,0.0,0.0,False,0,['worst_quality_percentile'],False,0.7109170634397877,worst_quality_percentile
1833,train,38,male,caucasian,neutral,/home/fox/Desktop/Projects/Amrita RLHF/Diffusion_RL_Abi/datasets/appa-real-dataset_v2/train_data/001833.jpg,False,124.1078109741211,28.42491340637207,False,0.0,180.18190002441406,39.621952056884766,0.531334400177002,0.01869255937171412,5.876067970666132,44.916259765625,0.0,0.0,0.0,False,0,['worst_quality_percentile'],False,0.7244104861019628,worst_quality_percentile
1838,train,15,male,caucasian,neutral,/home/fox/Desktop/Projects/Amrita RLHF/Diffusion_RL_Abi/datasets/appa-real-dataset_v2/train_data/001838.jpg,False,112.03589630126953,41.24773406982422,True,0.22326875310481867,142.20782470703125,53.76327133178711,0.24994730949401855,0.006059661435249898,7.37569328073093,57.3660888671875,0.0,0.0,0.0,False,0,['worst_quality_percentile'],False,0.6886914955680599,worst_quality_percentile
1841,train,53,female,caucasian,happy,/home/fox/Desktop/Projects/Amrita RLHF/Diffusion_RL_Abi/datasets/appa-real-dataset_v2/train_data/001841.jpg,False,634.5269165039062,61.481414794921875,True,0.0619921875,48.94784164428711,42.90382766723633,0.642122745513916,0.01044417629639155,5.697577463872979,41.84808349609375,0.0,0.0,0.0,False,0,['worst_quality_percentile'],False,0.7442648248866137,worst_quality_percentile
1842,train,60,male,caucasian,neutral,/home/fox/Desktop/Projects/Amrita RLHF/Diffusion_RL_Abi/datasets/appa-real-dataset_v2/train_data/001842.jpg,False,465.2427978515625,57.995513916015625,True,0.2812213039485767,210.07444763183594,57.742530822753906,0.14467811584472656,0.002494643181532876,6.841710964384244,45.48944091796875,0.09626262626262627,0.07522191613100704,0.8131313131313131,False,1,['worst_quality_percentile'],False,0.648135950467659,worst_quality_percentile
1843,train,11,male,asian,slightlyhappy,/home/fox/Desktop/Projects/Amrita RLHF/Diffusion_RL_Abi/datasets/appa-real-dataset_v2/train_data/001843.jpg,False,454.3962707519531,105.39187622070312,True,0.043807463493780424,5.135117053985596,31.12215805053711,0.32996368408203125,0.0031308265189265777,8.090254511567712,60.7896728515625,0.0,0.0,0.0,False,0,"['roi_blur_laplacian', 'worst_quality_percentile']",False,0.8079869017821857,roi_blur_laplacian;worst_quality_percentile
1844,train,50,male,asian,slightlyhappy,/home/fox/Desktop/Projects/Amrita RLHF/Diffusion_RL_Abi/datasets/appa-real-dataset_v2/train_data/001844.jpg,False,162.80477905273438,29.639158248901367,True,0.23649358839604792,155.645263671875,47.538761138916016,0.18074274063110352,0.006098106195026537,6.940991616847043,54.04736328125,0.0,0.0,0.0,False,0,['worst_quality_percentile'],False,0.68372320605228,worst_quality_percentile
1845,train,4,female,caucasian,slightlyhappy,/home/fox/Desktop/Projects/Amrita RLHF/Diffusion_RL_Abi/datasets/appa-real-dataset_v2/train_data/001845.jpg,False,484.5976257324219,88.77412414550781,True,0.12017777777777777,23.630931854248047,41.977813720703125,0.19184589385986328,0.0021610564288345583,7.41287344395002,54.91802978515625,0.0,0.0,0.0,False,0,['worst_quality_percentile'],False,0.7330861734761089,worst_quality_percentile
1850,train,36,female,caucasian,slightlyhappy,/home/fox/Desktop/Projects/Amrita RLHF/Diffusion_RL_Abi/datasets/appa-real-dataset_v2/train_data/001850.jpg,False,311.0912170410156,30.850841522216797,True,0.13975208333333333,498.3635559082031,49.93270492553711,0.1308586597442627,0.00424165594991536,4.061176017830654,15.96221923828125,0.5,0.39062604166666665,1.0,True,2,['black_bars_area'],False,0.521510435289911,black_bars_area
1858,train,7,female,asian,neutral,/home/fox/Desktop/Projects/Amrita RLHF/Diffusion_RL_Abi/datasets/appa-real-dataset_v2/train_data/001858.jpg,False,742.0661010742188,65.16597747802734,True,0.06371771771771771,134.1616973876953,41.20521545410156,0.33101558685302734,0.005079576714475931,4.626365293056657,33.11492919921875,0.0,0.0,0.0,False,0,['worst_quality_percentile'],False,0.6335510096542898,worst_quality_percentile
1864,train,4,female,caucasian,slightlyhappy,/home/fox/Desktop/Projects/Amrita RLHF/Diffusion_RL_Abi/datasets/appa-real-dataset_v2/train_data/001864.jpg,False,517.5097045898438,52.465065002441406,True,0.05904017857142857,80.1310043334961,42.53602600097656,0.618044376373291,0.011780112434139147,4.025894028156851,18.584228515625,0.0,0.0,0.0,False,0,['worst_quality_percentile'],False,0.632440672224627,worst_quality_percentile
1866,train,20,male,caucasian,neutral,/home/fox/Desktop/Projects/Amrita RLHF/Diffusion_RL_Abi/datasets/appa-real-dataset_v2/train_data/001866.jpg,False,29.480796813964844,17.18848419189453,False,0.0,56.744346618652344,25.629301071166992,0.054215192794799805,0.0031541576927538516,6.273861460217279,41.61224365234375,0.5,0.2784776785714286,1.0,True,1,"['black_bars_area', 'worst_quality_percentile']",False,0.7655023806387262,black_bars_area;worst_quality_percentile
1868,train,17,male,asian,neutral,/home/fox/Desktop/Projects/Amrita RLHF/Diffusion_RL_Abi/datasets/appa-real-dataset_v2/train_data/001868.jpg,False,80.9475326538086,25.071380615234375,True,0.12259197235107422,33.734134674072266,22.423503875732422,0.42093729972839355,0.01678955337158664,4.5968076069610015,32.69244384765625,0.0,0.0,0.0,False,0,['worst_quality_percentile'],False,0.7406703426990608,worst_quality_percentile
1871,train,15,male,caucasian,happy,/home/fox/Desktop/Projects/Amrita RLHF/Diffusion_RL_Abi/datasets/appa-real-dataset_v2/train_data/001871.jpg,False,329.7928771972656,64.9735336303711,True,0.006559284979423869,18.03036880493164,16.63194465637207,0.07694578170776367,0.0011842634411918895,4.286222493874313,36.114013671875,0.0,0.0,0.0,False,0,"['roi_blur_tenengrad', 'worst_quality_percentile']",False,0.6305587443777405,roi_blur_tenengrad;worst_quality_percentile
1872,train,28,male,caucasian,slightlyhappy,/home/fox/Desktop/Projects/Amrita RLHF/Diffusion_RL_Abi/datasets/appa-real-dataset_v2/train_data/001872.jpg,False,172.67636108398438,34.02599334716797,True,0.04385759730538922,7.885848522186279,20.111774444580078,2.821235418319702,0.0829141211726122,6.067663481567332,53.33831787109375,0.0,0.0,0.0,False,0,"['roi_blur_laplacian', 'jpeg_blockiness', 'worst_quality_percentile']",False,0.8523063025763593,roi_blur_laplacian;jpeg_blockiness;worst_quality_percentile
1878,train,61,male,caucasian,slightlyhappy,/home/fox/Desktop/Projects/Amrita RLHF/Diffusion_RL_Abi/datasets/appa-real-dataset_v2/train_data/001878.jpg,False,237.60549926757812,47.00585174560547,True,0.32680024286581666,266.0804443359375,66.14286804199219,0.4234762191772461,0.009009010462358573,7.435502988500892,56.08746337890625,0.09464480874316941,0.1257559198542805,0.73224043715847,False,2,['worst_quality_percentile'],False,0.7189528953459924,worst_quality_percentile
1883,train,21,female,caucasian,neutral,/home/fox/Desktop/Projects/Amrita RLHF/Diffusion_RL_Abi/datasets/appa-real-dataset_v2/train_data/001883.jpg,False,329.8287048339844,54.283905029296875,True,0.10866369241634072,11.82052993774414,19.40564727783203,0.11853742599487305,0.00218365690064563,6.482174358197857,29.6270751953125,0.43411458333333336,0.03490160528031291,0.3411458333333333,True,1,"['roi_blur_tenengrad', 'roi_blur_laplacian', 'worst_quality_percentile']",False,0.7682217663774772,roi_blur_tenengrad;roi_blur_laplacian;worst_quality_percentile
1887,train,25,female,caucasian,happy,/home/fox/Desktop/Projects/Amrita RLHF/Diffusion_RL_Abi/datasets/appa-real-dataset_v2/train_data/001887.jpg,False,66.66879272460938,40.09551239013672,True,0.29996836487676054,136.1681365966797,53.74479675292969,0.15782690048217773,0.003936273341770012,7.466536627065739,43.539306640625,0.0,0.0,0.0,False,0,['worst_quality_percentile'],False,0.6358846001844289,worst_quality_percentile
1891,train,13,female,caucasian,slightlyhappy,/home/fox/Desktop/Projects/Amrita RLHF/Diffusion_RL_Abi/datasets/appa-real-dataset_v2/train_data/001891.jpg,False,232.6700439453125,30.755725860595703,True,0.10392168001666383,112.62568664550781,32.74546813964844,1.8899085521697998,0.0614489964986376,5.557791720118631,14.158447265625,0.0,0.0,0.0,False,0,['worst_quality_percentile'],False,0.7015262434838248,worst_quality_percentile
1892,train,23,female,caucasian,slightlyhappy,/home/fox/Desktop/Projects/Amrita RLHF/Diffusion_RL_Abi/datasets/appa-real-dataset_v2/train_data/001892.jpg,False,101.70060729980469,39.6660270690918,True,0.44025157232704404,105.88882446289062,40.875244140625,0.3286478519439697,0.008285373352015946,6.454191268944745,51.5775146484375,0.0,0.0,0.0,False,0,['worst_quality_percentile'],False,0.7367182942205995,worst_quality_percentile
1894,train,30,female,caucasian,slightlyhappy,/home/fox/Desktop/Projects/Amrita RLHF/Diffusion_RL_Abi/datasets/appa-real-dataset_v2/train_data/001894.jpg,False,408.13922119140625,46.89566421508789,True,0.0722265625,42.760536193847656,38.23320770263672,0.08267688751220703,0.0017629963693447542,5.025464425894038,55.1107177734375,0.42234375,0.03425347222222222,0.2234375,True,2,['worst_quality_percentile'],False,0.7380168244349512,worst_quality_percentile
1897,train,16,female,caucasian,happy,/home/fox/Desktop/Projects/Amrita RLHF/Diffusion_RL_Abi/datasets/appa-real-dataset_v2/train_data/001897.jpg,False,274.3260803222656,40.38832473754883,True,0.01017275528169014,8.263583183288574,17.712203979492188,0.4687952995300293,0.01160719814374956,3.825379589725483,16.91748046875,0.0,0.0,0.0,False,0,"['roi_blur_tenengrad', 'roi_blur_laplacian', 'worst_quality_percentile']",False,0.6806556636618551,roi_blur_tenengrad;roi_blur_laplacian;worst_quality_percentile
1902,train,17,female,caucasian,happy,/home/fox/Desktop/Projects/Amrita RLHF/Diffusion_RL_Abi/datasets/appa-real-dataset_v2/train_data/001902.jpg,False,397.14453125,57.42097473144531,True,0.03970417633410673,28.374351501464844,38.847068786621094,0.2332763671875,0.0040625636227172544,5.969743400979651,43.40972900390625,0.0,0.0,0.0,False,0,['worst_quality_percentile'],False,0.7111052562244763,worst_quality_percentile
1904,train,11,male,caucasian,neutral,/home/fox/Desktop/Projects/Amrita RLHF/Diffusion_RL_Abi/datasets/appa-real-dataset_v2/train_data/001904.jpg,False,980.6271362304688,46.16477584838867,True,0.029378255208333332,19.75466537475586,29.19707489013672,0.25118494033813477,0.005441051760372629,3.3764401007634617,19.48828125,0.09768750000000001,0.22450846354166668,0.884375,False,3,['worst_quality_percentile'],False,0.6854357603929465,worst_quality_percentile
1906,train,28,male,caucasian,slightlyhappy,/home/fox/Desktop/Projects/Amrita RLHF/Diffusion_RL_Abi/datasets/appa-real-dataset_v2/train_data/001906.jpg,False,156.2322998046875,49.58728790283203,True,0.16,45.222293853759766,46.3045654296875,0.0734548568725586,0.0014813243171348986,7.738616520879906,60.9805908203125,0.0,0.0,0.0,False,0,['worst_quality_percentile'],False,0.6926435440465213,worst_quality_percentile
1908,train,59,male,caucasian,neutral,/home/fox/Desktop/Projects/Amrita RLHF/Diffusion_RL_Abi/datasets/appa-real-dataset_v2/train_data/001908.jpg,False,584.5151977539062,44.76057052612305,True,0.008770210116013562,11.123592376708984,37.956729888916016,0.007242679595947266,0.00016180936366552676,5.789690256292327,26.3629150390625,0.0,0.0,0.0,False,0,['roi_blur_laplacian'],False,0.6050398027739616,roi_blur_laplacian
1915,train,8,male,caucasian,neutral,/home/fox/Desktop/Projects/Amrita RLHF/Diffusion_RL_Abi/datasets/appa-real-dataset_v2/train_data/001915.jpg,False,39.001670837402344,37.243431091308594,True,0.17442906574394465,17.784618377685547,36.61996078491211,0.25445985794067383,0.006832341802356516,7.864359309734396,58.1376953125,0.0895294117647059,0.03605536332179931,0.4764705882352941,False,1,['worst_quality_percentile'],False,0.8692436531983364,worst_quality_percentile
1916,train,27,female,caucasian,slightlyhappy,/home/fox/Desktop/Projects/Amrita RLHF/Diffusion_RL_Abi/datasets/appa-real-dataset_v2/train_data/001916.jpg,False,63.970550537109375,25.748493194580078,True,0.1759828141783029,112.09187316894531,45.29682540893555,0.16840744018554688,0.006540477237732828,6.6211859212699,48.34765625,0.0,0.0,0.0,False,0,['worst_quality_percentile'],False,0.6871483147336132,worst_quality_percentile
1917,train,48,female,caucasian,slightlyhappy,/home/fox/Desktop/Projects/Amrita RLHF/Diffusion_RL_Abi/datasets/appa-real-dataset_v2/train_data/001917.jpg,False,53.06511306762695,22.474658966064453,True,0.29966163694558756,86.08949279785156,40.118133544921875,0.005369663238525391,0.00023892077773960974,5.348039542334186,33.62451171875,0.48444444444444446,0.11609739368998628,0.8444444444444444,True,2,['worst_quality_percentile'],False,0.6581666258915633,worst_quality_percentile
1919,train,30,female,caucasian,happy,/home/fox/Desktop/Projects/Amrita RLHF/Diffusion_RL_Abi/datasets/appa-real-dataset_v2/train_data/001919.jpg,False,34.61766815185547,44.734127044677734,True,0.13388789859378095,19.548828125,48.74239730834961,0.08200812339782715,0.0018332339755437372,9.413085112021456,67.6424560546875,0.0,0.0,0.0,False,0,['worst_quality_percentile'],False,0.7111052562244764,worst_quality_percentile
1920,train,53,male,asian,neutral,/home/fox/Desktop/Projects/Amrita RLHF/Diffusion_RL_Abi/datasets/appa-real-dataset_v2/train_data/001920.jpg,False,2638.48291015625,72.74061584472656,True,0.19262345679012347,941.9000244140625,60.09964370727539,-0.15877151489257812,-0.0021827078430128617,3.1927356169620134,74.39801025390625,0.0,0.0,0.0,False,0,['brisque'],False,0.3338163614807009,brisque
1922,train,55,male,caucasian,happy,/home/fox/Desktop/Projects/Amrita RLHF/Diffusion_RL_Abi/datasets/appa-real-dataset_v2/train_data/001922.jpg,False,682.9662475585938,76.54939270019531,True,0.07392951251646904,90.50656127929688,69.3904037475586,0.8790020942687988,0.011482809357202736,6.114592477719601,48.160400390625,0.09109090909090911,0.06070487483530962,0.5545454545454546,False,1,['worst_quality_percentile'],False,0.7355326796770612,worst_quality_percentile
1928,train,16,male,caucasian,neutral,/home/fox/Desktop/Projects/Amrita RLHF/Diffusion_RL_Abi/datasets/appa-real-dataset_v2/train_data/001928.jpg,False,1441.8243408203125,79.29658508300781,True,0.003328894806924101,7.219202995300293,26.125722885131836,-0.15807151794433594,-0.0019934214794425876,2.7780177666159505,1.5264892578125,0.0,0.0,0.0,False,0,['roi_blur_laplacian'],False,0.4195381749063741,roi_blur_laplacian
1931,train,43,female,caucasian,slightlyhappy,/home/fox/Desktop/Projects/Amrita RLHF/Diffusion_RL_Abi/datasets/appa-real-dataset_v2/train_data/001931.jpg,False,136.8907012939453,43.416900634765625,True,0.23379069010416667,59.75897979736328,29.341815948486328,0.9802658557891846,0.022577978134769687,5.723955248737773,37.49609375,0.0,0.0,0.0,False,0,['worst_quality_percentile'],False,0.7798332611927659,worst_quality_percentile
1937,train,24,female,caucasian,slightlyhappy,/home/fox/Desktop/Projects/Amrita RLHF/Diffusion_RL_Abi/datasets/appa-real-dataset_v2/train_data/001937.jpg,False,417.283203125,37.08861541748047,True,0.1351643598615917,269.2122802734375,51.6142463684082,7.331885099411011,0.19768559217419,4.74115751056567,17.03839111328125,1.0,0.12418300653594772,1.0,True,2,"['jpeg_blockiness', 'black_bars_score', 'worst_quality_percentile']",False,0.6778327718915256,jpeg_blockiness;black_bars_score;worst_quality_percentile
1939,train,14,female,caucasian,slightlyhappy,/home/fox/Desktop/Projects/Amrita RLHF/Diffusion_RL_Abi/datasets/appa-real-dataset_v2/train_data/001939.jpg,False,110.68021392822266,34.964439392089844,True,0.30209750566893423,141.15386962890625,49.65300750732422,0.2051713466644287,0.005868000298693341,7.006435286457476,48.08984375,0.09685714285714286,0.10267857142857142,0.8428571428571429,False,1,['worst_quality_percentile'],False,0.7427028247736981,worst_quality_percentile
1949,train,27,female,asian,neutral,/home/fox/Desktop/Projects/Amrita RLHF/Diffusion_RL_Abi/datasets/appa-real-dataset_v2/train_data/001949.jpg,False,76.87864685058594,48.96860122680664,True,0.5870151728917601,173.4793701171875,58.05775833129883,0.20879626274108887,0.004263880389601739,8.182559229867556,58.18157958984375,0.0,0.0,0.0,False,0,['worst_quality_percentile'],False,0.6560965052599883,worst_quality_percentile
1959,train,20,female,caucasian,slightlyhappy,/home/fox/Desktop/Projects/Amrita RLHF/Diffusion_RL_Abi/datasets/appa-real-dataset_v2/train_data/001959.jpg,False,401.319091796875,51.289669036865234,True,0.16578947368421051,220.68765258789062,58.65693283081055,1.196312427520752,0.023324627096662626,5.28515561756149,44.42205810546875,0.0,0.0,0.0,False,0,['worst_quality_percentile'],False,0.6489263601633513,worst_quality_percentile
1964,train,37,female,caucasian,happy,/home/fox/Desktop/Projects/Amrita RLHF/Diffusion_RL_Abi/datasets/appa-real-dataset_v2/train_data/001964.jpg,False,129.4693145751953,41.07369613647461,True,0.01333014297653354,2.7265026569366455,11.2888822555542,-0.13206195831298828,-0.0032152440009037687,5.250638707035057,33.127197265625,0.0,0.0,0.0,False,0,"['roi_blur_tenengrad', 'roi_blur_laplacian']",False,0.5833788132562997,roi_blur_tenengrad;roi_blur_laplacian
1966,train,27,female,asian,neutral,/home/fox/Desktop/Projects/Amrita RLHF/Diffusion_RL_Abi/datasets/appa-real-dataset_v2/train_data/001966.jpg,False,187.93362426757812,39.666160583496094,False,0.0,127.36540222167969,39.951873779296875,-0.0736086368560791,-0.0018557035497658403,4.968889818636793,29.64227294921875,0.5,0.20103515625,1.0,True,2,['black_bars_area'],False,0.592101548826618,black_bars_area
1968,train,30,male,caucasian,happy,/home/fox/Desktop/Projects/Amrita RLHF/Diffusion_RL_Abi/datasets/appa-real-dataset_v2/train_data/001968.jpg,False,937.7208862304688,43.19607162475586,True,0.010421006944444445,42.41938781738281,44.06819152832031,0.5546960830688477,0.012841354534415449,3.19783096383985,9.48193359375,0.09916666666666668,0.2732888454861111,0.9583333333333334,False,2,['worst_quality_percentile'],False,0.6579596138284058,worst_quality_percentile
1972,train,70,female,caucasian,neutral,/home/fox/Desktop/Projects/Amrita RLHF/Diffusion_RL_Abi/datasets/appa-real-dataset_v2/train_data/001972.jpg,False,349.84942626953125,73.07234191894531,True,0.15416462794986638,51.20469665527344,47.880157470703125,0.08613443374633789,0.001178755604454637,7.465108732643922,49.59332275390625,0.0,0.0,0.0,False,0,['worst_quality_percentile'],False,0.6609895176618928,worst_quality_percentile
1979,train,5,female,caucasian,neutral,/home/fox/Desktop/Projects/Amrita RLHF/Diffusion_RL_Abi/datasets/appa-real-dataset_v2/train_data/001979.jpg,False,336.0185241699219,56.272377014160156,True,0.23990004164931278,46.389801025390625,48.50013732910156,0.19072818756103516,0.0033893749347689035,7.019640091596769,63.9278564453125,0.0,0.0,0.0,False,0,['worst_quality_percentile'],False,0.7141163407794944,worst_quality_percentile
1980,train,17,female,caucasian,slightlyhappy,/home/fox/Desktop/Projects/Amrita RLHF/Diffusion_RL_Abi/datasets/appa-real-dataset_v2/train_data/001980.jpg,False,46.43640899658203,30.712827682495117,True,0.13044369670875694,35.89579772949219,45.16169357299805,0.0007815361022949219,2.5446568610606716e-05,7.5545852886243,55.8333740234375,0.09951807228915664,0.16481541782746603,0.9759036144578314,False,1,['worst_quality_percentile'],False,0.7343847036904606,worst_quality_percentile
1988,train,49,female,caucasian,slightlyhappy,/home/fox/Desktop/Projects/Amrita RLHF/Diffusion_RL_Abi/datasets/appa-real-dataset_v2/train_data/001988.jpg,False,169.8197784423828,37.74327850341797,True,0.14672156013001084,52.913475036621094,31.609819412231445,0.13828492164611816,0.0036638289906311752,4.509270730303395,30.1556396484375,0.4442036836403034,0.05619934994582882,0.4420368364030336,True,1,['worst_quality_percentile'],False,0.713100099742176,worst_quality_percentile
1993,train,59,female,caucasian,slightlyhappy,/home/fox/Desktop/Projects/Amrita RLHF/Diffusion_RL_Abi/datasets/appa-real-dataset_v2/train_data/001993.jpg,False,190.60716247558594,60.25916290283203,True,0.11673611111111111,24.123579025268555,39.161338806152344,-0.11622238159179688,-0.001928708831393771,7.353914682365668,50.9971923828125,0.0,0.0,0.0,False,0,['worst_quality_percentile'],False,0.6323089372753449,worst_quality_percentile
1996,train,42,male,caucasian,slightlyhappy,/home/fox/Desktop/Projects/Amrita RLHF/Diffusion_RL_Abi/datasets/appa-real-dataset_v2/train_data/001996.jpg,False,220.4742431640625,36.7835807800293,True,0.36698412698412697,394.6114807128906,56.43532180786133,-0.11036205291748047,-0.0030003074082741643,4.048426793694107,31.97991943359375,0.5,0.4442768959435626,1.0,True,1,['black_bars_area'],False,0.4337561397896004,black_bars_area
1998,train,27,female,caucasian,slightlyhappy,/home/fox/Desktop/Projects/Amrita RLHF/Diffusion_RL_Abi/datasets/appa-real-dataset_v2/train_data/001998.jpg,False,117.5627670288086,39.14407730102539,True,0.173701171875,79.76600646972656,44.39383316040039,0.32934093475341797,0.008413557019294814,4.657241835166471,29.26666259765625,0.0,0.0,0.0,False,0,['worst_quality_percentile'],False,0.652276191730809,worst_quality_percentile
2000,train,14,female,caucasian,neutral,/home/fox/Desktop/Projects/Amrita RLHF/Diffusion_RL_Abi/datasets/appa-real-dataset_v2/train_data/002000.jpg,False,254.7378692626953,30.250001907348633,True,0.03316740493837989,24.12411880493164,17.75924301147461,-0.029070138931274414,-0.0009609962359445726,4.256062209994172,0.27142333984375,0.0,0.0,0.0,False,0,['roi_blur_tenengrad'],False,0.49735589137512465,roi_blur_tenengrad
2006,train,33,male,caucasian,slightlyhappy,/home/fox/Desktop/Projects/Amrita RLHF/Diffusion_RL_Abi/datasets/appa-real-dataset_v2/train_data/002006.jpg,False,231.2757568359375,53.10049819946289,True,0.07506179983996342,38.06370544433594,33.8919792175293,0.09255599975585938,0.0017430344563840858,4.727807206147367,41.12371826171875,0.0,0.0,0.0,False,0,['worst_quality_percentile'],False,0.6407023354724579,worst_quality_percentile
2010,train,36,male,caucasian,slightlyhappy,/home/fox/Desktop/Projects/Amrita RLHF/Diffusion_RL_Abi/datasets/appa-real-dataset_v2/train_data/002010.jpg,False,101.00314331054688,29.103321075439453,True,0.4519836559532506,123.40042877197266,34.91279220581055,0.14310956001281738,0.004917292934526838,6.022864078813049,43.7789306640625,0.0,0.0,0.0,False,0,['worst_quality_percentile'],False,0.6774375670436796,worst_quality_percentile
2012,train,16,male,caucasian,other,/home/fox/Desktop/Projects/Amrita RLHF/Diffusion_RL_Abi/datasets/appa-real-dataset_v2/train_data/002012.jpg,False,49.211219787597656,29.521913528442383,True,0.3078459937565036,56.60585021972656,45.087669372558594,0.17101526260375977,0.005792824257349503,8.062340383708111,69.81109619140625,0.0,0.0,0.0,False,0,['worst_quality_percentile'],False,0.7543519581459247,worst_quality_percentile
2013,train,18,male,caucasian,slightlyhappy,/home/fox/Desktop/Projects/Amrita RLHF/Diffusion_RL_Abi/datasets/appa-real-dataset_v2/train_data/002013.jpg,False,134.78518676757812,23.484394073486328,True,0.14641,132.83596801757812,49.133541107177734,0.257673978805542,0.010972136092892323,6.846379877719637,35.58953857421875,0.0,0.0,0.0,False,0,['worst_quality_percentile'],False,0.6779268682838699,worst_quality_percentile
2019,train,31,male,caucasian,slightlyhappy,/home/fox/Desktop/Projects/Amrita RLHF/Diffusion_RL_Abi/datasets/appa-real-dataset_v2/train_data/002019.jpg,False,69.5738525390625,22.76324462890625,True,0.23074133333333333,69.47415161132812,36.736724853515625,0.135772705078125,0.005964558274840736,5.967796970824821,25.04644775390625,0.0,0.0,0.0,False,0,['worst_quality_percentile'],False,0.6593146018781642,worst_quality_percentile
2022,train,40,male,caucasian,happy,/home/fox/Desktop/Projects/Amrita RLHF/Diffusion_RL_Abi/datasets/appa-real-dataset_v2/train_data/002022.jpg,False,251.63400268554688,56.06304168701172,True,0.09946975238687229,16.537073135375977,31.428457260131836,-0.3312070369720459,-0.005907760640482996,8.485999675282516,74.68963623046875,0.5,0.6901595291067659,1.0,True,1,"['brisque', 'black_bars_area', 'worst_quality_percentile']",False,0.720599582212018,brisque;black_bars_area;worst_quality_percentile
2025,train,14,female,caucasian,happy,/home/fox/Desktop/Projects/Amrita RLHF/Diffusion_RL_Abi/datasets/appa-real-dataset_v2/train_data/002025.jpg,False,368.5757141113281,37.63744354248047,True,0.05414647393048128,55.68568420410156,18.729795455932617,-0.6699397563934326,-0.017799820485614744,5.2404097527175315,19.4329833984375,0.0,0.0,0.0,False,0,['roi_blur_tenengrad'],False,0.464911455294804,roi_blur_tenengrad
2040,train,20,male,caucasian,neutral,/home/fox/Desktop/Projects/Amrita RLHF/Diffusion_RL_Abi/datasets/appa-real-dataset_v2/train_data/002040.jpg,False,27.90761947631836,38.17507553100586,True,0.26022816679779703,18.83467674255371,41.25715637207031,0.16136670112609863,0.004227017095696883,9.695497554136924,68.14947509765625,0.0,0.0,0.0,False,0,['worst_quality_percentile'],False,0.7746015017784218,worst_quality_percentile
2041,train,68,male,caucasian,neutral,/home/fox/Desktop/Projects/Amrita RLHF/Diffusion_RL_Abi/datasets/appa-real-dataset_v2/train_data/002041.jpg,False,67.48696899414062,34.71224594116211,True,0.3185109786244002,88.33387756347656,43.11783218383789,0.15398001670837402,0.004435898862132808,7.57307418126674,54.109619140625,0.0,0.0,0.0,False,0,['worst_quality_percentile'],False,0.7168827747144173,worst_quality_percentile
2044,train,29,female,asian,neutral,/home/fox/Desktop/Projects/Amrita RLHF/Diffusion_RL_Abi/datasets/appa-real-dataset_v2/train_data/002044.jpg,False,114.296142578125,51.65496063232422,True,0.026815850193550848,4.201256275177002,23.941247940063477,-0.08510661125183105,-0.0016475979956700566,6.2307333652042445,21.83538818359375,0.0,0.0,0.0,False,0,['roi_blur_laplacian'],False,0.5891939703031784,roi_blur_laplacian
2054,train,80,male,caucasian,slightlyhappy,/home/fox/Desktop/Projects/Amrita RLHF/Diffusion_RL_Abi/datasets/appa-real-dataset_v2/train_data/002054.jpg,False,470.1795654296875,45.02995681762695,True,0.30184817760002497,143.478515625,43.519657135009766,-0.005131244659423828,-0.00011395179804976866,5.941380180393721,47.049072265625,0.08893280632411069,0.056273336562045966,0.44664031620553357,False,2,['worst_quality_percentile'],False,0.6387827690686338,worst_quality_percentile
2056,train,20,female,caucasian,neutral,/home/fox/Desktop/Projects/Amrita RLHF/Diffusion_RL_Abi/datasets/appa-real-dataset_v2/train_data/002056.jpg,False,150.9547576904297,43.718406677246094,True,0.0057421875,2.223006010055542,10.498234748840332,0.3649771213531494,0.008348362640460651,4.810915960955625,19.387939453125,0.0,0.0,0.0,False,0,"['roi_blur_tenengrad', 'roi_blur_laplacian', 'worst_quality_percentile']",False,0.7137399552101172,roi_blur_tenengrad;roi_blur_laplacian;worst_quality_percentile
2064,train,1,male,caucasian,slightlyhappy,/home/fox/Desktop/Projects/Amrita RLHF/Diffusion_RL_Abi/datasets/appa-real-dataset_v2/train_data/002064.jpg,False,468.44366455078125,73.30233001708984,True,0.1453515625,67.21598815917969,51.48216247558594,0.3552250862121582,0.004846027149250416,7.390901380306044,54.8826904296875,0.0,0.0,0.0,False,0,['worst_quality_percentile'],False,0.7223780040273254,worst_quality_percentile
2067,train,16,male,caucasian,neutral,/home/fox/Desktop/Projects/Amrita RLHF/Diffusion_RL_Abi/datasets/appa-real-dataset_v2/train_data/002067.jpg,False,218.03952026367188,47.39952850341797,True,0.2202178458849599,94.7220687866211,47.5192756652832,0.10662651062011719,0.002249526772463604,6.9224653097957045,50.6414794921875,0.0,0.0,0.0,False,0,['worst_quality_percentile'],False,0.6521632760599959,worst_quality_percentile
2069,train,19,female,caucasian,neutral,/home/fox/Desktop/Projects/Amrita RLHF/Diffusion_RL_Abi/datasets/appa-real-dataset_v2/train_data/002069.jpg,False,1761.80908203125,75.71394348144531,True,0.06505292080261604,24.840801239013672,35.59996795654297,0.664398193359375,0.008775110026425772,4.315496585254376,43.93157958984375,0.0,0.0,0.0,False,0,['worst_quality_percentile'],False,0.7353821254493103,worst_quality_percentile
2074,train,22,male,caucasian,slightlyhappy,/home/fox/Desktop/Projects/Amrita RLHF/Diffusion_RL_Abi/datasets/appa-real-dataset_v2/train_data/002074.jpg,False,319.96051025390625,58.7258415222168,True,0.3074208410940104,215.46636962890625,61.37489318847656,0.36711692810058594,0.006251369283662479,6.71448897970127,51.05120849609375,0.0,0.0,0.0,False,0,['worst_quality_percentile'],False,0.6314150215480738,worst_quality_percentile
2076,train,43,female,caucasian,happy,/home/fox/Desktop/Projects/Amrita RLHF/Diffusion_RL_Abi/datasets/appa-real-dataset_v2/train_data/002076.jpg,False,66.75176239013672,26.080341339111328,True,0.004037370704037371,2.2762105464935303,11.592158317565918,0.023140668869018555,0.0008872839385361787,5.529877178237953,32.31781005859375,0.4690666666666667,0.06580980980980981,0.6906666666666667,True,1,"['roi_blur_tenengrad', 'roi_blur_laplacian', 'worst_quality_percentile']",False,0.734441161525867,roi_blur_tenengrad;roi_blur_laplacian;worst_quality_percentile
2078,train,1,male,caucasian,neutral,/home/fox/Desktop/Projects/Amrita RLHF/Diffusion_RL_Abi/datasets/appa-real-dataset_v2/train_data/002078.jpg,False,255.2344512939453,42.94374084472656,True,0.32188254893794255,189.90211486816406,41.63300323486328,0.00926065444946289,0.00021564619317401398,6.6802983274696075,39.372314453125,0.08922448979591838,0.03975010412328196,0.46122448979591835,False,1,['worst_quality_percentile'],False,0.639591998042795,worst_quality_percentile
2080,train,23,female,caucasian,slightlyhappy,/home/fox/Desktop/Projects/Amrita RLHF/Diffusion_RL_Abi/datasets/appa-real-dataset_v2/train_data/002080.jpg,False,222.5060272216797,56.273529052734375,True,0.18906575520833332,124.29845428466797,49.7707633972168,0.7346968650817871,0.013055816196234657,4.206487852172532,36.53424072265625,0.0,0.0,0.0,False,0,['worst_quality_percentile'],False,0.6474208178858423,worst_quality_percentile
2082,train,43,male,caucasian,neutral,/home/fox/Desktop/Projects/Amrita RLHF/Diffusion_RL_Abi/datasets/appa-real-dataset_v2/train_data/002082.jpg,False,147.751953125,35.15047836303711,True,0.24715102040816325,47.11088562011719,29.830053329467773,0.1359100341796875,0.003866520077180093,5.355495898598782,18.6474609375,0.0940952380952381,0.07988752834467121,0.7047619047619048,False,1,['worst_quality_percentile'],False,0.7057982196962568,worst_quality_percentile
2090,train,19,female,caucasian,happy,/home/fox/Desktop/Projects/Amrita RLHF/Diffusion_RL_Abi/datasets/appa-real-dataset_v2/train_data/002090.jpg,False,324.0158996582031,58.0413818359375,True,0.09527277654511272,201.93426513671875,61.702964782714844,2.8881731033325195,0.049760583952597505,5.612130618072034,59.27880859375,0.1,0.2541835334767365,1.0,False,1,"['jpeg_blockiness', 'worst_quality_percentile']",False,0.75608333176506,jpeg_blockiness;worst_quality_percentile
2091,train,15,female,caucasian,happy,/home/fox/Desktop/Projects/Amrita RLHF/Diffusion_RL_Abi/datasets/appa-real-dataset_v2/train_data/002091.jpg,False,1023.6719360351562,122.02941131591797,True,0.003605105105105105,4.614674091339111,29.725292205810547,-0.23603248596191406,-0.001934226195819556,3.6735606924543,36.068603515625,0.0,0.0,0.0,False,0,['roi_blur_laplacian'],False,0.520051941208574,roi_blur_laplacian
2092,train,25,male,asian,neutral,/home/fox/Desktop/Projects/Amrita RLHF/Diffusion_RL_Abi/datasets/appa-real-dataset_v2/train_data/002092.jpg,False,462.15533447265625,49.843021392822266,True,0.11484567901234567,188.56272888183594,54.58283996582031,1.6749000549316406,0.0336035010423613,4.210268490552073,45.6109619140625,1.0,0.12395254629629629,1.0,True,2,"['black_bars_score', 'worst_quality_percentile']",False,0.7254267271392815,black_bars_score;worst_quality_percentile
2098,train,36,male,caucasian,neutral,/home/fox/Desktop/Projects/Amrita RLHF/Diffusion_RL_Abi/datasets/appa-real-dataset_v2/train_data/002098.jpg,False,90.01122283935547,31.286691665649414,True,0.03210365853658537,12.104083061218262,13.993553161621094,-0.024996519088745117,-0.0007989505108729353,4.588354227608485,35.00262451171875,0.0,0.0,0.0,False,0,"['roi_blur_tenengrad', 'roi_blur_laplacian']",False,0.6026685736868849,roi_blur_tenengrad;roi_blur_laplacian
2102,train,36,male,caucasian,happy,/home/fox/Desktop/Projects/Amrita RLHF/Diffusion_RL_Abi/datasets/appa-real-dataset_v2/train_data/002102.jpg,False,35.33782196044922,26.275257110595703,True,0.5378752160930379,76.36217498779297,40.7712287902832,-0.13004183769226074,-0.004949212568907947,7.167882800758439,46.8748779296875,0.5,0.4350895803866101,1.0,True,1,"['black_bars_area', 'worst_quality_percentile']",False,0.6536782279767392,black_bars_area;worst_quality_percentile
2104,train,29,male,caucasian,happy,/home/fox/Desktop/Projects/Amrita RLHF/Diffusion_RL_Abi/datasets/appa-real-dataset_v2/train_data/002104.jpg,False,265.53045654296875,30.551668167114258,True,0.16296895345052084,458.68048095703125,60.03547286987305,0.2520937919616699,0.008251391784283362,4.087922790274728,16.85693359375,0.5,0.2873191833496094,1.0,True,1,['black_bars_area'],False,0.5353802435214633,black_bars_area
2107,train,13,female,caucasian,happy,/home/fox/Desktop/Projects/Amrita RLHF/Diffusion_RL_Abi/datasets/appa-real-dataset_v2/train_data/002107.jpg,False,998.4702758789062,63.143497467041016,True,0.152521181778169,42.78726577758789,46.66950225830078,0.45729827880859375,0.007242206876568449,7.509062993327141,42.76715087890625,0.0,0.0,0.0,False,0,['worst_quality_percentile'],False,0.751416150704782,worst_quality_percentile
2112,train,26,female,caucasian,happy,/home/fox/Desktop/Projects/Amrita RLHF/Diffusion_RL_Abi/datasets/appa-real-dataset_v2/train_data/002112.jpg,False,223.26145935058594,27.0737247467041,True,0.08256079445422536,106.79463958740234,26.418907165527344,-0.48154616355895996,-0.017786475642997984,4.325402412574615,37.36053466796875,1.0,0.12147887323943662,1.0,True,2,['black_bars_score'],False,0.5425409789788659,black_bars_score
2117,train,51,male,caucasian,slightlyhappy,/home/fox/Desktop/Projects/Amrita RLHF/Diffusion_RL_Abi/datasets/appa-real-dataset_v2/train_data/002117.jpg,False,2582.279052734375,88.30781555175781,True,0.23093364197530863,389.1036376953125,35.974609375,0.9090089797973633,0.010293641211982486,4.365706738038377,33.908203125,0.0,0.0,0.0,False,0,['worst_quality_percentile'],False,0.6340214916160115,worst_quality_percentile
2118,train,38,male,caucasian,other,/home/fox/Desktop/Projects/Amrita RLHF/Diffusion_RL_Abi/datasets/appa-real-dataset_v2/train_data/002118.jpg,False,61.089027404785156,35.93400192260742,True,0.30757861012022725,44.95253372192383,36.313114166259766,0.13818025588989258,0.0038453900108901653,6.922116342399872,34.08026123046875,0.0,0.0,0.0,False,0,['worst_quality_percentile'],False,0.6957675442723527,worst_quality_percentile
2121,train,8,female,caucasian,neutral,/home/fox/Desktop/Projects/Amrita RLHF/Diffusion_RL_Abi/datasets/appa-real-dataset_v2/train_data/002121.jpg,False,87.51533508300781,49.025550842285156,True,0.1648852157943067,13.625540733337402,32.886253356933594,-0.28108644485473633,-0.005733468248536791,7.7440768306064145,53.09552001953125,0.0,0.0,0.0,False,0,['roi_blur_laplacian'],False,0.618363851929917,roi_blur_laplacian
2131,train,16,male,caucasian,slightlyhappy,/home/fox/Desktop/Projects/Amrita RLHF/Diffusion_RL_Abi/datasets/appa-real-dataset_v2/train_data/002131.jpg,False,65.74703979492188,49.97834396362305,True,0.25,13.051796913146973,30.211050033569336,0.7483251094818115,0.014972987001199884,8.96375772684248,68.88702392578125,0.0,0.0,0.0,False,0,"['roi_blur_laplacian', 'worst_quality_percentile']",False,0.8810433407983139,roi_blur_laplacian;worst_quality_percentile
2142,train,67,male,caucasian,neutral,/home/fox/Desktop/Projects/Amrita RLHF/Diffusion_RL_Abi/datasets/appa-real-dataset_v2/train_data/002142.jpg,False,84.761962890625,41.490596771240234,True,0.3834904469320764,118.95646667480469,52.69881820678711,0.11150670051574707,0.0026875173293608085,7.373421703404477,56.9454345703125,0.0,0.0,0.0,False,0,['worst_quality_percentile'],False,0.65159869770593,worst_quality_percentile
2145,train,31,female,caucasian,neutral,/home/fox/Desktop/Projects/Amrita RLHF/Diffusion_RL_Abi/datasets/appa-real-dataset_v2/train_data/002145.jpg,False,108.99384307861328,32.48683166503906,False,0.0,114.23963165283203,35.326019287109375,0.2541961669921875,0.007824590646097135,5.631777872682922,26.740966796875,0.0,0.0,0.0,False,0,['worst_quality_percentile'],False,0.6736925306283756,worst_quality_percentile
2147,train,19,male,caucasian,slightlyhappy,/home/fox/Desktop/Projects/Amrita RLHF/Diffusion_RL_Abi/datasets/appa-real-dataset_v2/train_data/002147.jpg,False,97.05474853515625,25.827573776245117,True,0.1134375,112.2133560180664,47.543113708496094,1.1666955947875977,0.04517247960349202,6.116566409607835,44.7222900390625,0.0,0.0,0.0,False,0,['worst_quality_percentile'],False,0.7378662702072002,worst_quality_percentile
2158,train,6,female,caucasian,happy,/home/fox/Desktop/Projects/Amrita RLHF/Diffusion_RL_Abi/datasets/appa-real-dataset_v2/train_data/002158.jpg,False,323.93194580078125,61.204524993896484,True,0.17937716262975778,46.981510162353516,43.843406677246094,0.05728006362915039,0.0009358795399356994,7.3132600836539865,52.7445068359375,0.0,0.0,0.0,False,0,['worst_quality_percentile'],False,0.6727703859834014,worst_quality_percentile
2162,train,15,male,caucasian,neutral,/home/fox/Desktop/Projects/Amrita RLHF/Diffusion_RL_Abi/datasets/appa-real-dataset_v2/train_data/002162.jpg,False,123.33804321289062,29.59798812866211,True,0.020315755208333335,32.47153854370117,27.53058433532715,0.4831116199493408,0.01632244737469361,6.524208936183635,17.9910888671875,0.0,0.0,0.0,False,0,['worst_quality_percentile'],False,0.7477840299602914,worst_quality_percentile
2165,train,16,male,caucasian,neutral,/home/fox/Desktop/Projects/Amrita RLHF/Diffusion_RL_Abi/datasets/appa-real-dataset_v2/train_data/002165.jpg,False,24.834579467773438,27.0257568359375,True,0.2187825182101977,17.281713485717773,37.9084587097168,0.0033185482025146484,0.00012279204981633518,9.560416573962334,68.8076171875,0.0,0.0,0.0,False,0,['worst_quality_percentile'],False,0.7146244612981538,worst_quality_percentile
2174,train,22,female,caucasian,neutral,/home/fox/Desktop/Projects/Amrita RLHF/Diffusion_RL_Abi/datasets/appa-real-dataset_v2/train_data/002174.jpg,False,50.65953826904297,17.572834014892578,True,0.393132,69.75354766845703,28.067873001098633,-0.0037190914154052734,-0.00021163866913070247,5.956417716095546,12.50250244140625,0.1,0.240012,1.0,False,1,['worst_quality_percentile'],False,0.6285827201385098,worst_quality_percentile
2178,train,50,male,caucasian,neutral,/home/fox/Desktop/Projects/Amrita RLHF/Diffusion_RL_Abi/datasets/appa-real-dataset_v2/train_data/002178.jpg,False,64.37530517578125,25.017526626586914,True,0.216225,54.29570770263672,38.13237380981445,0.05056905746459961,0.002021345123283017,7.478573827279913,52.506103515625,0.0,0.0,0.0,False,0,['worst_quality_percentile'],False,0.6978941227393342,worst_quality_percentile
2181,train,21,female,caucasian,slightlyhappy,/home/fox/Desktop/Projects/Amrita RLHF/Diffusion_RL_Abi/datasets/appa-real-dataset_v2/train_data/002181.jpg,False,302.8344421386719,41.08890914916992,True,0.13314133333333333,48.969600677490234,21.91287612915039,0.30881452560424805,0.007515763364935264,3.9284257727585303,26.24896240234375,0.0,0.0,0.0,False,0,['worst_quality_percentile'],False,0.6637371323183469,worst_quality_percentile
2193,train,10,male,caucasian,slightlyhappy,/home/fox/Desktop/Projects/Amrita RLHF/Diffusion_RL_Abi/datasets/appa-real-dataset_v2/train_data/002193.jpg,False,263.5587463378906,62.25387191772461,True,0.1111111111111111,32.68225860595703,42.13546371459961,-0.08298635482788086,-0.0013330311985176653,7.618836504441191,55.79833984375,0.08913580246913581,0.05978509373571102,0.4567901234567901,False,2,['worst_quality_percentile'],False,0.7077366053785498,worst_quality_percentile
2194,train,28,male,caucasian,slightlyhappy,/home/fox/Desktop/Projects/Amrita RLHF/Diffusion_RL_Abi/datasets/appa-real-dataset_v2/train_data/002194.jpg,False,258.4657287597656,38.541805267333984,True,0.23876462423160816,177.10678100585938,45.62173843383789,0.3648843765258789,0.009467236018856122,4.880263069239041,34.3050537109375,0.0,0.0,0.0,False,0,['worst_quality_percentile'],False,0.6423019741423114,worst_quality_percentile
2199,train,16,male,caucasian,other,/home/fox/Desktop/Projects/Amrita RLHF/Diffusion_RL_Abi/datasets/appa-real-dataset_v2/train_data/002199.jpg,False,150.9387969970703,63.23401641845703,True,0.22522263717322608,43.705753326416016,49.794307708740234,0.04454660415649414,0.0007044721492500282,8.241398583632762,58.19012451171875,0.0,0.0,0.0,False,0,['worst_quality_percentile'],False,0.6668987711011161,worst_quality_percentile
2203,train,49,female,caucasian,slightlyhappy,/home/fox/Desktop/Projects/Amrita RLHF/Diffusion_RL_Abi/datasets/appa-real-dataset_v2/train_data/002203.jpg,False,719.0841064453125,45.27737808227539,True,0.00676875,8.830976486206055,12.295073509216309,0.06529092788696289,0.0014420209210502237,2.683073877082971,15.33233642578125,0.0,0.0,0.0,False,0,"['roi_blur_tenengrad', 'roi_blur_laplacian']",False,0.5320021830363024,roi_blur_tenengrad;roi_blur_laplacian
2207,train,21,male,caucasian,slightlyhappy,/home/fox/Desktop/Projects/Amrita RLHF/Diffusion_RL_Abi/datasets/appa-real-dataset_v2/train_data/002207.jpg,False,682.6702270507812,45.085975646972656,True,0.041320891203703705,64.29206085205078,42.60527038574219,0.4029865264892578,0.008938178929663195,3.837251313560777,36.68115234375,0.5,0.5541174768518519,1.0,True,1,"['black_bars_area', 'worst_quality_percentile']",False,0.7382144268588744,black_bars_area;worst_quality_percentile
2216,train,13,female,caucasian,neutral,/home/fox/Desktop/Projects/Amrita RLHF/Diffusion_RL_Abi/datasets/appa-real-dataset_v2/train_data/002216.jpg,False,60.375240325927734,25.442638397216797,True,0.19380208333333335,17.507362365722656,20.656259536743164,0.12261390686035156,0.00481922904876624,6.10095347366028,35.94140625,0.5,0.29313802083333335,1.0,True,1,"['black_bars_area', 'worst_quality_percentile']",False,0.8018800459190395,black_bars_area;worst_quality_percentile
2218,train,18,female,caucasian,neutral,/home/fox/Desktop/Projects/Amrita RLHF/Diffusion_RL_Abi/datasets/appa-real-dataset_v2/train_data/002218.jpg,False,942.7584228515625,92.07561492919922,True,0.00945767560432147,10.100285530090332,37.80563735961914,-0.35224342346191406,-0.003825588565519548,4.056026314387364,28.66583251953125,0.0,0.0,0.0,False,0,['roi_blur_laplacian'],False,0.4793270226019534,roi_blur_laplacian
2227,train,28,male,caucasian,happy,/home/fox/Desktop/Projects/Amrita RLHF/Diffusion_RL_Abi/datasets/appa-real-dataset_v2/train_data/002227.jpg,False,1891.242919921875,94.35681915283203,True,0.190125,411.896484375,45.50247573852539,0.8070416450500488,0.008553082265202069,4.911673965867883,67.627685546875,0.0,0.0,0.0,False,0,['worst_quality_percentile'],False,0.6667482168733649,worst_quality_percentile
2231,train,14,male,caucasian,neutral,/home/fox/Desktop/Projects/Amrita RLHF/Diffusion_RL_Abi/datasets/appa-real-dataset_v2/train_data/002231.jpg,False,63.79039001464844,24.764944076538086,True,0.39648763020833333,157.29080200195312,43.49759292602539,0.2600674629211426,0.010501435077581752,6.345965232847618,42.636474609375,0.08696875000000001,0.037434895833333336,0.3484375,False,1,['worst_quality_percentile'],False,0.7512467771985623,worst_quality_percentile
2233,train,24,male,caucasian,slightlyhappy,/home/fox/Desktop/Projects/Amrita RLHF/Diffusion_RL_Abi/datasets/appa-real-dataset_v2/train_data/002233.jpg,False,35.6723747253418,24.093063354492188,True,0.3437135353382372,41.80967712402344,32.960445404052734,0.05754733085632324,0.002388543441780724,7.0757577695679315,49.8970947265625,0.5,0.13981433355936404,1.0,True,2,['worst_quality_percentile'],False,0.7897604305850914,worst_quality_percentile
2235,train,46,female,caucasian,neutral,/home/fox/Desktop/Projects/Amrita RLHF/Diffusion_RL_Abi/datasets/appa-real-dataset_v2/train_data/002235.jpg,False,36.25669860839844,32.01895523071289,True,0.3998942499484146,56.702762603759766,38.92841720581055,0.10479855537414551,0.003273015979003767,6.055912643413841,41.4246826171875,0.0,0.0,0.0,False,0,['worst_quality_percentile'],False,0.6674821687336507,worst_quality_percentile
2240,train,16,male,caucasian,neutral,/home/fox/Desktop/Projects/Amrita RLHF/Diffusion_RL_Abi/datasets/appa-real-dataset_v2/train_data/002240.jpg,False,86.5419921875,27.757654190063477,True,0.131513671875,50.00282669067383,31.1376895904541,0.08989429473876953,0.0032385406520558466,5.717001603632373,44.28961181640625,0.08775000000000001,0.038935546875,0.3875,False,1,['worst_quality_percentile'],False,0.7428910175583868,worst_quality_percentile
2250,train,23,male,caucasian,neutral,/home/fox/Desktop/Projects/Amrita RLHF/Diffusion_RL_Abi/datasets/appa-real-dataset_v2/train_data/002250.jpg,False,77.66425323486328,18.20958137512207,True,0.0027854938271604937,5.5385541915893555,24.203716278076172,0.048526763916015625,0.002664902627438226,5.0176671455481054,31.93499755859375,0.0,0.0,0.0,False,0,"['roi_blur_laplacian', 'worst_quality_percentile']",False,0.6585430114609405,roi_blur_laplacian;worst_quality_percentile
2251,train,32,female,caucasian,slightlyhappy,/home/fox/Desktop/Projects/Amrita RLHF/Diffusion_RL_Abi/datasets/appa-real-dataset_v2/train_data/002251.jpg,False,460.33795166015625,28.384654998779297,True,0.03815630744485294,5.2683892250061035,13.15844440460205,-0.150132417678833,-0.005289210398931364,6.969781927957226,36.74755859375,0.4819117647058824,0.09044261259191176,0.8191176470588235,True,1,"['roi_blur_tenengrad', 'roi_blur_laplacian', 'worst_quality_percentile']",False,0.6891807968082503,roi_blur_tenengrad;roi_blur_laplacian;worst_quality_percentile
2256,train,22,male,caucasian,neutral,/home/fox/Desktop/Projects/Amrita RLHF/Diffusion_RL_Abi/datasets/appa-real-dataset_v2/train_data/002256.jpg,False,16.96624755859375,28.726139068603516,True,0.20344450519409513,10.880887031555176,34.23085403442383,-0.07018232345581055,-0.0024431518919075705,9.222224860625072,70.0750732421875,0.0,0.0,0.0,False,0,"['roi_blur_laplacian', 'worst_quality_percentile']",False,0.6858497845192615,roi_blur_laplacian;worst_quality_percentile
2257,train,18,male,caucasian,neutral,/home/fox/Desktop/Projects/Amrita RLHF/Diffusion_RL_Abi/datasets/appa-real-dataset_v2/train_data/002257.jpg,False,13.229881286621094,30.450796127319336,True,0.14602418784396942,9.202644348144531,31.386119842529297,-0.030237436294555664,-0.0009929932595238286,9.38448398269653,62.9979248046875,0.0,0.0,0.0,False,0,"['roi_blur_laplacian', 'worst_quality_percentile']",False,0.71005137663022,roi_blur_laplacian;worst_quality_percentile
2258,train,66,male,caucasian,slightlyhappy,/home/fox/Desktop/Projects/Amrita RLHF/Diffusion_RL_Abi/datasets/appa-real-dataset_v2/train_data/002258.jpg,False,124.33100891113281,36.35235595703125,True,0.2197265625,100.78884887695312,66.94266510009766,0.23074889183044434,0.006347563435933225,7.300473819422439,62.79815673828125,0.463125,0.115859375,0.63125,True,3,['worst_quality_percentile'],False,0.7473323672770386,worst_quality_percentile
2260,train,2,female,caucasian,slightlyhappy,/home/fox/Desktop/Projects/Amrita RLHF/Diffusion_RL_Abi/datasets/appa-real-dataset_v2/train_data/002260.jpg,False,188.2654266357422,42.81513595581055,True,0.1936,168.2958221435547,41.428375244140625,1.1795251369476318,0.027549255259069202,4.6859893672188075,24.5826416015625,0.0,0.0,0.0,False,0,['worst_quality_percentile'],False,0.6668046747087717,worst_quality_percentile
2266,train,40,female,caucasian,happy,/home/fox/Desktop/Projects/Amrita RLHF/Diffusion_RL_Abi/datasets/appa-real-dataset_v2/train_data/002266.jpg,False,136.17958068847656,34.43381118774414,True,0.11603333333333334,25.718887329101562,24.406354904174805,0.1990664005279541,0.00578113162267891,4.567118176988379,21.944091796875,0.4365,0.0471,0.365,True,1,['worst_quality_percentile'],False,0.7395788245478668,worst_quality_percentile
2270,train,28,male,caucasian,slightlyhappy,/home/fox/Desktop/Projects/Amrita RLHF/Diffusion_RL_Abi/datasets/appa-real-dataset_v2/train_data/002270.jpg,False,1057.9267578125,62.71730422973633,True,0.1432008368200837,616.8665161132812,71.25682830810547,-0.21167469024658203,-0.0033750603517036975,4.154680769072323,81.13714599609375,0.0,0.0,0.0,False,0,['brisque'],False,0.34089241018499356,brisque
2281,train,37,male,caucasian,neutral,/home/fox/Desktop/Projects/Amrita RLHF/Diffusion_RL_Abi/datasets/appa-real-dataset_v2/train_data/002281.jpg,False,35.49915313720703,31.71487808227539,True,0.0821112618724559,8.359933853149414,22.45328140258789,0.04427909851074219,0.0013961616689716029,7.237049160923254,46.28857421875,0.0,0.0,0.0,False,0,"['roi_blur_laplacian', 'worst_quality_percentile']",False,0.7164875698665714,roi_blur_laplacian;worst_quality_percentile
2283,train,6,male,caucasian,slightlyhappy,/home/fox/Desktop/Projects/Amrita RLHF/Diffusion_RL_Abi/datasets/appa-real-dataset_v2/train_data/002283.jpg,False,575.9067993164062,83.41950988769531,True,0.15095947097245324,146.8565673828125,78.87161254882812,0.5448360443115234,0.0065312783366114026,7.153695757384593,54.62823486328125,0.0,0.0,0.0,False,0,['worst_quality_percentile'],False,0.6508271072887065,worst_quality_percentile
2286,train,48,female,caucasian,slightlyhappy,/home/fox/Desktop/Projects/Amrita RLHF/Diffusion_RL_Abi/datasets/appa-real-dataset_v2/train_data/002286.jpg,False,1253.9530029296875,53.543853759765625,True,0.20527450416786433,218.01254272460938,44.166019439697266,0.6999006271362305,0.013071539773825842,5.681502761319492,29.56793212890625,0.0,0.0,0.0,False,0,['worst_quality_percentile'],False,0.6697781207068522,worst_quality_percentile
2287,train,37,male,caucasian,neutral,/home/fox/Desktop/Projects/Amrita RLHF/Diffusion_RL_Abi/datasets/appa-real-dataset_v2/train_data/002287.jpg,False,73.91128540039062,24.401500701904297,True,0.12121174377224199,67.95626068115234,34.931663513183594,0.17932462692260742,0.007348917665530925,4.938357190765737,22.89312744140625,0.0,0.0,0.0,False,0,['worst_quality_percentile'],False,0.6505824566686114,worst_quality_percentile
2296,train,29,female,asian,slightlyhappy,/home/fox/Desktop/Projects/Amrita RLHF/Diffusion_RL_Abi/datasets/appa-real-dataset_v2/train_data/002296.jpg,False,25.368057250976562,26.301246643066406,True,0.36180677257052407,18.25157928466797,27.594453811645508,0.07498621940612793,0.0028510517989018655,9.192077266070651,67.8111572265625,0.0,0.0,0.0,False,0,['worst_quality_percentile'],False,0.772907766716224,worst_quality_percentile
2301,train,5,male,caucasian,slightlyhappy,/home/fox/Desktop/Projects/Amrita RLHF/Diffusion_RL_Abi/datasets/appa-real-dataset_v2/train_data/002301.jpg,False,768.3809814453125,62.85481643676758,True,0.21110299488677867,106.02977752685547,59.220069885253906,0.28850889205932617,0.004590084003498512,6.8769222482086825,50.975341796875,0.1,0.3231555880204529,1.0,False,1,['worst_quality_percentile'],False,0.7278732333402338,worst_quality_percentile
2302,train,17,female,caucasian,slightlyhappy,/home/fox/Desktop/Projects/Amrita RLHF/Diffusion_RL_Abi/datasets/appa-real-dataset_v2/train_data/002302.jpg,False,32.546295166015625,24.21103286743164,True,0.18473366282262493,12.994488716125488,20.762849807739258,-0.11981117725372314,-0.004948618795453074,7.3856992143831945,50.3089599609375,0.0,0.0,0.0,False,0,"['roi_blur_laplacian', 'worst_quality_percentile']",False,0.641398648775806,roi_blur_laplacian;worst_quality_percentile
2307,train,17,male,caucasian,happy,/home/fox/Desktop/Projects/Amrita RLHF/Diffusion_RL_Abi/datasets/appa-real-dataset_v2/train_data/002307.jpg,False,95.3332290649414,36.02397537231445,True,0.046467271118973905,29.90576934814453,26.796689987182617,0.30745649337768555,0.008534773901694413,6.233312559861439,44.66900634765625,0.0,0.0,0.0,False,0,['worst_quality_percentile'],False,0.7738110920827296,worst_quality_percentile
2308,train,22,male,caucasian,neutral,/home/fox/Desktop/Projects/Amrita RLHF/Diffusion_RL_Abi/datasets/appa-real-dataset_v2/train_data/002308.jpg,False,100.05046081542969,27.95334243774414,True,0.27209435474636434,66.1697769165039,31.523357391357422,0.17785286903381348,0.006362490033792049,6.672910793195613,48.82562255859375,0.0,0.0,0.0,False,0,['worst_quality_percentile'],False,0.7406138848636542,worst_quality_percentile
2321,train,41,male,caucasian,happy,/home/fox/Desktop/Projects/Amrita RLHF/Diffusion_RL_Abi/datasets/appa-real-dataset_v2/train_data/002321.jpg,False,366.4707336425781,47.61132049560547,True,0.3134854386941198,306.7923889160156,45.82081604003906,0.5039982795715332,0.010585681382904954,6.324930988183721,44.4993896484375,0.0,0.0,0.0,False,0,['worst_quality_percentile'],False,0.6737866270207201,worst_quality_percentile
2325,train,20,female,caucasian,happy,/home/fox/Desktop/Projects/Amrita RLHF/Diffusion_RL_Abi/datasets/appa-real-dataset_v2/train_data/002325.jpg,False,622.787841796875,34.954193115234375,True,0.11974300831443689,159.13070678710938,37.65851593017578,-1.1619853973388672,-0.033243089327367144,4.650094039462252,28.10723876953125,0.5,0.5063416477702192,1.0,True,1,['black_bars_area'],False,0.4905903607655682,black_bars_area
2334,train,6,male,caucasian,slightlyhappy,/home/fox/Desktop/Projects/Amrita RLHF/Diffusion_RL_Abi/datasets/appa-real-dataset_v2/train_data/002334.jpg,False,99.08902740478516,43.449886322021484,True,0.1387927720107651,14.169843673706055,30.9940185546875,0.013516426086425781,0.0003110808087084571,7.726788514264344,63.6544189453125,0.0,0.0,0.0,False,0,"['roi_blur_laplacian', 'worst_quality_percentile']",False,0.724673956000527,roi_blur_laplacian;worst_quality_percentile
2339,train,16,female,caucasian,slightlyhappy,/home/fox/Desktop/Projects/Amrita RLHF/Diffusion_RL_Abi/datasets/appa-real-dataset_v2/train_data/002339.jpg,False,168.74688720703125,36.02884292602539,True,0.04609700520833333,34.68872833251953,26.844419479370117,0.30455875396728516,0.008453192519654719,4.323607890957965,18.7803955078125,0.0,0.0,0.0,False,0,['worst_quality_percentile'],False,0.6672939759489621,worst_quality_percentile
2344,train,55,male,caucasian,slightlyhappy,/home/fox/Desktop/Projects/Amrita RLHF/Diffusion_RL_Abi/datasets/appa-real-dataset_v2/train_data/002344.jpg,False,188.35491943359375,40.87212371826172,True,0.19986159169550172,61.47152328491211,39.9445686340332,0.4230692386627197,0.01035104589201089,7.217220810249396,58.35546875,0.0,0.0,0.0,False,0,['worst_quality_percentile'],False,0.7976739371812486,worst_quality_percentile
2347,train,12,female,caucasian,happy,/home/fox/Desktop/Projects/Amrita RLHF/Diffusion_RL_Abi/datasets/appa-real-dataset_v2/train_data/002347.jpg,False,81.51922607421875,35.16841506958008,True,0.19077817413132514,56.65949249267578,45.872947692871094,-0.0038144588470458984,-0.0001084626284987945,7.580841947945275,57.490966796875,0.0,0.0,0.0,False,0,['worst_quality_percentile'],False,0.6509588422379886,worst_quality_percentile
2349,train,38,male,caucasian,happy,/home/fox/Desktop/Projects/Amrita RLHF/Diffusion_RL_Abi/datasets/appa-real-dataset_v2/train_data/002349.jpg,False,50.32175064086914,28.66485595703125,True,0.437488864925688,97.29266357421875,38.659236907958984,0.10231328010559082,0.0035692932380216964,6.356752085567001,44.8814697265625,0.0,0.0,0.0,False,0,['worst_quality_percentile'],False,0.6677644579106837,worst_quality_percentile
2355,train,20,male,caucasian,slightlyhappy,/home/fox/Desktop/Projects/Amrita RLHF/Diffusion_RL_Abi/datasets/appa-real-dataset_v2/train_data/002355.jpg,False,228.3707733154297,50.03955841064453,True,0.1547111111111111,26.167463302612305,41.548484802246094,-0.024143695831298828,-0.0004824921745046965,7.149670257196999,50.58782958984375,0.0,0.0,0.0,False,0,['worst_quality_percentile'],False,0.6508459265671753,worst_quality_percentile
2357,train,23,male,asian,slightlyhappy,/home/fox/Desktop/Projects/Amrita RLHF/Diffusion_RL_Abi/datasets/appa-real-dataset_v2/train_data/002357.jpg,False,169.7676239013672,33.383975982666016,True,0.24310533333333334,76.59788513183594,42.991729736328125,0.19906020164489746,0.005962746791619693,5.871070612661328,58.96417236328125,0.48173333333333335,0.19525066666666666,0.8173333333333334,True,1,['worst_quality_percentile'],False,0.7952274309802964,worst_quality_percentile
2360,train,46,male,caucasian,slightlyhappy,/home/fox/Desktop/Projects/Amrita RLHF/Diffusion_RL_Abi/datasets/appa-real-dataset_v2/train_data/002360.jpg,False,416.7541198730469,44.43400573730469,True,0.0025037037037037037,2.728828191757202,20.99993133544922,0.0831441879272461,0.0018711836728746358,3.347836055507694,27.742431640625,0.0,0.0,0.0,False,0,['roi_blur_laplacian'],False,0.5898902836065264,roi_blur_laplacian
2363,train,48,male,caucasian,slightlyhappy,/home/fox/Desktop/Projects/Amrita RLHF/Diffusion_RL_Abi/datasets/appa-real-dataset_v2/train_data/002363.jpg,False,128.62734985351562,26.2869930267334,True,0.15867797808412867,178.3212890625,39.51213073730469,0.1130366325378418,0.004300097318958781,5.751725811022785,42.876220703125,0.0,0.0,0.0,False,0,['worst_quality_percentile'],False,0.6333816361480701,worst_quality_percentile
2374,train,23,male,caucasian,slightlyhappy,/home/fox/Desktop/Projects/Amrita RLHF/Diffusion_RL_Abi/datasets/appa-real-dataset_v2/train_data/002374.jpg,False,120.06151580810547,46.260894775390625,True,0.15676486900916772,84.76162719726562,49.12486267089844,0.23571348190307617,0.005095307342242787,6.3778806577227325,48.31146240234375,0.0,0.0,0.0,False,0,['worst_quality_percentile'],False,0.6791313021058772,worst_quality_percentile
2377,train,37,male,caucasian,slightlyhappy,/home/fox/Desktop/Projects/Amrita RLHF/Diffusion_RL_Abi/datasets/appa-real-dataset_v2/train_data/002377.jpg,False,71.55487060546875,27.471927642822266,True,0.3359377892982781,103.94345092773438,37.392478942871094,0.0913093090057373,0.00332373129651362,6.9414356766172745,50.79058837890625,0.0,0.0,0.0,False,0,['worst_quality_percentile'],False,0.6883903871125581,worst_quality_percentile
2387,train,52,female,caucasian,slightlyhappy,/home/fox/Desktop/Projects/Amrita RLHF/Diffusion_RL_Abi/datasets/appa-real-dataset_v2/train_data/002387.jpg,False,156.07144165039062,30.707332611083984,True,0.2510427517361111,223.03793334960938,50.831207275390625,0.3313405513763428,0.01079027425737621,5.8453083135433275,29.6368408203125,0.45906250000000004,0.1041384548611111,0.590625,True,2,['worst_quality_percentile'],False,0.7024860266857368,worst_quality_percentile
2395,train,30,male,asian,slightlyhappy,/home/fox/Desktop/Projects/Amrita RLHF/Diffusion_RL_Abi/datasets/appa-real-dataset_v2/train_data/002395.jpg,False,304.94708251953125,46.65333938598633,True,0.22272727272727272,229.57577514648438,57.15711975097656,0.23872947692871094,0.005117092901678273,6.620493748991856,55.70977783203125,0.0,0.0,0.0,False,0,['worst_quality_percentile'],False,0.628281611683008,worst_quality_percentile
2410,train,19,male,caucasian,slightlyhappy,/home/fox/Desktop/Projects/Amrita RLHF/Diffusion_RL_Abi/datasets/appa-real-dataset_v2/train_data/002410.jpg,False,163.6715545654297,33.47323989868164,True,0.27555569125549584,58.81809616088867,33.45280456542969,-0.0311434268951416,-0.0009303977164747201,6.8395587519718415,49.33544921875,0.09565217391304348,0.18655349291646312,0.782608695652174,False,2,['worst_quality_percentile'],False,0.7097314488962494,worst_quality_percentile
2414,train,32,male,asian,neutral,/home/fox/Desktop/Projects/Amrita RLHF/Diffusion_RL_Abi/datasets/appa-real-dataset_v2/train_data/002414.jpg,False,518.16748046875,44.411949157714844,True,0.017762498209425583,13.277070045471191,28.775480270385742,0.5129027366638184,0.011548755117539498,4.194225138778216,13.8558349609375,0.0,0.0,0.0,False,0,"['roi_blur_laplacian', 'worst_quality_percentile']",False,0.6786231815872179,roi_blur_laplacian;worst_quality_percentile
2415,train,51,female,caucasian,slightlyhappy,/home/fox/Desktop/Projects/Amrita RLHF/Diffusion_RL_Abi/datasets/appa-real-dataset_v2/train_data/002415.jpg,False,55.941612243652344,30.786396026611328,True,0.21246337890625,38.493064880371094,40.27845001220703,0.28119778633117676,0.009133832260011243,8.160121943714481,61.54046630859375,0.09531250000000001,0.104736328125,0.765625,False,1,['worst_quality_percentile'],False,0.8743060391064608,worst_quality_percentile
2425,train,41,male,afroamerican,slightlyhappy,/home/fox/Desktop/Projects/Amrita RLHF/Diffusion_RL_Abi/datasets/appa-real-dataset_v2/train_data/002425.jpg,False,88.92432403564453,33.43715286254883,True,0.1553763440860215,59.839900970458984,43.408756256103516,0.06931328773498535,0.002072942213320957,6.399311172728809,44.90032958984375,0.0,0.0,0.0,False,0,['worst_quality_percentile'],False,0.6470067937595273,worst_quality_percentile
2435,train,50,male,caucasian,slightlyhappy,/home/fox/Desktop/Projects/Amrita RLHF/Diffusion_RL_Abi/datasets/appa-real-dataset_v2/train_data/002435.jpg,False,649.1502075195312,48.713783264160156,True,0.012844078646547782,65.18022918701172,36.07456970214844,0.4838099479675293,0.009931684743356704,3.9948311362151925,34.0338134765625,0.0,0.0,0.0,False,0,['worst_quality_percentile'],False,0.6824999529518038,worst_quality_percentile
2437,train,23,male,asian,slightlyhappy,/home/fox/Desktop/Projects/Amrita RLHF/Diffusion_RL_Abi/datasets/appa-real-dataset_v2/train_data/002437.jpg,False,68.47611999511719,41.827205657958984,True,0.17953686816050027,44.16178894042969,48.601593017578125,-0.026913166046142578,-0.0006434368488009341,8.148713859248879,58.425537109375,0.0,0.0,0.0,False,0,['worst_quality_percentile'],False,0.6429982874456593,worst_quality_percentile
2438,train,32,female,caucasian,happy,/home/fox/Desktop/Projects/Amrita RLHF/Diffusion_RL_Abi/datasets/appa-real-dataset_v2/train_data/002438.jpg,False,1269.650390625,60.97941207885742,True,0.11067063492063492,115.57830810546875,39.06854248046875,0.4781928062438965,0.007841872889552194,4.250440650692587,25.113037109375,0.0,0.0,0.0,False,0,['worst_quality_percentile'],False,0.6400248414475789,worst_quality_percentile
2447,train,30,male,caucasian,neutral,/home/fox/Desktop/Projects/Amrita RLHF/Diffusion_RL_Abi/datasets/appa-real-dataset_v2/train_data/002447.jpg,False,37.62474060058594,42.44974899291992,True,0.24130501692828563,18.07436752319336,43.86687469482422,-0.024254322052001953,-0.0005713654863938484,9.459996712226312,69.25823974609375,0.0,0.0,0.0,False,0,['worst_quality_percentile'],False,0.6845512543049098,worst_quality_percentile
2448,train,35,female,caucasian,neutral,/home/fox/Desktop/Projects/Amrita RLHF/Diffusion_RL_Abi/datasets/appa-real-dataset_v2/train_data/002448.jpg,False,179.72694396972656,40.78677749633789,True,0.19938151041666666,134.26931762695312,45.285072326660156,0.4635777473449707,0.011365882877624028,5.394693823957328,25.7249755859375,0.0,0.0,0.0,False,0,['worst_quality_percentile'],False,0.6612153490035192,worst_quality_percentile
2459,train,23,male,caucasian,slightlyhappy,/home/fox/Desktop/Projects/Amrita RLHF/Diffusion_RL_Abi/datasets/appa-real-dataset_v2/train_data/002459.jpg,False,26.87724494934082,14.040456771850586,True,0.09684248500037974,12.628670692443848,23.755109786987305,0.015880942344665527,0.0011310843708034143,7.777771065471264,59.3004150390625,0.46842105263157896,0.07874800637958533,0.6842105263157895,True,1,"['roi_blur_laplacian', 'worst_quality_percentile']",False,0.8178105651429324,roi_blur_laplacian;worst_quality_percentile
2460,train,2,female,caucasian,neutral,/home/fox/Desktop/Projects/Amrita RLHF/Diffusion_RL_Abi/datasets/appa-real-dataset_v2/train_data/002460.jpg,False,1743.600830078125,67.22003173828125,True,0.01031494140625,35.86152267456055,33.200111389160156,0.47002696990966797,0.006992364489611317,2.7659830965126733,73.77984619140625,0.0,0.0,0.0,False,0,"['brisque', 'worst_quality_percentile']",False,0.7024860266857368,brisque;worst_quality_percentile
2464,train,25,female,caucasian,neutral,/home/fox/Desktop/Projects/Amrita RLHF/Diffusion_RL_Abi/datasets/appa-real-dataset_v2/train_data/002464.jpg,False,698.994140625,43.87266540527344,True,0.23200277777777778,778.6666259765625,69.42684936523438,0.1543278694152832,0.003517631410630041,4.730035568957735,23.357666015625,1.0,0.12864166666666665,1.0,True,1,['black_bars_score'],False,0.49387432485838495,black_bars_score
2470,train,28,male,caucasian,neutral,/home/fox/Desktop/Projects/Amrita RLHF/Diffusion_RL_Abi/datasets/appa-real-dataset_v2/train_data/002470.jpg,False,82.92447662353516,43.138763427734375,True,0.36,69.79637145996094,48.08943176269531,0.08546757698059082,0.001981224499921996,8.253892595259002,63.159912109375,0.0,0.0,0.0,False,0,['worst_quality_percentile'],False,0.6886538570111223,worst_quality_percentile
2471,train,39,female,caucasian,slightlyhappy,/home/fox/Desktop/Projects/Amrita RLHF/Diffusion_RL_Abi/datasets/appa-real-dataset_v2/train_data/002471.jpg,False,410.2430114746094,52.685951232910156,True,0.0020569395017793596,1.8647255897521973,10.1113862991333,0.03932476043701172,0.0007463993487897444,3.9240629837045717,26.22955322265625,0.0,0.0,0.0,False,0,"['roi_blur_tenengrad', 'roi_blur_laplacian']",False,0.5906242354668122,roi_blur_tenengrad;roi_blur_laplacian
2472,train,35,female,caucasian,slightlyhappy,/home/fox/Desktop/Projects/Amrita RLHF/Diffusion_RL_Abi/datasets/appa-real-dataset_v2/train_data/002472.jpg,False,114.1948013305664,22.069856643676758,True,0.006033519553072626,4.521360874176025,24.54764175415039,-0.03593432903289795,-0.0016282084648241266,5.040870288354411,39.7591552734375,0.0,0.0,0.0,False,0,['roi_blur_laplacian'],False,0.6140730564390162,roi_blur_laplacian
2484,train,16,male,asian,neutral,/home/fox/Desktop/Projects/Amrita RLHF/Diffusion_RL_Abi/datasets/appa-real-dataset_v2/train_data/002484.jpg,False,166.4440155029297,23.727725982666016,True,0.14492513020833334,280.1966857910156,55.9329833984375,0.08306455612182617,0.0035007380261290054,13.247972936751612,27.97808837890625,0.0,0.0,0.0,False,0,['niqe'],False,0.555770931742477,niqe
2489,train,19,female,caucasian,happy,/home/fox/Desktop/Projects/Amrita RLHF/Diffusion_RL_Abi/datasets/appa-real-dataset_v2/train_data/002489.jpg,False,554.5697631835938,48.336631774902344,True,0.15898763020833334,115.23297882080078,49.431968688964844,0.881648063659668,0.018239749296675108,4.572138697911101,30.6195068359375,0.0,0.0,0.0,False,0,['worst_quality_percentile'],False,0.6616858309652407,worst_quality_percentile
2490,train,22,male,caucasian,slightlyhappy,/home/fox/Desktop/Projects/Amrita RLHF/Diffusion_RL_Abi/datasets/appa-real-dataset_v2/train_data/002490.jpg,False,141.47666931152344,37.538448333740234,True,0.21112579728250058,132.33253479003906,44.354339599609375,0.27637672424316406,0.007362497096936599,4.594444039312863,35.05657958984375,0.4458515283842795,0.03338780229810697,0.4585152838427948,True,1,['worst_quality_percentile'],False,0.7116698345785422,worst_quality_percentile
2493,train,6,male,caucasian,neutral,/home/fox/Desktop/Projects/Amrita RLHF/Diffusion_RL_Abi/datasets/appa-real-dataset_v2/train_data/002493.jpg,False,391.99615478515625,43.150814056396484,True,0.11778711484593837,75.22869110107422,29.107271194458008,0.011057376861572266,0.0002562495481747145,5.004407977242922,34.51678466796875,0.49635854341736696,0.2313109243697479,0.9635854341736695,True,3,"['black_bars_area', 'worst_quality_percentile']",False,0.6785102659164048,black_bars_area;worst_quality_percentile
2512,train,22,female,caucasian,slightlyhappy,/home/fox/Desktop/Projects/Amrita RLHF/Diffusion_RL_Abi/datasets/appa-real-dataset_v2/train_data/002512.jpg,False,206.97142028808594,47.696998596191406,True,0.17210470709886255,168.69866943359375,53.853511810302734,0.2235729694366455,0.00468735919092273,5.077399602328743,26.25372314453125,0.43289124668435014,0.045323247763341276,0.32891246684350134,True,1,['worst_quality_percentile'],False,0.6369949376140919,worst_quality_percentile
2517,train,53,male,caucasian,slightlyhappy,/home/fox/Desktop/Projects/Amrita RLHF/Diffusion_RL_Abi/datasets/appa-real-dataset_v2/train_data/002517.jpg,False,74.63336181640625,29.63348388671875,True,0.1395375,51.0877571105957,43.317176818847656,0.053318023681640625,0.001799249190078785,6.266460914460657,39.40069580078125,0.45475000000000004,0.17784398148148148,0.5475,True,2,['worst_quality_percentile'],False,0.7120838587048572,worst_quality_percentile
2521,train,90,male,caucasian,slightlyhappy,/home/fox/Desktop/Projects/Amrita RLHF/Diffusion_RL_Abi/datasets/appa-real-dataset_v2/train_data/002521.jpg,False,246.65237426757812,54.42097473144531,True,0.15898894407947445,85.02611541748047,63.596923828125,0.16121149063110352,0.002962304303889078,7.212476211340442,48.016357421875,0.1,0.39068258291940394,1.0,False,1,['worst_quality_percentile'],False,0.6907992547565726,worst_quality_percentile
2526,train,15,female,caucasian,neutral,/home/fox/Desktop/Projects/Amrita RLHF/Diffusion_RL_Abi/datasets/appa-real-dataset_v2/train_data/002526.jpg,False,707.6593017578125,48.97447204589844,True,0.1358882874015748,183.93601989746094,56.812469482421875,2.978055953979492,0.060808330723405336,5.869007440054161,32.79290771484375,0.0,0.0,0.0,False,0,"['jpeg_blockiness', 'worst_quality_percentile']",False,0.6595780717767281,jpeg_blockiness;worst_quality_percentile
2527,train,16,female,caucasian,slightlyhappy,/home/fox/Desktop/Projects/Amrita RLHF/Diffusion_RL_Abi/datasets/appa-real-dataset_v2/train_data/002527.jpg,False,228.70465087890625,51.40059280395508,True,0.09037850693955468,33.8580207824707,27.772323608398438,0.1202998161315918,0.0023404363107247836,7.075142245999264,41.339599609375,0.0,0.0,0.0,False,0,['worst_quality_percentile'],False,0.7139093287163369,worst_quality_percentile
2529,train,20,female,caucasian,slightlyhappy,/home/fox/Desktop/Projects/Amrita RLHF/Diffusion_RL_Abi/datasets/appa-real-dataset_v2/train_data/002529.jpg,False,220.89065551757812,42.59073257446289,True,0.18906575520833332,100.0453872680664,38.00218200683594,0.5358700752258301,0.012581846572070647,4.5839681482886725,21.055419921875,0.0,0.0,0.0,False,0,['worst_quality_percentile'],False,0.6657696143929843,worst_quality_percentile
2532,train,14,female,caucasian,slightlyhappy,/home/fox/Desktop/Projects/Amrita RLHF/Diffusion_RL_Abi/datasets/appa-real-dataset_v2/train_data/002532.jpg,False,139.467041015625,51.72954559326172,True,0.24173611111111112,117.38168334960938,46.051639556884766,0.732396125793457,0.014158177947162964,5.117642510740586,25.29052734375,0.0,0.0,0.0,False,0,['worst_quality_percentile'],False,0.6712836629843613,worst_quality_percentile
2536,train,15,female,caucasian,happy,/home/fox/Desktop/Projects/Amrita RLHF/Diffusion_RL_Abi/datasets/appa-real-dataset_v2/train_data/002536.jpg,False,443.7956848144531,45.19511413574219,True,0.28768595041322315,522.8114013671875,62.9221305847168,0.5567288398742676,0.012318341002166916,4.549825748800373,20.12396240234375,0.5,0.35162534435261705,1.0,True,1,['black_bars_area'],False,0.5837081506295049,black_bars_area
2539,train,30,male,caucasian,happy,/home/fox/Desktop/Projects/Amrita RLHF/Diffusion_RL_Abi/datasets/appa-real-dataset_v2/train_data/002539.jpg,False,96.19229125976562,28.871932983398438,True,0.11751302083333333,62.315643310546875,26.85296058654785,0.1263582706451416,0.00437650871319526,5.273354283404754,41.14764404296875,0.0,0.0,0.0,False,0,['worst_quality_percentile'],False,0.6849652784312249,worst_quality_percentile
2540,train,28,female,caucasian,neutral,/home/fox/Desktop/Projects/Amrita RLHF/Diffusion_RL_Abi/datasets/appa-real-dataset_v2/train_data/002540.jpg,False,707.3131713867188,79.19860076904297,True,0.04337711069418387,59.84922409057617,37.06971740722656,0.6751279830932617,0.008524493715962984,3.947802453931754,37.00787353515625,0.0,0.0,0.0,False,0,['worst_quality_percentile'],False,0.6886726762895911,worst_quality_percentile
2545,train,26,male,asian,slightlyhappy,/home/fox/Desktop/Projects/Amrita RLHF/Diffusion_RL_Abi/datasets/appa-real-dataset_v2/train_data/002545.jpg,False,184.33047485351562,34.513160705566406,True,0.0830795847750865,61.802486419677734,48.1585693359375,0.35399770736694336,0.010256890121714041,5.665848694929381,46.531005859375,0.4847058823529412,0.12747404844290658,0.8470588235294118,True,2,['worst_quality_percentile'],False,0.7927997440578128,worst_quality_percentile
2548,train,30,male,caucasian,neutral,/home/fox/Desktop/Projects/Amrita RLHF/Diffusion_RL_Abi/datasets/appa-real-dataset_v2/train_data/002548.jpg,False,586.7865600585938,51.572933197021484,True,0.03304155495978552,29.133827209472656,18.551773071289062,0.258023738861084,0.005003084328600907,3.464658891794452,14.93743896484375,0.0,0.0,0.0,False,0,['roi_blur_tenengrad'],False,0.6050398027739616,roi_blur_tenengrad
2550,train,4,female,caucasian,neutral,/home/fox/Desktop/Projects/Amrita RLHF/Diffusion_RL_Abi/datasets/appa-real-dataset_v2/train_data/002550.jpg,False,39.94636535644531,37.81952667236328,True,0.16290463057047466,21.345996856689453,42.19023895263672,-0.06256985664367676,-0.0016544325245341402,8.815778170917097,63.580810546875,0.0,0.0,0.0,False,0,['worst_quality_percentile'],False,0.6662400963547057,worst_quality_percentile
2551,train,44,male,caucasian,slightlyhappy,/home/fox/Desktop/Projects/Amrita RLHF/Diffusion_RL_Abi/datasets/appa-real-dataset_v2/train_data/002551.jpg,False,1294.0625,59.3084831237793,True,0.17883755588673622,420.034912109375,56.827178955078125,0.3118710517883301,0.005258455959478615,5.969791816704652,53.87249755859375,0.5,0.23743169398907105,1.0,True,1,"['black_bars_area', 'worst_quality_percentile']",False,0.6751133861527749,black_bars_area;worst_quality_percentile
2553,train,34,male,caucasian,neutral,/home/fox/Desktop/Projects/Amrita RLHF/Diffusion_RL_Abi/datasets/appa-real-dataset_v2/train_data/002553.jpg,False,150.67105102539062,44.3616943359375,True,0.1805,112.40107727050781,40.86246109008789,1.1514413356781006,0.025955755905147197,6.035378257359451,43.085205078125,0.0,0.0,0.0,False,0,['worst_quality_percentile'],False,0.754314319588987,worst_quality_percentile
2559,train,26,female,caucasian,slightlyhappy,/home/fox/Desktop/Projects/Amrita RLHF/Diffusion_RL_Abi/datasets/appa-real-dataset_v2/train_data/002559.jpg,False,60.77985382080078,29.15867805480957,True,0.29492513020833333,132.54678344726562,51.03083801269531,0.20847415924072266,0.007149643468034123,6.4535339705477615,45.9771728515625,0.47395833333333337,0.08017578125,0.7395833333333334,True,2,['worst_quality_percentile'],False,0.7416865837363795,worst_quality_percentile
2563,train,7,male,caucasian,neutral,/home/fox/Desktop/Projects/Amrita RLHF/Diffusion_RL_Abi/datasets/appa-real-dataset_v2/train_data/002563.jpg,False,266.5888366699219,59.779930114746094,True,0.139440794744432,41.207069396972656,48.747840881347656,-0.07320165634155273,-0.0012245189142330052,7.419391916903013,62.327880859375,0.09316455696202533,0.08860759493670886,0.6582278481012658,False,1,['worst_quality_percentile'],False,0.6929258332235542,worst_quality_percentile
2564,train,17,female,caucasian,slightlyhappy,/home/fox/Desktop/Projects/Amrita RLHF/Diffusion_RL_Abi/datasets/appa-real-dataset_v2/train_data/002564.jpg,False,124.3033218383789,44.47025680541992,True,0.18501474926253686,53.374454498291016,50.17609405517578,-0.0004596710205078125,-1.0336594460934044e-05,7.051636722410509,53.62060546875,0.09106194690265489,0.04846607669616519,0.5530973451327433,False,1,['worst_quality_percentile'],False,0.6874870617460527,worst_quality_percentile
2568,train,52,female,caucasian,neutral,/home/fox/Desktop/Projects/Amrita RLHF/Diffusion_RL_Abi/datasets/appa-real-dataset_v2/train_data/002568.jpg,False,78.09354400634766,22.678455352783203,True,0.3294281684027778,185.6582489013672,42.881160736083984,0.04385828971862793,0.0019339186510922044,5.77753666535163,22.45965576171875,0.5,0.2658550347222222,1.0,True,1,['black_bars_area'],False,0.6272747802849238,black_bars_area
2574,train,50,male,caucasian,slightlyhappy,/home/fox/Desktop/Projects/Amrita RLHF/Diffusion_RL_Abi/datasets/appa-real-dataset_v2/train_data/002574.jpg,False,283.21868896484375,44.47503662109375,True,0.18860408163265305,107.28671264648438,53.88194274902344,0.36318397521972656,0.008166018392471795,7.006104100142159,51.54608154296875,0.0,0.0,0.0,False,0,['worst_quality_percentile'],False,0.7040103882417147,worst_quality_percentile
2583,train,40,female,caucasian,slightlyhappy,/home/fox/Desktop/Projects/Amrita RLHF/Diffusion_RL_Abi/datasets/appa-real-dataset_v2/train_data/002583.jpg,False,187.6104736328125,43.451419830322266,True,0.3151593396892655,122.13529968261719,46.55519485473633,1.9047722816467285,0.043836823865550024,6.236907276764994,48.00970458984375,0.0,0.0,0.0,False,0,['worst_quality_percentile'],False,0.748649716769859,worst_quality_percentile
2586,train,25,male,caucasian,neutral,/home/fox/Desktop/Projects/Amrita RLHF/Diffusion_RL_Abi/datasets/appa-real-dataset_v2/train_data/002586.jpg,False,278.9781494140625,57.046958923339844,True,0.070225,121.30883026123047,51.07191467285156,0.6327428817749023,0.011091614393215472,4.98121512864436,20.94329833984375,0.0,0.0,0.0,False,0,['worst_quality_percentile'],False,0.6285262623031034,worst_quality_percentile
2587,train,70,male,caucasian,slightlyhappy,/home/fox/Desktop/Projects/Amrita RLHF/Diffusion_RL_Abi/datasets/appa-real-dataset_v2/train_data/002587.jpg,False,327.43011474609375,58.765892028808594,True,0.18988171405386847,147.3231201171875,62.29621124267578,1.073678970336914,0.018270444215160116,7.089525047157073,54.98675537109375,0.0,0.0,0.0,False,0,['worst_quality_percentile'],False,0.7112181718952896,worst_quality_percentile
2588,train,15,male,asian,neutral,/home/fox/Desktop/Projects/Amrita RLHF/Diffusion_RL_Abi/datasets/appa-real-dataset_v2/train_data/002588.jpg,False,127.23725891113281,67.22904205322266,True,0.2755738522954092,51.071205139160156,53.51409149169922,0.06736230850219727,0.0010019822600906146,7.57691907224569,61.66436767578125,0.0,0.0,0.0,False,0,['worst_quality_percentile'],False,0.6551555413365452,worst_quality_percentile
2592,train,66,male,caucasian,neutral,/home/fox/Desktop/Projects/Amrita RLHF/Diffusion_RL_Abi/datasets/appa-real-dataset_v2/train_data/002592.jpg,False,217.86570739746094,37.0262336730957,True,0.3663517441860465,270.1744384765625,47.53618240356445,0.9817311763763428,0.026514475075417165,5.6340107376207005,45.56378173828125,0.4667441860465117,0.07151162790697674,0.6674418604651163,True,2,['worst_quality_percentile'],False,0.7668103204923123,worst_quality_percentile
2594,train,35,male,caucasian,neutral,/home/fox/Desktop/Projects/Amrita RLHF/Diffusion_RL_Abi/datasets/appa-real-dataset_v2/train_data/002594.jpg,False,60.69321823120117,38.51346206665039,True,0.5737835705833841,72.41960144042969,42.41181564331055,0.11350584030151367,0.0029471730471259737,7.070368074077447,43.35174560546875,0.0,0.0,0.0,False,0,['worst_quality_percentile'],False,0.6735984342360314,worst_quality_percentile
2595,train,15,male,caucasian,slightlyhappy,/home/fox/Desktop/Projects/Amrita RLHF/Diffusion_RL_Abi/datasets/appa-real-dataset_v2/train_data/002595.jpg,False,102.75494384765625,32.792503356933594,True,0.08888888888888889,34.2984733581543,32.267093658447266,0.9254133701324463,0.028220271317484127,6.705642380263175,50.10467529296875,0.0,0.0,0.0,False,0,['worst_quality_percentile'],False,0.829026855110375,worst_quality_percentile
2599,train,37,male,caucasian,neutral,/home/fox/Desktop/Projects/Amrita RLHF/Diffusion_RL_Abi/datasets/appa-real-dataset_v2/train_data/002599.jpg,False,113.52842712402344,28.37090492248535,True,0.043810679611650485,26.776288986206055,26.763105392456055,0.23848581314086914,0.008405999223022952,5.324791345490974,35.16937255859375,0.0,0.0,0.0,False,0,['worst_quality_percentile'],False,0.7330297156407023,worst_quality_percentile
2600,train,37,female,caucasian,happy,/home/fox/Desktop/Projects/Amrita RLHF/Diffusion_RL_Abi/datasets/appa-real-dataset_v2/train_data/002600.jpg,False,100.67153930664062,47.25759506225586,True,0.264404296875,75.92184448242188,47.024044036865234,0.47043824195861816,0.009954764549150485,6.276308932035482,47.28131103515625,0.0,0.0,0.0,False,0,['worst_quality_percentile'],False,0.7310536914014717,worst_quality_percentile
2609,train,58,male,caucasian,neutral,/home/fox/Desktop/Projects/Amrita RLHF/Diffusion_RL_Abi/datasets/appa-real-dataset_v2/train_data/002609.jpg,False,363.1150207519531,52.99077606201172,True,0.2308502197265625,223.64210510253906,56.74607849121094,2.888856887817383,0.05451622051959605,5.262998509266558,46.2647705078125,0.08687500000000001,0.05517578125,0.34375,False,1,"['jpeg_blockiness', 'worst_quality_percentile']",False,0.7214652690215857,jpeg_blockiness;worst_quality_percentile
2612,train,58,male,caucasian,neutral,/home/fox/Desktop/Projects/Amrita RLHF/Diffusion_RL_Abi/datasets/appa-real-dataset_v2/train_data/002612.jpg,False,242.4313201904297,60.12080383300781,True,0.1628921299753504,146.97438049316406,45.536712646484375,0.3434925079345703,0.005713371750239518,5.866653571042144,46.09954833984375,0.0,0.0,0.0,False,0,['worst_quality_percentile'],False,0.6742194704255039,worst_quality_percentile
2615,train,57,female,caucasian,slightlyhappy,/home/fox/Desktop/Projects/Amrita RLHF/Diffusion_RL_Abi/datasets/appa-real-dataset_v2/train_data/002615.jpg,False,1241.7891845703125,94.04268646240234,True,0.006666666666666667,32.82362747192383,44.07463836669922,0.34335899353027344,0.0036510972069736538,3.9824607656342326,35.15936279296875,0.0,0.0,0.0,False,0,['worst_quality_percentile'],False,0.6312174191241509,worst_quality_percentile
2618,train,53,male,caucasian,neutral,/home/fox/Desktop/Projects/Amrita RLHF/Diffusion_RL_Abi/datasets/appa-real-dataset_v2/train_data/002618.jpg,False,83.46647644042969,37.82966613769531,False,0.0,96.25704956054688,46.0390739440918,0.058602094650268555,0.001549104157775541,7.75267362698346,58.6705322265625,0.0,0.0,0.0,False,0,['worst_quality_percentile'],False,0.6697028435929766,worst_quality_percentile
2621,train,25,male,caucasian,neutral,/home/fox/Desktop/Projects/Amrita RLHF/Diffusion_RL_Abi/datasets/appa-real-dataset_v2/train_data/002621.jpg,False,254.87423706054688,24.093008041381836,True,0.03853223593964335,46.82460021972656,29.435449600219727,0.13251852989196777,0.0055002897174178484,6.16190984620283,40.47760009765625,0.0,0.0,0.0,False,0,['worst_quality_percentile'],False,0.7137211359316484,worst_quality_percentile
2622,train,49,male,asian,slightlyhappy,/home/fox/Desktop/Projects/Amrita RLHF/Diffusion_RL_Abi/datasets/appa-real-dataset_v2/train_data/002622.jpg,False,353.960693359375,30.715892791748047,True,0.15693623224111028,202.64657592773438,37.359962463378906,0.39583349227905273,0.012886927366098493,5.213485489830027,17.84991455078125,0.0,0.0,0.0,False,0,['worst_quality_percentile'],False,0.6390650582456668,worst_quality_percentile
2631,train,25,female,caucasian,neutral,/home/fox/Desktop/Projects/Amrita RLHF/Diffusion_RL_Abi/datasets/appa-real-dataset_v2/train_data/002631.jpg,False,106.15836334228516,40.17599105834961,True,0.2219630281690141,46.79716873168945,34.21284484863281,-0.14121794700622559,-0.0035149834458630836,6.157753724262417,40.51763916015625,0.45539906103286387,0.09336120892018779,0.5539906103286385,True,1,['worst_quality_percentile'],False,0.6525396616293732,worst_quality_percentile
2646,train,80,male,caucasian,slightlyhappy,/home/fox/Desktop/Projects/Amrita RLHF/Diffusion_RL_Abi/datasets/appa-real-dataset_v2/train_data/002646.jpg,False,325.9326171875,26.9176082611084,True,0.14173010380622839,341.4705505371094,47.99366760253906,0.2437608242034912,0.009055812566374022,4.619649097829196,30.91802978515625,0.09341176470588236,0.1603719723183391,0.6705882352941176,False,1,['worst_quality_percentile'],False,0.6380676364868171,worst_quality_percentile
2647,train,50,female,caucasian,slightlyhappy,/home/fox/Desktop/Projects/Amrita RLHF/Diffusion_RL_Abi/datasets/appa-real-dataset_v2/train_data/002647.jpg,False,51.84751510620117,19.5937557220459,True,0.49953776041666664,44.25346755981445,28.4490966796875,3.400041937828064,0.1735268017287624,7.153111748737015,53.9820556640625,0.5,0.17787109375,1.0,True,2,"['jpeg_blockiness', 'worst_quality_percentile']",False,0.9371530195532304,jpeg_blockiness;worst_quality_percentile
2654,train,18,female,caucasian,slightlyhappy,/home/fox/Desktop/Projects/Amrita RLHF/Diffusion_RL_Abi/datasets/appa-real-dataset_v2/train_data/002654.jpg,False,209.5207977294922,53.90008544921875,True,0.18603580485448618,78.45148468017578,51.688751220703125,0.6953263282775879,0.012900282245978964,5.409488544842979,43.17529296875,0.0,0.0,0.0,False,0,['worst_quality_percentile'],False,0.7030129664828649,worst_quality_percentile
2656,train,20,male,caucasian,slightlyhappy,/home/fox/Desktop/Projects/Amrita RLHF/Diffusion_RL_Abi/datasets/appa-real-dataset_v2/train_data/002656.jpg,False,743.1642456054688,55.27070999145508,True,0.12335964976553342,299.2222595214844,45.806453704833984,0.5384249687194824,0.009741596571875538,3.6755927317394366,27.42388916015625,0.46328125000000003,0.1860886210433763,0.6328125,True,2,['worst_quality_percentile'],False,0.6460940587537873,worst_quality_percentile
2657,train,40,male,caucasian,slightlyhappy,/home/fox/Desktop/Projects/Amrita RLHF/Diffusion_RL_Abi/datasets/appa-real-dataset_v2/train_data/002657.jpg,False,185.4092254638672,36.57413101196289,False,0.0,350.6981201171875,54.56919860839844,0.1854231357574463,0.005069789098393285,6.616309382053796,35.4462890625,0.0891095890410959,0.055710978197954855,0.4554794520547945,False,1,['worst_quality_percentile'],False,0.6308786721117112,worst_quality_percentile
2664,train,19,male,caucasian,neutral,/home/fox/Desktop/Projects/Amrita RLHF/Diffusion_RL_Abi/datasets/appa-real-dataset_v2/train_data/002664.jpg,False,96.2210693359375,46.20693588256836,True,0.07859600712967196,67.33025360107422,34.8271369934082,-0.031823158264160156,-0.0006887095404102732,5.910922070140404,57.97991943359375,0.0,0.0,0.0,False,0,['worst_quality_percentile'],False,0.634491973577733,worst_quality_percentile
2667,train,17,male,caucasian,neutral,/home/fox/Desktop/Projects/Amrita RLHF/Diffusion_RL_Abi/datasets/appa-real-dataset_v2/train_data/002667.jpg,False,228.18240356445312,66.80531311035156,True,0.139440794744432,25.74105453491211,44.85499954223633,-0.09006357192993164,-0.0013481498160634528,7.093196161308765,58.52044677734375,0.0,0.0,0.0,False,0,['worst_quality_percentile'],False,0.632007828819843,worst_quality_percentile
2670,train,19,female,caucasian,slightlyhappy,/home/fox/Desktop/Projects/Amrita RLHF/Diffusion_RL_Abi/datasets/appa-real-dataset_v2/train_data/002670.jpg,False,257.9711608886719,52.74537658691406,True,0.13937112751932176,23.812427520751953,35.866153717041016,0.2119765281677246,0.004018864550138612,6.289438439348661,44.1103515625,0.0,0.0,0.0,False,0,['worst_quality_percentile'],False,0.7247680523928712,worst_quality_percentile
2685,train,7,female,afroamerican,happy,/home/fox/Desktop/Projects/Amrita RLHF/Diffusion_RL_Abi/datasets/appa-real-dataset_v2/train_data/002685.jpg,False,92.42500305175781,47.57011413574219,True,0.16563007030827473,19.192052841186523,32.49228286743164,-0.014959335327148438,-0.0003144691847909492,7.505286006626374,56.36920166015625,0.0,0.0,0.0,False,0,['worst_quality_percentile'],False,0.6971789901575173,worst_quality_percentile
2687,train,50,male,caucasian,neutral,/home/fox/Desktop/Projects/Amrita RLHF/Diffusion_RL_Abi/datasets/appa-real-dataset_v2/train_data/002687.jpg,False,333.2281494140625,50.43818664550781,True,0.35589161708633427,272.4205017089844,52.25556564331055,0.7740941047668457,0.015347381436608559,6.408375296437545,44.07208251953125,0.0,0.0,0.0,False,0,['worst_quality_percentile'],False,0.6722058076293356,worst_quality_percentile
2690,train,40,male,asian,neutral,/home/fox/Desktop/Projects/Amrita RLHF/Diffusion_RL_Abi/datasets/appa-real-dataset_v2/train_data/002690.jpg,False,220.10723876953125,42.74001693725586,True,0.009788416075650118,6.43821907043457,16.447284698486328,-0.3032722473144531,-0.007095744502486394,3.8681524069248403,22.75787353515625,0.0,0.0,0.0,False,0,"['roi_blur_tenengrad', 'roi_blur_laplacian']",False,0.47059487739240075,roi_blur_tenengrad;roi_blur_laplacian
2693,train,11,female,caucasian,slightlyhappy,/home/fox/Desktop/Projects/Amrita RLHF/Diffusion_RL_Abi/datasets/appa-real-dataset_v2/train_data/002693.jpg,False,74.92388153076172,20.82978630065918,True,0.12016211854460093,21.728769302368164,15.41071891784668,-0.18165802955627441,-0.008721069828232267,5.061481620717537,28.17657470703125,0.0971361502347418,0.2450080692488263,0.8568075117370892,False,1,['roi_blur_tenengrad'],False,0.5996010312964601,roi_blur_tenengrad
2695,train,44,female,caucasian,slightlyhappy,/home/fox/Desktop/Projects/Amrita RLHF/Diffusion_RL_Abi/datasets/appa-real-dataset_v2/train_data/002695.jpg,False,96.29190826416016,41.1731071472168,True,0.32027285656594034,74.08126831054688,43.44520568847656,0.20924949645996094,0.005082188493318926,6.302508978474186,39.37664794921875,0.0,0.0,0.0,False,0,['worst_quality_percentile'],False,0.6814272540790787,worst_quality_percentile
2699,train,70,female,caucasian,slightlyhappy,/home/fox/Desktop/Projects/Amrita RLHF/Diffusion_RL_Abi/datasets/appa-real-dataset_v2/train_data/002699.jpg,False,1443.888916015625,116.23289489746094,True,0.1297789437135913,168.07437133789062,74.99378967285156,0.7287092208862305,0.006269388844351669,7.038678290973618,50.99566650390625,0.0,0.0,0.0,False,0,['worst_quality_percentile'],False,0.6422266970284359,worst_quality_percentile
2701,train,6,female,asian,neutral,/home/fox/Desktop/Projects/Amrita RLHF/Diffusion_RL_Abi/datasets/appa-real-dataset_v2/train_data/002701.jpg,False,181.34014892578125,60.53057098388672,True,0.10831597500400576,12.676076889038086,25.641376495361328,0.3377547264099121,0.0055799031025152495,7.796133809012208,49.84625244140625,0.0,0.0,0.0,False,0,"['roi_blur_laplacian', 'worst_quality_percentile']",False,0.8100758416922297,roi_blur_laplacian;worst_quality_percentile
2704,train,11,male,asian,other,/home/fox/Desktop/Projects/Amrita RLHF/Diffusion_RL_Abi/datasets/appa-real-dataset_v2/train_data/002704.jpg,False,196.09259033203125,57.156700134277344,True,0.10530239901758695,20.8883056640625,44.44327163696289,0.12247705459594727,0.002142829312493278,7.414011369817231,58.6524658203125,0.09165562913907287,0.05675189684662953,0.5827814569536424,False,2,['worst_quality_percentile'],False,0.7857989724673956,worst_quality_percentile
2714,train,2,male,caucasian,neutral,/home/fox/Desktop/Projects/Amrita RLHF/Diffusion_RL_Abi/datasets/appa-real-dataset_v2/train_data/002714.jpg,False,304.4310302734375,35.312042236328125,True,0.10205283957845433,47.426063537597656,35.8906364440918,0.1723949909210205,0.004882045192549633,4.061379148917742,12.46197509765625,0.08878125000000002,0.032545374707259954,0.4390625,False,1,['worst_quality_percentile'],False,0.6421890584714982,worst_quality_percentile
2725,train,20,female,caucasian,slightlyhappy,/home/fox/Desktop/Projects/Amrita RLHF/Diffusion_RL_Abi/datasets/appa-real-dataset_v2/train_data/002725.jpg,False,252.7357177734375,42.07202911376953,True,0.08493061224489797,31.70685577392578,26.316024780273438,0.14139080047607422,0.00336068404813675,4.998310937128106,26.464599609375,0.0,0.0,0.0,False,0,['worst_quality_percentile'],False,0.6555695654628603,worst_quality_percentile
2726,train,45,female,caucasian,neutral,/home/fox/Desktop/Projects/Amrita RLHF/Diffusion_RL_Abi/datasets/appa-real-dataset_v2/train_data/002726.jpg,False,116.38954162597656,52.85887145996094,True,0.2453052687789249,116.811279296875,63.36556625366211,0.053118228912353516,0.001004906583139643,7.702379824455962,59.606689453125,0.09773584905660378,0.14635991456034175,0.8867924528301887,False,1,['worst_quality_percentile'],False,0.6670116867719292,worst_quality_percentile
2738,train,34,female,caucasian,slightlyhappy,/home/fox/Desktop/Projects/Amrita RLHF/Diffusion_RL_Abi/datasets/appa-real-dataset_v2/train_data/002738.jpg,False,1413.7537841796875,80.11312866210938,True,0.14157256994604794,291.80718994140625,59.76616287231445,4.721670627593994,0.058937538047863516,6.537902953575658,48.46173095703125,0.0,0.0,0.0,False,0,"['jpeg_blockiness', 'worst_quality_percentile']",False,0.6665412048102076,jpeg_blockiness;worst_quality_percentile
2740,train,24,female,caucasian,slightlyhappy,/home/fox/Desktop/Projects/Amrita RLHF/Diffusion_RL_Abi/datasets/appa-real-dataset_v2/train_data/002740.jpg,False,443.3309631347656,59.44646453857422,True,0.38122092203580993,391.74200439453125,59.78977584838867,0.22382259368896484,0.0037651118811046656,7.038401978322432,51.5880126953125,0.09426829268292684,0.06629775835330608,0.7134146341463414,False,3,['worst_quality_percentile'],False,0.6481359504676591,worst_quality_percentile
2742,train,51,female,caucasian,neutral,/home/fox/Desktop/Projects/Amrita RLHF/Diffusion_RL_Abi/datasets/appa-real-dataset_v2/train_data/002742.jpg,False,424.01568603515625,41.66564178466797,True,0.13646616541353385,186.02041625976562,48.6877326965332,2.2191357612609863,0.05326056705112393,4.033319276479917,13.8134765625,0.0,0.0,0.0,False,0,['jpeg_blockiness'],False,0.584978451926153,jpeg_blockiness
2748,train,37,female,caucasian,slightlyhappy,/home/fox/Desktop/Projects/Amrita RLHF/Diffusion_RL_Abi/datasets/appa-real-dataset_v2/train_data/002748.jpg,False,58.785362243652344,21.56123924255371,True,0.04662533333333333,16.041419982910156,24.94961929321289,0.07390546798706055,0.0034277002229769313,5.832060469154991,41.25830078125,0.4386666666666667,0.05960533333333334,0.38666666666666666,True,1,['worst_quality_percentile'],False,0.7764081525114327,worst_quality_percentile
2756,train,25,male,caucasian,slightlyhappy,/home/fox/Desktop/Projects/Amrita RLHF/Diffusion_RL_Abi/datasets/appa-real-dataset_v2/train_data/002756.jpg,False,370.055419921875,44.96469497680664,True,0.01882840008802817,53.91603469848633,37.99727249145508,0.5714864730834961,0.012709670568622905,3.7618672381670244,14.70916748046875,0.0,0.0,0.0,False,0,['worst_quality_percentile'],False,0.6337392024389784,worst_quality_percentile
2759,train,15,male,caucasian,neutral,/home/fox/Desktop/Projects/Amrita RLHF/Diffusion_RL_Abi/datasets/appa-real-dataset_v2/train_data/002759.jpg,False,92.01726531982422,44.31563186645508,True,0.05124513411187543,4.516723155975342,13.248252868652344,0.3614511489868164,0.008156289905100702,6.80992754892083,41.533203125,0.0,0.0,0.0,False,0,"['roi_blur_tenengrad', 'roi_blur_laplacian', 'worst_quality_percentile']",False,0.8012872386472703,roi_blur_tenengrad;roi_blur_laplacian;worst_quality_percentile
2760,train,24,male,caucasian,other,/home/fox/Desktop/Projects/Amrita RLHF/Diffusion_RL_Abi/datasets/appa-real-dataset_v2/train_data/002760.jpg,False,275.8970947265625,37.83960723876953,True,0.23630401234567902,238.79550170898438,52.027278900146484,0.9978210926055908,0.026369752200109935,5.6496561708670905,34.13006591796875,0.0,0.0,0.0,False,0,['worst_quality_percentile'],False,0.6567551800063987,worst_quality_percentile
2761,train,69,male,asian,other,/home/fox/Desktop/Projects/Amrita RLHF/Diffusion_RL_Abi/datasets/appa-real-dataset_v2/train_data/002761.jpg,False,271.5245666503906,41.413021087646484,True,0.20322256913470116,151.7440185546875,56.167842864990234,0.2680037021636963,0.006471483814837118,6.416297324506955,43.32177734375,0.0,0.0,0.0,False,0,['worst_quality_percentile'],False,0.6346801663624217,worst_quality_percentile
2762,train,48,male,caucasian,slightlyhappy,/home/fox/Desktop/Projects/Amrita RLHF/Diffusion_RL_Abi/datasets/appa-real-dataset_v2/train_data/002762.jpg,False,433.3876037597656,60.061378479003906,True,0.16556480380499405,123.53507995605469,69.9889907836914,0.6565742492675781,0.010931721098698733,7.178693190083887,52.80914306640625,0.0,0.0,0.0,False,0,['worst_quality_percentile'],False,0.6851346519374448,worst_quality_percentile
2763,train,45,male,caucasian,slightlyhappy,/home/fox/Desktop/Projects/Amrita RLHF/Diffusion_RL_Abi/datasets/appa-real-dataset_v2/train_data/002763.jpg,False,79.50721740722656,27.10712432861328,False,0.0,156.26589965820312,43.102664947509766,0.7725839614868164,0.02850113953880994,7.852759615091666,58.72607421875,0.0,0.0,0.0,False,0,['worst_quality_percentile'],False,0.7923480813745601,worst_quality_percentile
2765,train,27,male,caucasian,slightlyhappy,/home/fox/Desktop/Projects/Amrita RLHF/Diffusion_RL_Abi/datasets/appa-real-dataset_v2/train_data/002765.jpg,False,34.187782287597656,16.556018829345703,False,0.0,39.508995056152344,18.790992736816406,-0.02717268466949463,-0.001641257074440729,6.0564019001863345,31.63421630859375,0.08871875000000001,0.03929357394366197,0.4359375,False,1,"['roi_blur_tenengrad', 'worst_quality_percentile']",False,0.6710013738073283,roi_blur_tenengrad;worst_quality_percentile
2767,train,24,male,caucasian,neutral,/home/fox/Desktop/Projects/Amrita RLHF/Diffusion_RL_Abi/datasets/appa-real-dataset_v2/train_data/002767.jpg,False,83.95674133300781,23.81485939025879,True,0.17900472005208334,81.45932006835938,42.42726516723633,0.1109774112701416,0.004660006796241212,5.987199854032161,29.650390625,0.0,0.0,0.0,False,0,['worst_quality_percentile'],False,0.6370513954494985,worst_quality_percentile
2768,train,28,male,asian,slightlyhappy,/home/fox/Desktop/Projects/Amrita RLHF/Diffusion_RL_Abi/datasets/appa-real-dataset_v2/train_data/002768.jpg,False,80.19336700439453,32.53472137451172,True,0.5102040816326531,141.07276916503906,42.564979553222656,0.20592641830444336,0.00632943523949569,7.109128339080083,49.78948974609375,0.0,0.0,0.0,False,0,['worst_quality_percentile'],False,0.7054218341268796,worst_quality_percentile
2769,train,40,male,caucasian,neutral,/home/fox/Desktop/Projects/Amrita RLHF/Diffusion_RL_Abi/datasets/appa-real-dataset_v2/train_data/002769.jpg,False,388.3651123046875,51.71870803833008,True,0.005464023494860499,3.6938235759735107,17.001371383666992,0.08602237701416016,0.0016632738638237615,3.1678033645384125,15.0533447265625,0.0,0.0,0.0,False,0,"['roi_blur_tenengrad', 'roi_blur_laplacian']",False,0.5499181361386605,roi_blur_tenengrad;roi_blur_laplacian
2775,train,32,male,caucasian,slightlyhappy,/home/fox/Desktop/Projects/Amrita RLHF/Diffusion_RL_Abi/datasets/appa-real-dataset_v2/train_data/002775.jpg,False,91.20707702636719,29.82938003540039,True,0.2845665204027027,142.2034912109375,42.917449951171875,0.5135781764984131,0.017217191864923972,4.957510873544681,16.4149169921875,0.0,0.0,0.0,False,0,['worst_quality_percentile'],False,0.6403071306246118,worst_quality_percentile
2776,train,25,female,caucasian,neutral,/home/fox/Desktop/Projects/Amrita RLHF/Diffusion_RL_Abi/datasets/appa-real-dataset_v2/train_data/002776.jpg,False,115.25586700439453,32.078495025634766,True,0.14995577998402373,51.31843185424805,39.840576171875,0.23089885711669922,0.007197932750094702,5.822978579143171,27.3123779296875,0.0,0.0,0.0,False,0,['worst_quality_percentile'],False,0.6839302181154375,worst_quality_percentile
2780,train,32,male,caucasian,slightlyhappy,/home/fox/Desktop/Projects/Amrita RLHF/Diffusion_RL_Abi/datasets/appa-real-dataset_v2/train_data/002780.jpg,False,101.15937805175781,78.83566284179688,True,0.2220901043731008,33.99531555175781,69.91109466552734,0.484525203704834,0.006146015395737047,9.650979644704309,69.41400146484375,0.0,0.0,0.0,False,0,['worst_quality_percentile'],False,0.7267064380751641,worst_quality_percentile
2783,train,16,female,caucasian,slightlyhappy,/home/fox/Desktop/Projects/Amrita RLHF/Diffusion_RL_Abi/datasets/appa-real-dataset_v2/train_data/002783.jpg,False,53.338623046875,26.11802101135254,False,0.0,26.039081573486328,19.622657775878906,-0.4491918087005615,-0.01719853856104855,5.687017538320071,40.383056640625,0.0,0.0,0.0,False,0,['roi_blur_tenengrad'],False,0.5380243521463387,roi_blur_tenengrad
2791,train,35,female,caucasian,slightlyhappy,/home/fox/Desktop/Projects/Amrita RLHF/Diffusion_RL_Abi/datasets/appa-real-dataset_v2/train_data/002791.jpg,False,329.3347473144531,41.508277893066406,False,0.0,148.36636352539062,35.723934173583984,0.3480558395385742,0.008385214921467484,3.756116461236341,15.27154541015625,0.08811111111111113,0.035781893004115224,0.40555555555555556,False,2,['worst_quality_percentile'],False,0.6441650827107289,worst_quality_percentile
2794,train,16,female,caucasian,slightlyhappy,/home/fox/Desktop/Projects/Amrita RLHF/Diffusion_RL_Abi/datasets/appa-real-dataset_v2/train_data/002794.jpg,False,590.37548828125,60.58088684082031,True,0.017087952697708797,5.181523323059082,15.992679595947266,-0.03424406051635742,-0.0005652617803544843,3.813816203517958,17.5068359375,0.0,0.0,0.0,False,0,"['roi_blur_tenengrad', 'roi_blur_laplacian']",False,0.5325855806688372,roi_blur_tenengrad;roi_blur_laplacian
2803,train,24,female,caucasian,happy,/home/fox/Desktop/Projects/Amrita RLHF/Diffusion_RL_Abi/datasets/appa-real-dataset_v2/train_data/002803.jpg,False,199.01502990722656,40.047332763671875,True,0.025208333333333333,26.525474548339844,36.58892822265625,0.09075927734375,0.002266300120735639,6.357330756953227,28.5050048828125,0.0,0.0,0.0,False,0,['worst_quality_percentile'],False,0.656416432993959,worst_quality_percentile
2806,train,28,female,asian,slightlyhappy,/home/fox/Desktop/Projects/Amrita RLHF/Diffusion_RL_Abi/datasets/appa-real-dataset_v2/train_data/002806.jpg,False,514.9991455078125,40.714324951171875,True,0.2152445652173913,403.6952209472656,60.336666107177734,3.2996444702148438,0.08104381917490325,5.841088415519593,69.22174072265625,0.0,0.0,0.0,False,0,"['jpeg_blockiness', 'worst_quality_percentile']",False,0.6611777104465814,jpeg_blockiness;worst_quality_percentile
2809,train,51,female,caucasian,slightlyhappy,/home/fox/Desktop/Projects/Amrita RLHF/Diffusion_RL_Abi/datasets/appa-real-dataset_v2/train_data/002809.jpg,False,1423.0533447265625,80.0142822265625,True,0.0014814814814814814,14.025936126708984,48.18964767456055,0.08186721801757812,0.0010231575503309703,2.563821949516755,8.3304443359375,0.0,0.0,0.0,False,0,['roi_blur_laplacian'],False,0.4502700566460282,roi_blur_laplacian
2819,train,16,female,caucasian,slightlyhappy,/home/fox/Desktop/Projects/Amrita RLHF/Diffusion_RL_Abi/datasets/appa-real-dataset_v2/train_data/002819.jpg,False,496.7822265625,50.18440246582031,True,0.29675997926386727,591.589111328125,66.12023162841797,0.21175289154052734,0.0042194960369459885,3.8885903852210877,16.40472412109375,0.5,0.2624562597200622,1.0,True,1,['black_bars_area'],False,0.47060428703163515,black_bars_area
2822,train,42,male,caucasian,neutral,/home/fox/Desktop/Projects/Amrita RLHF/Diffusion_RL_Abi/datasets/appa-real-dataset_v2/train_data/002822.jpg,False,4796.78564453125,55.457374572753906,True,0.2097892030848329,862.5259399414062,63.29052734375,-0.12969255447387695,-0.002338598845229067,8.76068141074436,121.7509765625,0.0,0.0,0.0,False,0,['brisque'],False,0.4536575267704236,brisque
2826,train,17,male,caucasian,neutral,/home/fox/Desktop/Projects/Amrita RLHF/Diffusion_RL_Abi/datasets/appa-real-dataset_v2/train_data/002826.jpg,False,20.590896606445312,25.896696090698242,True,0.3428032435124634,26.77053451538086,35.7459716796875,0.20479226112365723,0.007908045586138317,8.464328993570753,65.62103271484375,0.0,0.0,0.0,False,0,['worst_quality_percentile'],False,0.8108662513879219,worst_quality_percentile
2828,train,21,male,caucasian,slightlyhappy,/home/fox/Desktop/Projects/Amrita RLHF/Diffusion_RL_Abi/datasets/appa-real-dataset_v2/train_data/002828.jpg,False,690.739990234375,56.7148323059082,True,0.003713991769547325,6.187578201293945,31.169883728027344,-0.05250740051269531,-0.0009258142438589415,2.8830060864202465,9.15155029296875,0.0,0.0,0.0,False,0,['roi_blur_laplacian'],False,0.4594726838173024,roi_blur_laplacian
2829,train,23,female,caucasian,neutral,/home/fox/Desktop/Projects/Amrita RLHF/Diffusion_RL_Abi/datasets/appa-real-dataset_v2/train_data/002829.jpg,False,157.90135192871094,33.452857971191406,True,0.08761566738496641,75.13650512695312,34.63935852050781,0.1353304386138916,0.004045407261915464,5.602302970380161,34.8502197265625,0.0,0.0,0.0,False,0,['worst_quality_percentile'],False,0.6633983853059073,worst_quality_percentile
2832,train,18,male,asian,slightlyhappy,/home/fox/Desktop/Projects/Amrita RLHF/Diffusion_RL_Abi/datasets/appa-real-dataset_v2/train_data/002832.jpg,False,1291.6722412109375,57.92770767211914,True,0.05734126984126984,223.39341735839844,59.531715393066406,0.11759805679321289,0.0020300830032625363,4.37040393395724,24.0023193359375,0.5,0.22847222222222222,1.0,True,1,['black_bars_area'],False,0.539426388392269,black_bars_area
2834,train,24,male,caucasian,other,/home/fox/Desktop/Projects/Amrita RLHF/Diffusion_RL_Abi/datasets/appa-real-dataset_v2/train_data/002834.jpg,False,58.88185501098633,38.674598693847656,True,0.2257934711533625,37.93518829345703,49.690826416015625,0.03615546226501465,0.0009348632578287876,8.591925136640393,65.62847900390625,0.4560283687943263,0.07368844625521855,0.5602836879432624,True,1,['worst_quality_percentile'],False,0.7571183920808477,worst_quality_percentile
2835,train,21,male,asian,neutral,/home/fox/Desktop/Projects/Amrita RLHF/Diffusion_RL_Abi/datasets/appa-real-dataset_v2/train_data/002835.jpg,False,27.057029724121094,29.305688858032227,True,0.26736466389054137,24.150859832763672,33.21662902832031,0.06797552108764648,0.002319533217506411,8.281224167227853,59.82879638671875,0.0,0.0,0.0,False,0,['worst_quality_percentile'],False,0.7481604155296687,worst_quality_percentile
2836,train,17,female,caucasian,slightlyhappy,/home/fox/Desktop/Projects/Amrita RLHF/Diffusion_RL_Abi/datasets/appa-real-dataset_v2/train_data/002836.jpg,False,217.11367797851562,38.321441650390625,True,0.2927379501385042,191.09605407714844,51.32661437988281,-0.025307893753051758,-0.0006604107779536789,6.6564368859966665,48.15557861328125,0.5,0.34638005540166206,1.0,True,1,['black_bars_area'],False,0.624903551197847,black_bars_area
2843,train,28,female,caucasian,slightlyhappy,/home/fox/Desktop/Projects/Amrita RLHF/Diffusion_RL_Abi/datasets/appa-real-dataset_v2/train_data/002843.jpg,False,230.3180694580078,43.49327850341797,True,0.003811904061830554,4.229648590087891,27.795785903930664,3.7435615062713623,0.08607218285246047,5.054939971247501,35.01385498046875,0.08802005012531329,0.04473824225367889,0.40100250626566414,False,2,"['roi_blur_laplacian', 'jpeg_blockiness', 'worst_quality_percentile']",False,0.8553926642452528,roi_blur_laplacian;jpeg_blockiness;worst_quality_percentile
2846,train,65,male,caucasian,slightlyhappy,/home/fox/Desktop/Projects/Amrita RLHF/Diffusion_RL_Abi/datasets/appa-real-dataset_v2/train_data/002846.jpg,False,11.313140869140625,29.20448875427246,False,0.0,15.47365951538086,34.0109748840332,0.11042571067810059,0.003781121040197112,11.387198760733828,78.238525390625,0.09310344827586209,0.13706896551724138,0.6551724137931034,False,1,"['niqe', 'brisque', 'worst_quality_percentile']",False,0.849728061426125,niqe;brisque;worst_quality_percentile
2847,train,1,female,caucasian,neutral,/home/fox/Desktop/Projects/Amrita RLHF/Diffusion_RL_Abi/datasets/appa-real-dataset_v2/train_data/002847.jpg,False,172.05430603027344,43.602272033691406,True,0.1753515625,34.28013610839844,35.81669616699219,-0.10311722755432129,-0.002364950732606137,7.391319212426803,57.442626953125,0.09512500000000002,0.09921875,0.75625,False,1,['worst_quality_percentile'],False,0.715715979449348,worst_quality_percentile
2848,train,5,female,caucasian,slightlyhappy,/home/fox/Desktop/Projects/Amrita RLHF/Diffusion_RL_Abi/datasets/appa-real-dataset_v2/train_data/002848.jpg,False,529.58544921875,78.85398864746094,True,0.07995243757431629,13.635480880737305,41.863067626953125,-0.4434638023376465,-0.005623860052234223,7.485254900469397,54.41326904296875,0.0,0.0,0.0,False,0,['roi_blur_laplacian'],False,0.5873685002916987,roi_blur_laplacian
2854,train,38,female,caucasian,neutral,/home/fox/Desktop/Projects/Amrita RLHF/Diffusion_RL_Abi/datasets/appa-real-dataset_v2/train_data/002854.jpg,False,16.272897720336914,31.424301147460938,True,0.3906133766145939,34.11451721191406,38.7352180480957,-0.03846478462219238,-0.0012240457860191595,10.392414197310249,71.4207763671875,0.0,0.0,0.0,False,0,['worst_quality_percentile'],False,0.6840619530647195,worst_quality_percentile
2868,train,47,female,caucasian,slightlyhappy,/home/fox/Desktop/Projects/Amrita RLHF/Diffusion_RL_Abi/datasets/appa-real-dataset_v2/train_data/002868.jpg,False,101.78164672851562,31.8265438079834,True,0.007874531835205992,9.17265510559082,28.482036590576172,-0.02985215187072754,-0.0009379639559000887,5.888323416991343,4.9967041015625,0.0926741573033708,0.12928370786516855,0.6337078651685393,False,1,['roi_blur_laplacian'],False,0.6165195626399684,roi_blur_laplacian
2871,train,56,male,caucasian,neutral,/home/fox/Desktop/Projects/Amrita RLHF/Diffusion_RL_Abi/datasets/appa-real-dataset_v2/train_data/002871.jpg,False,154.74249267578125,50.8839225769043,True,0.0929506246281975,14.215624809265137,28.040203094482422,-0.04131603240966797,-0.0008119663246334429,6.262276177361717,45.47869873046875,0.0,0.0,0.0,False,0,"['roi_blur_laplacian', 'worst_quality_percentile']",False,0.6479101191260327,roi_blur_laplacian;worst_quality_percentile
2874,train,17,male,caucasian,neutral,/home/fox/Desktop/Projects/Amrita RLHF/Diffusion_RL_Abi/datasets/appa-real-dataset_v2/train_data/002874.jpg,False,75.1896743774414,21.52826499938965,True,0.11505208333333333,56.360469818115234,31.929100036621094,-0.08224320411682129,-0.0038202428434855355,6.423660661730704,31.18121337890625,0.09629166666666668,0.06885416666666666,0.8145833333333333,False,1,['worst_quality_percentile'],False,0.6387639497901649,worst_quality_percentile
2876,train,22,female,caucasian,slightlyhappy,/home/fox/Desktop/Projects/Amrita RLHF/Diffusion_RL_Abi/datasets/appa-real-dataset_v2/train_data/002876.jpg,False,212.55906677246094,64.20403289794922,True,0.2966237942122186,111.18891906738281,46.47474670410156,0.1575918197631836,0.0024545470151248134,6.733056790739795,54.13214111328125,0.4384146341463415,0.051682221002274334,0.38414634146341464,True,1,['worst_quality_percentile'],False,0.7421382464196323,worst_quality_percentile
2886,train,2,male,caucasian,slightlyhappy,/home/fox/Desktop/Projects/Amrita RLHF/Diffusion_RL_Abi/datasets/appa-real-dataset_v2/train_data/002886.jpg,False,500.7838439941406,70.92985534667969,True,0.1648852157943067,55.16510772705078,42.34730529785156,0.23667383193969727,0.0033367307383638353,7.067530340366085,48.93426513671875,0.0,0.0,0.0,False,0,['worst_quality_percentile'],False,0.7157912565632234,worst_quality_percentile
2889,train,5,male,caucasian,slightlyhappy,/home/fox/Desktop/Projects/Amrita RLHF/Diffusion_RL_Abi/datasets/appa-real-dataset_v2/train_data/002889.jpg,False,933.4677734375,100.17688751220703,True,0.07085554577920397,20.557458877563477,45.31303787231445,0.5072927474975586,0.005063969893971528,7.7874197059577615,58.25201416015625,0.0,0.0,0.0,False,0,['worst_quality_percentile'],False,0.7887535991870072,worst_quality_percentile
2891,train,25,male,caucasian,other,/home/fox/Desktop/Projects/Amrita RLHF/Diffusion_RL_Abi/datasets/appa-real-dataset_v2/train_data/002891.jpg,False,363.81268310546875,37.458580017089844,True,0.1296,86.05732727050781,55.86857604980469,0.26586484909057617,0.00709756861770284,7.160528136917474,49.1046142578125,0.0,0.0,0.0,False,0,['worst_quality_percentile'],False,0.6870448087020344,worst_quality_percentile
2897,train,44,female,caucasian,slightlyhappy,/home/fox/Desktop/Projects/Amrita RLHF/Diffusion_RL_Abi/datasets/appa-real-dataset_v2/train_data/002897.jpg,False,80.73631286621094,44.764869689941406,True,0.18253521126760563,64.02488708496094,55.96364212036133,0.11568355560302734,0.002584248626658521,7.787663798914943,61.34246826171875,0.0,0.0,0.0,False,0,['worst_quality_percentile'],False,0.6689877110111598,worst_quality_percentile
2898,train,24,female,asian,slightlyhappy,/home/fox/Desktop/Projects/Amrita RLHF/Diffusion_RL_Abi/datasets/appa-real-dataset_v2/train_data/002898.jpg,False,142.8665008544922,40.81399154663086,True,0.3761138916015625,107.3536148071289,42.56736755371094,0.1831221580505371,0.004486749436270322,5.2433691750014315,40.20257568359375,0.436328125,0.047969818115234375,0.36328125,True,1,['worst_quality_percentile'],False,0.7226602932043585,worst_quality_percentile
2901,train,16,male,caucasian,slightlyhappy,/home/fox/Desktop/Projects/Amrita RLHF/Diffusion_RL_Abi/datasets/appa-real-dataset_v2/train_data/002901.jpg,False,783.0339965820312,62.72352600097656,True,0.06491803278688525,146.1470489501953,77.2905044555664,0.3929867744445801,0.006265380683048349,6.138523502429019,37.079345703125,0.2,0.06092399403874814,1.0,False,1,['worst_quality_percentile'],False,0.6628149876733727,worst_quality_percentile
2902,train,52,female,caucasian,slightlyhappy,/home/fox/Desktop/Projects/Amrita RLHF/Diffusion_RL_Abi/datasets/appa-real-dataset_v2/train_data/002902.jpg,False,81.47622680664062,20.68389892578125,True,0.26479600694444444,42.041404724121094,32.271244049072266,0.09233629703521729,0.004464162820674141,6.40027948007869,34.2020263671875,0.5,0.2731803385416667,1.0,True,1,"['black_bars_area', 'worst_quality_percentile']",False,0.7733876583171801,black_bars_area;worst_quality_percentile
2904,train,23,female,caucasian,neutral,/home/fox/Desktop/Projects/Amrita RLHF/Diffusion_RL_Abi/datasets/appa-real-dataset_v2/train_data/002904.jpg,False,654.405029296875,41.12825393676758,True,0.29296875,608.406494140625,53.70502853393555,-0.17887639999389648,-0.004349233884805205,4.787406207582197,26.620849609375,0.5,0.2544444444444444,1.0,True,1,['black_bars_area'],False,0.4228033197207219,black_bars_area
2906,train,38,male,caucasian,neutral,/home/fox/Desktop/Projects/Amrita RLHF/Diffusion_RL_Abi/datasets/appa-real-dataset_v2/train_data/002906.jpg,False,225.8619384765625,36.30592727661133,True,0.05494914720309617,19.405305862426758,24.919153213500977,0.13530659675598145,0.0037268458122071326,6.161199310030425,36.721435546875,0.0,0.0,0.0,False,0,['worst_quality_percentile'],False,0.7111805333383519,worst_quality_percentile
2914,train,4,male,asian,other,/home/fox/Desktop/Projects/Amrita RLHF/Diffusion_RL_Abi/datasets/appa-real-dataset_v2/train_data/002914.jpg,False,32.10926055908203,29.67597770690918,False,0.0,92.61654663085938,47.760284423828125,0.09743428230285645,0.0032832710679958715,8.591597289573784,66.2513427734375,0.43241758241758244,0.049589902850772416,0.3241758241758242,True,1,['worst_quality_percentile'],False,0.7753542729171763,worst_quality_percentile
2916,train,18,female,caucasian,slightlyhappy,/home/fox/Desktop/Projects/Amrita RLHF/Diffusion_RL_Abi/datasets/appa-real-dataset_v2/train_data/002916.jpg,False,142.06167602539062,36.76093292236328,True,0.0225,8.802889823913574,23.80050277709961,0.36470794677734375,0.009921074027868373,4.206586713260996,16.61029052734375,0.0,0.0,0.0,False,0,"['roi_blur_laplacian', 'worst_quality_percentile']",False,0.6803921937632911,roi_blur_laplacian;worst_quality_percentile
2922,train,16,male,caucasian,happy,/home/fox/Desktop/Projects/Amrita RLHF/Diffusion_RL_Abi/datasets/appa-real-dataset_v2/train_data/002922.jpg,False,36.23133850097656,39.29262924194336,True,0.2607514712539611,19.124547958374023,43.56096649169922,0.029988527297973633,0.0007632099738123931,9.019663103121312,69.4052734375,0.0,0.0,0.0,False,0,['worst_quality_percentile'],False,0.7082823644541468,worst_quality_percentile
2931,train,56,female,caucasian,slightlyhappy,/home/fox/Desktop/Projects/Amrita RLHF/Diffusion_RL_Abi/datasets/appa-real-dataset_v2/train_data/002931.jpg,False,30.047653198242188,22.049053192138672,True,0.19866133333333333,46.875205993652344,29.710033416748047,0.17953622341156006,0.008142581620374971,6.884848409629952,51.25390625,0.0,0.0,0.0,False,0,['worst_quality_percentile'],False,0.7700660556674258,worst_quality_percentile
2932,train,41,male,caucasian,slightlyhappy,/home/fox/Desktop/Projects/Amrita RLHF/Diffusion_RL_Abi/datasets/appa-real-dataset_v2/train_data/002932.jpg,False,194.435302734375,38.80229187011719,True,0.5248197530864197,160.88897705078125,34.82131576538086,0.4288041591644287,0.011051000532359358,6.7579581405088325,50.43853759765625,0.0,0.0,0.0,False,0,['worst_quality_percentile'],False,0.7548036208291773,worst_quality_percentile
2934,train,40,female,caucasian,happy,/home/fox/Desktop/Projects/Amrita RLHF/Diffusion_RL_Abi/datasets/appa-real-dataset_v2/train_data/002934.jpg,False,117.37933349609375,39.126617431640625,True,0.2638961226851852,106.03752899169922,41.356781005859375,0.07267451286315918,0.0018574187030788558,5.067148096541629,29.41143798828125,0.0863888888888889,0.04150752314814815,0.3194444444444444,False,1,['worst_quality_percentile'],False,0.6402694920676743,worst_quality_percentile
2935,train,1,male,caucasian,other,/home/fox/Desktop/Projects/Amrita RLHF/Diffusion_RL_Abi/datasets/appa-real-dataset_v2/train_data/002935.jpg,False,115.84626770019531,37.835296630859375,True,0.17701516954193933,49.88542938232422,43.961219787597656,-0.12311553955078125,-0.0032539862842354194,7.467769758209169,56.698486328125,0.08963414634146342,0.1281603212373587,0.4817073170731707,False,1,['worst_quality_percentile'],False,0.6720176148446467,worst_quality_percentile
2938,train,20,female,caucasian,happy,/home/fox/Desktop/Projects/Amrita RLHF/Diffusion_RL_Abi/datasets/appa-real-dataset_v2/train_data/002938.jpg,False,1411.4171142578125,101.90697479248047,True,0.003512272853529816,8.023826599121094,29.574926376342773,0.5096282958984375,0.005000916688335698,2.651708804194908,17.74090576171875,0.08825607064017661,0.06857886350013888,0.41280353200883,False,1,"['roi_blur_laplacian', 'worst_quality_percentile']",False,0.6766283380695184,roi_blur_laplacian;worst_quality_percentile
2948,train,39,female,caucasian,happy,/home/fox/Desktop/Projects/Amrita RLHF/Diffusion_RL_Abi/datasets/appa-real-dataset_v2/train_data/002948.jpg,False,436.8099365234375,44.720645904541016,True,0.0075,7.2951436042785645,22.2863826751709,0.07198977470397949,0.0016097659512315668,4.195302420615389,37.62591552734375,0.0,0.0,0.0,False,0,"['roi_blur_laplacian', 'worst_quality_percentile']",False,0.6355458531719894,roi_blur_laplacian;worst_quality_percentile
2949,train,39,female,caucasian,happy,/home/fox/Desktop/Projects/Amrita RLHF/Diffusion_RL_Abi/datasets/appa-real-dataset_v2/train_data/002949.jpg,False,270.2308349609375,39.906925201416016,True,0.011052385719052385,6.54970645904541,17.16924285888672,-0.16372323036193848,-0.004102626935875836,4.862769098493685,15.9371337890625,0.0,0.0,0.0,False,0,"['roi_blur_tenengrad', 'roi_blur_laplacian']",False,0.5160246156162372,roi_blur_tenengrad;roi_blur_laplacian
2951,train,47,female,caucasian,happy,/home/fox/Desktop/Projects/Amrita RLHF/Diffusion_RL_Abi/datasets/appa-real-dataset_v2/train_data/002951.jpg,False,137.98155212402344,38.23731231689453,True,0.2774069954270177,92.18527221679688,43.93856430053711,0.13248229026794434,0.0034647384655398686,6.606068244942658,42.5201416015625,0.0,0.0,0.0,False,0,['worst_quality_percentile'],False,0.6588253006379736,worst_quality_percentile
2954,train,35,female,afroamerican,happy,/home/fox/Desktop/Projects/Amrita RLHF/Diffusion_RL_Abi/datasets/appa-real-dataset_v2/train_data/002954.jpg,False,36.35972595214844,32.874969482421875,True,0.43367043426531826,50.890419006347656,41.80827331542969,-0.049303531646728516,-0.0014997285449454907,8.416349849336621,60.49603271484375,0.0,0.0,0.0,False,0,['worst_quality_percentile'],False,0.6539887460714756,worst_quality_percentile
2955,train,32,male,caucasian,neutral,/home/fox/Desktop/Projects/Amrita RLHF/Diffusion_RL_Abi/datasets/appa-real-dataset_v2/train_data/002955.jpg,False,653.882080078125,59.79963302612305,True,0.05750898203592814,57.864688873291016,77.14396667480469,0.6384663581848145,0.010676760294317269,6.8591594995632335,53.87933349609375,0.0,0.0,0.0,False,0,['worst_quality_percentile'],False,0.6937350621977154,worst_quality_percentile
2959,train,30,female,caucasian,slightlyhappy,/home/fox/Desktop/Projects/Amrita RLHF/Diffusion_RL_Abi/datasets/appa-real-dataset_v2/train_data/002959.jpg,False,62.471797943115234,23.346370697021484,True,0.17885850694444444,62.44120788574219,39.2064094543457,0.3202016353607178,0.013715263318692423,5.355207665839995,34.3330078125,0.0,0.0,0.0,False,0,['worst_quality_percentile'],False,0.7161488228541317,worst_quality_percentile
2960,train,34,female,caucasian,happy,/home/fox/Desktop/Projects/Amrita RLHF/Diffusion_RL_Abi/datasets/appa-real-dataset_v2/train_data/002960.jpg,False,548.9749755859375,49.036190032958984,True,0.14324122299382716,609.6802368164062,81.87614440917969,2.412349224090576,0.04919528155172472,5.3922523123800055,37.41278076171875,0.0,0.0,0.0,False,0,['jpeg_blockiness'],False,0.5551875341099423,jpeg_blockiness
2961,train,23,female,caucasian,happy,/home/fox/Desktop/Projects/Amrita RLHF/Diffusion_RL_Abi/datasets/appa-real-dataset_v2/train_data/002961.jpg,False,15.421961784362793,33.560726165771484,True,0.3136,6.624485492706299,24.894084930419922,-0.11444735527038574,-0.00341015719668644,10.941797219862515,74.4521484375,0.0,0.0,0.0,False,0,"['roi_blur_laplacian', 'niqe', 'brisque', 'worst_quality_percentile']",False,0.6871294954551442,roi_blur_laplacian;niqe;brisque;worst_quality_percentile
2963,train,40,female,caucasian,happy,/home/fox/Desktop/Projects/Amrita RLHF/Diffusion_RL_Abi/datasets/appa-real-dataset_v2/train_data/002963.jpg,False,570.6176147460938,90.20789337158203,True,0.10807492295839753,128.0689239501953,55.463043212890625,1.790722370147705,0.01985106051551772,4.217879650720731,30.5537109375,0.08584745762711865,0.04460588405238829,0.2923728813559322,False,1,['worst_quality_percentile'],False,0.6850029169881627,worst_quality_percentile
2965,train,21,female,caucasian,happy,/home/fox/Desktop/Projects/Amrita RLHF/Diffusion_RL_Abi/datasets/appa-real-dataset_v2/train_data/002965.jpg,False,85.57533264160156,35.94858932495117,True,0.38266782407407407,155.08612060546875,49.802879333496094,0.2591235637664795,0.00720817037397506,6.310490222544021,36.21038818359375,0.0,0.0,0.0,False,0,['worst_quality_percentile'],False,0.646366938291586,worst_quality_percentile
2969,train,34,female,caucasian,happy,/home/fox/Desktop/Projects/Amrita RLHF/Diffusion_RL_Abi/datasets/appa-real-dataset_v2/train_data/002969.jpg,False,60.58003234863281,46.398651123046875,True,0.4175147928994083,54.530853271484375,43.588260650634766,-0.19200921058654785,-0.0041382497508192515,8.876121193078145,65.8607177734375,0.08861538461538462,0.04810650887573965,0.4307692307692308,False,1,['worst_quality_percentile'],False,0.6717917835030205,worst_quality_percentile
2971,train,31,female,caucasian,happy,/home/fox/Desktop/Projects/Amrita RLHF/Diffusion_RL_Abi/datasets/appa-real-dataset_v2/train_data/002971.jpg,False,405.8721008300781,54.924705505371094,True,0.21198350694444446,129.92910766601562,45.07388687133789,0.9040155410766602,0.016459178366082964,5.017729976634322,19.64556884765625,0.0,0.0,0.0,False,0,['worst_quality_percentile'],False,0.6575644089805597,worst_quality_percentile
2972,train,32,female,caucasian,slightlyhappy,/home/fox/Desktop/Projects/Amrita RLHF/Diffusion_RL_Abi/datasets/appa-real-dataset_v2/train_data/002972.jpg,False,98.4542465209961,65.60255432128906,True,0.25436672967863894,39.693939208984375,52.62175750732422,0.07814216613769531,0.0011911451582182035,7.901537087716846,61.07647705078125,0.0,0.0,0.0,False,0,['worst_quality_percentile'],False,0.6715283136044564,worst_quality_percentile
2973,train,44,female,caucasian,slightlyhappy,/home/fox/Desktop/Projects/Amrita RLHF/Diffusion_RL_Abi/datasets/appa-real-dataset_v2/train_data/002973.jpg,False,114.85527038574219,26.770204544067383,True,0.18141289437585734,33.21430206298828,24.524389266967773,0.13363122940063477,0.0049917894422087895,5.291814538750275,22.20660400390625,0.0,0.0,0.0,False,0,['worst_quality_percentile'],False,0.665920168620735,worst_quality_percentile
2975,train,29,male,asian,neutral,/home/fox/Desktop/Projects/Amrita RLHF/Diffusion_RL_Abi/datasets/appa-real-dataset_v2/train_data/002975.jpg,False,455.5775451660156,34.890811920166016,True,0.19879339801086093,66.71488952636719,32.55619812011719,5.505230188369751,0.1577845205546319,5.805473412057274,33.70806884765625,1.0,0.05233845872231375,1.0,True,2,"['jpeg_blockiness', 'black_bars_score', 'worst_quality_percentile']",False,0.8578203511677361,jpeg_blockiness;black_bars_score;worst_quality_percentile
2977,train,15,male,caucasian,slightlyhappy,/home/fox/Desktop/Projects/Amrita RLHF/Diffusion_RL_Abi/datasets/appa-real-dataset_v2/train_data/002977.jpg,False,130.50830078125,45.65407180786133,True,0.3659169722576531,55.43983840942383,35.578094482421875,0.6769967079162598,0.014828834894215296,6.250683881971438,31.65997314453125,0.0,0.0,0.0,False,0,['worst_quality_percentile'],False,0.7606375971545251,worst_quality_percentile
2982,train,30,female,caucasian,slightlyhappy,/home/fox/Desktop/Projects/Amrita RLHF/Diffusion_RL_Abi/datasets/appa-real-dataset_v2/train_data/002982.jpg,False,427.55072021484375,46.164588928222656,True,0.0077013333333333335,5.598515510559082,14.589305877685547,-0.1670832633972168,-0.003619294867711382,3.470016185488371,9.207275390625,0.08902000000000002,0.122596,0.451,False,1,"['roi_blur_tenengrad', 'roi_blur_laplacian']",False,0.5105293863033291,roi_blur_tenengrad;roi_blur_laplacian
2983,train,48,female,caucasian,neutral,/home/fox/Desktop/Projects/Amrita RLHF/Diffusion_RL_Abi/datasets/appa-real-dataset_v2/train_data/002983.jpg,False,89.02450561523438,42.25248718261719,False,0.0,102.76390838623047,52.70582962036133,0.38014793395996094,0.00899705438214536,8.19277657197911,55.669189453125,0.0,0.0,0.0,False,0,['worst_quality_percentile'],False,0.739409451041647,worst_quality_percentile
2988,train,25,male,caucasian,other,/home/fox/Desktop/Projects/Amrita RLHF/Diffusion_RL_Abi/datasets/appa-real-dataset_v2/train_data/002988.jpg,False,74.88946533203125,30.533884048461914,True,0.168,34.11100769042969,28.536909103393555,0.14412403106689453,0.004720134068696066,7.607201202291023,55.857177734375,0.09785714285714286,0.2519523809523809,0.8928571428571429,False,2,['worst_quality_percentile'],False,0.8462464949093852,worst_quality_percentile
2998,train,33,female,caucasian,slightlyhappy,/home/fox/Desktop/Projects/Amrita RLHF/Diffusion_RL_Abi/datasets/appa-real-dataset_v2/train_data/002998.jpg,False,97.43038940429688,23.314926147460938,True,0.08287671232876713,58.1579475402832,35.46388244628906,0.05537223815917969,0.002374969383732768,6.302191034997174,39.64971923828125,0.0,0.0,0.0,False,0,['worst_quality_percentile'],False,0.6588064813595046,worst_quality_percentile
3001,train,25,male,caucasian,neutral,/home/fox/Desktop/Projects/Amrita RLHF/Diffusion_RL_Abi/datasets/appa-real-dataset_v2/train_data/003001.jpg,False,162.0687713623047,21.454708099365234,True,0.11505208333333333,175.72300720214844,32.5098991394043,0.05086922645568848,0.0023710051821300856,6.99919103148853,48.31976318359375,0.0,0.0,0.0,False,0,['worst_quality_percentile'],False,0.6549861678303254,worst_quality_percentile
3003,train,15,female,caucasian,neutral,/home/fox/Desktop/Projects/Amrita RLHF/Diffusion_RL_Abi/datasets/appa-real-dataset_v2/train_data/003003.jpg,False,39.82324981689453,27.15338897705078,True,0.21333333333333335,15.607314109802246,28.961214065551758,0.05978202819824219,0.002201641424837493,6.082779310851031,45.8109130859375,0.0,0.0,0.0,False,0,['worst_quality_percentile'],False,0.6945066526149387,worst_quality_percentile
3014,train,49,female,caucasian,neutral,/home/fox/Desktop/Projects/Amrita RLHF/Diffusion_RL_Abi/datasets/appa-real-dataset_v2/train_data/003014.jpg,False,101.6644058227539,39.59701919555664,True,0.07453853741017331,18.980266571044922,33.361507415771484,0.007733583450317383,0.00019530720776775025,6.411054455872011,50.7640380859375,0.0,0.0,0.0,False,0,['worst_quality_percentile'],False,0.6723940004140241,worst_quality_percentile
3015,train,34,male,caucasian,slightlyhappy,/home/fox/Desktop/Projects/Amrita RLHF/Diffusion_RL_Abi/datasets/appa-real-dataset_v2/train_data/003015.jpg,False,92.92240905761719,48.24690628051758,False,0.0,99.9106216430664,57.861114501953125,0.7584671974182129,0.015720535059549547,8.461883537245434,63.558837890625,0.0,0.0,0.0,False,0,['worst_quality_percentile'],False,0.759828368180364,worst_quality_percentile
3017,train,20,male,caucasian,slightlyhappy,/home/fox/Desktop/Projects/Amrita RLHF/Diffusion_RL_Abi/datasets/appa-real-dataset_v2/train_data/003017.jpg,False,38.298011779785156,37.102943420410156,True,0.4156165060538671,47.945838928222656,43.29103088378906,0.09379720687866211,0.002528025965159377,8.53185864857056,68.09375,0.0,0.0,0.0,False,0,['worst_quality_percentile'],False,0.7251444379622486,worst_quality_percentile
3022,train,31,male,caucasian,neutral,/home/fox/Desktop/Projects/Amrita RLHF/Diffusion_RL_Abi/datasets/appa-real-dataset_v2/train_data/003022.jpg,False,841.7723388671875,71.81584930419922,True,0.032841669685932766,20.135292053222656,27.43597412109375,0.7524046897888184,0.010476861119122943,4.118674032524588,6.04937744140625,0.0,0.0,0.0,False,0,['worst_quality_percentile'],False,0.6594086982705083,worst_quality_percentile
3026,train,23,female,asian,slightlyhappy,/home/fox/Desktop/Projects/Amrita RLHF/Diffusion_RL_Abi/datasets/appa-real-dataset_v2/train_data/003026.jpg,False,20.78638458251953,24.741365432739258,True,0.2636403453885621,38.089111328125,34.78156661987305,0.10743510723114014,0.00434232715170394,8.217608995292018,59.6790771484375,0.0,0.0,0.0,False,0,['worst_quality_percentile'],False,0.7643449950128911,worst_quality_percentile
3031,train,27,male,caucasian,neutral,/home/fox/Desktop/Projects/Amrita RLHF/Diffusion_RL_Abi/datasets/appa-real-dataset_v2/train_data/003031.jpg,False,563.1636962890625,35.609683990478516,True,0.04356733174690341,60.54776382446289,45.097877502441406,-0.6046946048736572,-0.01698118377164368,4.809598036025048,69.4189453125,1.0,0.17496491549209836,1.0,True,3,['black_bars_score'],False,0.5793138491070253,black_bars_score
3035,train,23,male,asian,slightlyhappy,/home/fox/Desktop/Projects/Amrita RLHF/Diffusion_RL_Abi/datasets/appa-real-dataset_v2/train_data/003035.jpg,False,58.451576232910156,18.925697326660156,True,0.3073015122873346,48.730995178222656,22.40304946899414,0.28343188762664795,0.014976033260943643,6.66755696258692,28.572021484375,0.0,0.0,0.0,False,0,['worst_quality_percentile'],False,0.7565914522837195,worst_quality_percentile
3045,train,35,male,caucasian,neutral,/home/fox/Desktop/Projects/Amrita RLHF/Diffusion_RL_Abi/datasets/appa-real-dataset_v2/train_data/003045.jpg,False,219.5452423095703,35.76449203491211,True,0.000732421875,2.3268744945526123,17.387754440307617,0.028652191162109375,0.0008011351128097932,4.747741403080105,37.87738037109375,0.0,0.0,0.0,False,0,"['roi_blur_tenengrad', 'roi_blur_laplacian', 'worst_quality_percentile']",False,0.6435816850781941,roi_blur_tenengrad;roi_blur_laplacian;worst_quality_percentile
3067,train,39,female,caucasian,slightlyhappy,/home/fox/Desktop/Projects/Amrita RLHF/Diffusion_RL_Abi/datasets/appa-real-dataset_v2/train_data/003067.jpg,False,73.26216888427734,25.86933708190918,True,0.056738382658359295,18.899333953857422,25.577573776245117,0.11896371841430664,0.004598637894701286,5.592616639053609,51.79034423828125,0.4668224299065421,0.079442497403946,0.6682242990654206,True,1,['worst_quality_percentile'],False,0.8125035286147128,worst_quality_percentile
3070,train,39,male,caucasian,other,/home/fox/Desktop/Projects/Amrita RLHF/Diffusion_RL_Abi/datasets/appa-real-dataset_v2/train_data/003070.jpg,False,534.5626220703125,66.67257690429688,True,0.09782840730462458,36.407344818115234,38.8274040222168,1.1289114952087402,0.016932171076828647,6.542832816708366,49.8433837890625,0.0,0.0,0.0,False,0,['worst_quality_percentile'],False,0.8082503716807496,worst_quality_percentile
3071,train,23,female,caucasian,happy,/home/fox/Desktop/Projects/Amrita RLHF/Diffusion_RL_Abi/datasets/appa-real-dataset_v2/train_data/003071.jpg,False,118.70352935791016,37.76326370239258,True,0.20540833333333333,74.1351089477539,49.084320068359375,0.43224239349365234,0.011446107663097959,6.208941893826379,53.9981689453125,0.5,0.22912708333333334,1.0,True,3,"['black_bars_area', 'worst_quality_percentile']",False,0.8201347460338371,black_bars_area;worst_quality_percentile
3072,train,60,male,caucasian,neutral,/home/fox/Desktop/Projects/Amrita RLHF/Diffusion_RL_Abi/datasets/appa-real-dataset_v2/train_data/003072.jpg,False,586.826416015625,55.93112564086914,True,0.05042782394582949,4.225546836853027,22.962543487548828,-0.3272666931152344,-0.005851244428108821,4.910061865636612,43.92791748046875,0.0,0.0,0.0,False,0,['roi_blur_laplacian'],False,0.5547358714266896,roi_blur_laplacian
3073,train,20,female,caucasian,slightlyhappy,/home/fox/Desktop/Projects/Amrita RLHF/Diffusion_RL_Abi/datasets/appa-real-dataset_v2/train_data/003073.jpg,False,149.0911865234375,36.61117935180664,True,0.024450231481481483,12.264910697937012,15.850245475769043,-0.17033028602600098,-0.00465241176026699,4.728523441984145,20.63653564453125,0.0,0.0,0.0,False,0,"['roi_blur_tenengrad', 'roi_blur_laplacian']",False,0.5187910495511602,roi_blur_tenengrad;roi_blur_laplacian
3079,train,19,female,caucasian,happy,/home/fox/Desktop/Projects/Amrita RLHF/Diffusion_RL_Abi/datasets/appa-real-dataset_v2/train_data/003079.jpg,False,217.6365203857422,45.49196243286133,True,0.06445475260416667,58.437381744384766,38.01087951660156,0.7267682552337646,0.015975750448897538,5.275825101623081,43.98583984375,0.0,0.0,0.0,False,0,['worst_quality_percentile'],False,0.7589062235353897,worst_quality_percentile
3081,train,54,female,caucasian,happy,/home/fox/Desktop/Projects/Amrita RLHF/Diffusion_RL_Abi/datasets/appa-real-dataset_v2/train_data/003081.jpg,False,101.1345443725586,47.19530487060547,True,0.2979340277777778,55.9520263671875,44.950321197509766,0.012398958206176758,0.0002627159200995701,6.960776137142555,54.98779296875,0.0,0.0,0.0,False,0,['worst_quality_percentile'],False,0.6465363117978057,worst_quality_percentile
3082,train,1,female,caucasian,neutral,/home/fox/Desktop/Projects/Amrita RLHF/Diffusion_RL_Abi/datasets/appa-real-dataset_v2/train_data/003082.jpg,False,439.2123107910156,74.10858154296875,True,0.13503411235302656,22.62453842163086,32.991275787353516,-0.0034689903259277344,-4.680956249455164e-05,6.9302031549722,50.30255126953125,0.0,0.0,0.0,False,0,['worst_quality_percentile'],False,0.6759884826015771,worst_quality_percentile
3083,train,24,female,caucasian,slightlyhappy,/home/fox/Desktop/Projects/Amrita RLHF/Diffusion_RL_Abi/datasets/appa-real-dataset_v2/train_data/003083.jpg,False,250.23538208007812,53.775718688964844,True,0.1111111111111111,115.58677673339844,56.250125885009766,0.6921279430389404,0.012870640263713104,5.05142212529561,28.83258056640625,0.0,0.0,0.0,False,0,['worst_quality_percentile'],False,0.6386039859231797,worst_quality_percentile
3087,train,27,male,caucasian,neutral,/home/fox/Desktop/Projects/Amrita RLHF/Diffusion_RL_Abi/datasets/appa-real-dataset_v2/train_data/003087.jpg,False,32.149776458740234,27.848814010620117,True,0.023618515259734657,4.810305595397949,17.816001892089844,-0.06873393058776855,-0.0024681097045442307,7.892927022552529,54.32086181640625,0.0,0.0,0.0,False,0,"['roi_blur_tenengrad', 'roi_blur_laplacian', 'worst_quality_percentile']",False,0.6853981218360088,roi_blur_tenengrad;roi_blur_laplacian;worst_quality_percentile
3090,train,27,male,caucasian,neutral,/home/fox/Desktop/Projects/Amrita RLHF/Diffusion_RL_Abi/datasets/appa-real-dataset_v2/train_data/003090.jpg,False,49.50019836425781,30.78032684326172,True,0.20125715533511143,35.175933837890625,41.37385559082031,-0.0278170108795166,-0.0009037269200368887,7.224791627257929,61.79266357421875,0.0,0.0,0.0,False,0,['worst_quality_percentile'],False,0.6620057586992115,worst_quality_percentile
3093,train,33,male,caucasian,neutral,/home/fox/Desktop/Projects/Amrita RLHF/Diffusion_RL_Abi/datasets/appa-real-dataset_v2/train_data/003093.jpg,False,156.02244567871094,44.8659782409668,True,0.17520833333333333,199.02191162109375,52.171836853027344,0.7520256042480469,0.01676160014716402,4.978562237752239,36.30645751953125,0.0,0.0,0.0,False,0,['worst_quality_percentile'],False,0.6476278299489999,worst_quality_percentile
3099,train,1,male,caucasian,other,/home/fox/Desktop/Projects/Amrita RLHF/Diffusion_RL_Abi/datasets/appa-real-dataset_v2/train_data/003099.jpg,False,275.6737060546875,39.406593322753906,True,0.3233371780084583,251.28890991210938,39.76289367675781,0.13114523887634277,0.003328002359255332,7.109196443477574,51.0467529296875,0.0,0.0,0.0,False,0,['worst_quality_percentile'],False,0.6528972279202815,worst_quality_percentile
3101,train,35,male,caucasian,slightlyhappy,/home/fox/Desktop/Projects/Amrita RLHF/Diffusion_RL_Abi/datasets/appa-real-dataset_v2/train_data/003101.jpg,False,605.632568359375,59.817623138427734,True,0.10944010416666666,88.06902313232422,48.28044128417969,0.7067956924438477,0.011815843618399274,4.5725182049841875,28.91107177734375,0.2,0.03322395833333333,1.0,False,1,['worst_quality_percentile'],False,0.7357396917402187,worst_quality_percentile
3111,train,26,male,caucasian,neutral,/home/fox/Desktop/Projects/Amrita RLHF/Diffusion_RL_Abi/datasets/appa-real-dataset_v2/train_data/003111.jpg,False,401.45574951171875,44.872169494628906,True,0.3209505208333333,361.1542053222656,55.90900421142578,-1.1483612060546875,-0.025591835505085356,4.904126127226438,29.4127197265625,1.0,0.12343424479166666,1.0,True,2,['black_bars_score'],False,0.40073771571597944,black_bars_score
3113,train,20,female,caucasian,neutral,/home/fox/Desktop/Projects/Amrita RLHF/Diffusion_RL_Abi/datasets/appa-real-dataset_v2/train_data/003113.jpg,False,348.53131103515625,46.48329162597656,True,0.013937114197530864,4.521355152130127,12.100726127624512,-0.2612180709838867,-0.005619612041809373,4.5000849828682155,30.48388671875,0.0,0.0,0.0,False,0,"['roi_blur_tenengrad', 'roi_blur_laplacian']",False,0.5260364717616727,roi_blur_tenengrad;roi_blur_laplacian
3119,train,34,male,asian,neutral,/home/fox/Desktop/Projects/Amrita RLHF/Diffusion_RL_Abi/datasets/appa-real-dataset_v2/train_data/003119.jpg,False,586.918212890625,65.01815795898438,True,0.035896421032431396,9.542143821716309,17.506919860839844,0.039862632751464844,0.000613099992213122,3.8634285578056944,20.46734619140625,0.0,0.0,0.0,False,0,"['roi_blur_tenengrad', 'roi_blur_laplacian']",False,0.5669872217099196,roi_blur_tenengrad;roi_blur_laplacian
3120,train,46,male,caucasian,neutral,/home/fox/Desktop/Projects/Amrita RLHF/Diffusion_RL_Abi/datasets/appa-real-dataset_v2/train_data/003120.jpg,False,1302.3779296875,67.64207458496094,True,0.16275856987603382,90.15523529052734,36.88344192504883,0.11426401138305664,0.0016892446069242336,6.106199192543067,35.14703369140625,0.0,0.0,0.0,False,0,['worst_quality_percentile'],False,0.637390142461938,worst_quality_percentile
3123,train,23,female,asian,slightlyhappy,/home/fox/Desktop/Projects/Amrita RLHF/Diffusion_RL_Abi/datasets/appa-real-dataset_v2/train_data/003123.jpg,False,137.50094604492188,35.820899963378906,True,0.1970232019201589,74.03520202636719,35.1665153503418,0.06962132453918457,0.0019435950148311777,5.990941077247739,42.0313720703125,0.09805970149253733,0.1025740061246448,0.9029850746268657,False,1,['worst_quality_percentile'],False,0.7212300280407248,worst_quality_percentile
3124,train,20,male,caucasian,neutral,/home/fox/Desktop/Projects/Amrita RLHF/Diffusion_RL_Abi/datasets/appa-real-dataset_v2/train_data/003124.jpg,False,69.5204086303711,25.752050399780273,True,0.335419921875,60.120399475097656,22.596290588378906,0.12535595893859863,0.0048678047815510425,5.004933448446105,29.18634033203125,0.0,0.0,0.0,False,0,['worst_quality_percentile'],False,0.6620433972561492,worst_quality_percentile
3133,train,78,male,caucasian,neutral,/home/fox/Desktop/Projects/Amrita RLHF/Diffusion_RL_Abi/datasets/appa-real-dataset_v2/train_data/003133.jpg,False,128.75453186035156,47.28144836425781,False,0.0,190.369140625,47.30723571777344,0.2747488021850586,0.005810921743713586,7.032612506942491,56.2413330078125,0.0,0.0,0.0,False,0,['worst_quality_percentile'],False,0.6936409658053709,worst_quality_percentile
3135,train,32,female,caucasian,happy,/home/fox/Desktop/Projects/Amrita RLHF/Diffusion_RL_Abi/datasets/appa-real-dataset_v2/train_data/003135.jpg,False,82.72838592529297,51.4169807434082,False,0.0,153.6357421875,53.241031646728516,0.11973381042480469,0.0023286822050801316,8.29988196391509,60.77972412109375,0.0,0.0,0.0,False,0,['worst_quality_percentile'],False,0.6497544084159814,worst_quality_percentile
3136,train,30,male,caucasian,slightlyhappy,/home/fox/Desktop/Projects/Amrita RLHF/Diffusion_RL_Abi/datasets/appa-real-dataset_v2/train_data/003136.jpg,False,155.8634490966797,34.20212173461914,True,0.3882158004347628,131.48619079589844,39.55173110961914,0.1516873836517334,0.004435028341039094,6.500831507641877,45.114013671875,0.0,0.0,0.0,False,0,['worst_quality_percentile'],False,0.6729397594896211,worst_quality_percentile
3153,train,12,male,caucasian,happy,/home/fox/Desktop/Projects/Amrita RLHF/Diffusion_RL_Abi/datasets/appa-real-dataset_v2/train_data/003153.jpg,False,803.2739868164062,91.23672485351562,True,0.040368,34.96961975097656,39.908973693847656,0.21422290802001953,0.0023479898693861876,5.041767838860533,32.2041015625,0.0,0.0,0.0,False,0,['worst_quality_percentile'],False,0.648418239644692,worst_quality_percentile
3154,train,26,female,caucasian,slightlyhappy,/home/fox/Desktop/Projects/Amrita RLHF/Diffusion_RL_Abi/datasets/appa-real-dataset_v2/train_data/003154.jpg,False,343.8374938964844,35.37146759033203,True,0.15778133333333333,185.27969360351562,36.74348449707031,0.9146323204040527,0.02585791195149998,4.721624408698646,31.35955810546875,0.0,0.0,0.0,False,0,['worst_quality_percentile'],False,0.6908368933135104,worst_quality_percentile
3171,train,20,male,caucasian,neutral,/home/fox/Desktop/Projects/Amrita RLHF/Diffusion_RL_Abi/datasets/appa-real-dataset_v2/train_data/003171.jpg,False,175.361328125,42.11520767211914,True,0.11239934511677636,55.56404113769531,41.74766540527344,0.3792097568511963,0.00900410490194813,5.159838885588101,26.855712890625,0.0,0.0,0.0,False,0,['worst_quality_percentile'],False,0.6855298567852908,worst_quality_percentile
3180,train,47,male,caucasian,slightlyhappy,/home/fox/Desktop/Projects/Amrita RLHF/Diffusion_RL_Abi/datasets/appa-real-dataset_v2/train_data/003180.jpg,False,413.4599914550781,57.548213958740234,True,0.13282552083333332,239.67515563964844,54.27045822143555,0.8766932487487793,0.015234065024907085,4.55574100670981,20.3065185546875,0.08679166666666667,0.06481119791666666,0.33958333333333335,False,1,['worst_quality_percentile'],False,0.6388768654609781,worst_quality_percentile
3187,train,60,female,caucasian,happy,/home/fox/Desktop/Projects/Amrita RLHF/Diffusion_RL_Abi/datasets/appa-real-dataset_v2/train_data/003187.jpg,False,318.3861999511719,49.634639739990234,True,0.21042093287827077,208.96853637695312,59.786346435546875,0.5821216106414795,0.011728131844267964,5.684547758979705,30.0484619140625,0.4471666666666667,0.0847127417519909,0.4716666666666667,True,2,['worst_quality_percentile'],False,0.6891243389728439,worst_quality_percentile
3200,train,18,male,caucasian,neutral,/home/fox/Desktop/Projects/Amrita RLHF/Diffusion_RL_Abi/datasets/appa-real-dataset_v2/train_data/003200.jpg,False,466.6781921386719,46.51294708251953,True,0.2798751300728408,256.454345703125,42.357032775878906,0.4425334930419922,0.009514200051497163,5.85876258542664,30.63525390625,0.0,0.0,0.0,False,0,['worst_quality_percentile'],False,0.6543274930839152,worst_quality_percentile
3203,train,29,female,caucasian,slightlyhappy,/home/fox/Desktop/Projects/Amrita RLHF/Diffusion_RL_Abi/datasets/appa-real-dataset_v2/train_data/003203.jpg,False,90.47576141357422,36.795875549316406,True,0.33902702702702703,96.54241180419922,45.19939422607422,0.0382380485534668,0.001039193848316604,7.003434039660973,52.5093994140625,0.0,0.0,0.0,False,0,['worst_quality_percentile'],False,0.6390462389671979,worst_quality_percentile
3206,train,5,female,caucasian,neutral,/home/fox/Desktop/Projects/Amrita RLHF/Diffusion_RL_Abi/datasets/appa-real-dataset_v2/train_data/003206.jpg,False,73.41015625,33.35249328613281,True,0.2424437630446546,23.29651641845703,34.170555114746094,0.03032064437866211,0.000909096756558586,7.4189454805905335,60.6239013671875,0.0,0.0,0.0,False,0,['worst_quality_percentile'],False,0.7176731844101099,worst_quality_percentile
3211,train,12,female,caucasian,happy,/home/fox/Desktop/Projects/Amrita RLHF/Diffusion_RL_Abi/datasets/appa-real-dataset_v2/train_data/003211.jpg,False,97.34068298339844,31.231700897216797,True,0.3128255208333333,80.97335815429688,34.13762664794922,0.41065263748168945,0.013148583411597067,4.781296425031656,23.0731201171875,0.0,0.0,0.0,False,0,['worst_quality_percentile'],False,0.6865272785441406,worst_quality_percentile
3212,train,38,male,caucasian,slightlyhappy,/home/fox/Desktop/Projects/Amrita RLHF/Diffusion_RL_Abi/datasets/appa-real-dataset_v2/train_data/003212.jpg,False,515.8682250976562,52.831966400146484,True,0.14996996275381472,100.09089660644531,52.291622161865234,0.5330719947814941,0.010089951614787228,6.639425705857103,44.7889404296875,0.0,0.0,0.0,False,0,['worst_quality_percentile'],False,0.7088469428082128,worst_quality_percentile
3215,train,19,male,caucasian,slightlyhappy,/home/fox/Desktop/Projects/Amrita RLHF/Diffusion_RL_Abi/datasets/appa-real-dataset_v2/train_data/003215.jpg,False,184.1608123779297,36.72509002685547,True,0.03748848416129261,19.68958854675293,50.345848083496094,-0.1443319320678711,-0.003930063290035889,6.788146173649927,54.3231201171875,0.43978102189781026,0.06349656296506272,0.3978102189781022,True,1,['worst_quality_percentile'],False,0.6503942638839227,worst_quality_percentile
3219,train,22,female,asian,slightlyhappy,/home/fox/Desktop/Projects/Amrita RLHF/Diffusion_RL_Abi/datasets/appa-real-dataset_v2/train_data/003219.jpg,False,2542.56201171875,136.92538452148438,True,0.060467616232195646,32.77354431152344,52.841285705566406,0.3678712844848633,0.002686655093822191,5.658787720083521,44.1068115234375,0.0,0.0,0.0,False,0,['worst_quality_percentile'],False,0.6601802886877317,worst_quality_percentile
3232,train,28,female,asian,slightlyhappy,/home/fox/Desktop/Projects/Amrita RLHF/Diffusion_RL_Abi/datasets/appa-real-dataset_v2/train_data/003232.jpg,False,827.0423583984375,74.81279754638672,True,0.0017322673226732267,2.325390577316284,19.460046768188477,-0.2897944450378418,-0.00387359450078797,3.497906857121752,26.00054931640625,0.0,0.0,0.0,False,0,"['roi_blur_tenengrad', 'roi_blur_laplacian']",False,0.48177352880290564,roi_blur_tenengrad;roi_blur_laplacian
3233,train,7,female,caucasian,neutral,/home/fox/Desktop/Projects/Amrita RLHF/Diffusion_RL_Abi/datasets/appa-real-dataset_v2/train_data/003233.jpg,False,695.5149536132812,46.22266387939453,True,0.012513020833333333,16.515586853027344,26.693693161010742,0.45069456100463867,0.009750510105391014,2.7794761855654353,2.84075927734375,0.09391666666666668,0.15724283854166668,0.6958333333333333,False,1,['worst_quality_percentile'],False,0.6671434217212112,worst_quality_percentile
3234,train,60,female,caucasian,slightlyhappy,/home/fox/Desktop/Projects/Amrita RLHF/Diffusion_RL_Abi/datasets/appa-real-dataset_v2/train_data/003234.jpg,False,20.396635055541992,26.222869873046875,True,0.31901577503429357,20.892772674560547,29.295761108398438,0.01117706298828125,0.0004262333839186758,8.66202024902675,63.9346923828125,0.08879629629629632,0.06940157750342936,0.4398148148148148,False,1,['worst_quality_percentile'],False,0.7917646837420254,worst_quality_percentile
3235,train,28,female,caucasian,slightlyhappy,/home/fox/Desktop/Projects/Amrita RLHF/Diffusion_RL_Abi/datasets/appa-real-dataset_v2/train_data/003235.jpg,False,662.8280029296875,46.72715759277344,True,0.004523749685850716,2.0976171493530273,10.591757774353027,0.285733699798584,0.006114938472693137,4.171273500163741,21.80133056640625,0.0,0.0,0.0,False,0,"['roi_blur_tenengrad', 'roi_blur_laplacian', 'worst_quality_percentile']",False,0.6758567476522951,roi_blur_tenengrad;roi_blur_laplacian;worst_quality_percentile
3238,train,36,female,caucasian,happy,/home/fox/Desktop/Projects/Amrita RLHF/Diffusion_RL_Abi/datasets/appa-real-dataset_v2/train_data/003238.jpg,False,151.50448608398438,44.85265350341797,True,0.22127120844875348,119.97955322265625,54.86354446411133,0.3785438537597656,0.008439720189379626,6.022824465935173,43.866943359375,0.0,0.0,0.0,False,0,['worst_quality_percentile'],False,0.6636994937614091,worst_quality_percentile
3240,train,21,male,caucasian,slightlyhappy,/home/fox/Desktop/Projects/Amrita RLHF/Diffusion_RL_Abi/datasets/appa-real-dataset_v2/train_data/003240.jpg,False,98.24852752685547,31.839977264404297,True,0.06066942401960784,40.03523254394531,40.45195007324219,0.1564023494720459,0.004912137444732395,5.961520014267572,41.63165283203125,0.0,0.0,0.0,False,0,['worst_quality_percentile'],False,0.6927752789958033,worst_quality_percentile
3243,train,22,female,asian,happy,/home/fox/Desktop/Projects/Amrita RLHF/Diffusion_RL_Abi/datasets/appa-real-dataset_v2/train_data/003243.jpg,False,603.9383544921875,38.390193939208984,True,0.0020345052083333335,7.022851467132568,28.19375991821289,0.13524484634399414,0.0035229007447905606,5.456936461140884,39.9163818359375,0.0,0.0,0.0,False,0,"['roi_blur_laplacian', 'worst_quality_percentile']",False,0.7046502437096562,roi_blur_laplacian;worst_quality_percentile
3253,train,13,female,caucasian,happy,/home/fox/Desktop/Projects/Amrita RLHF/Diffusion_RL_Abi/datasets/appa-real-dataset_v2/train_data/003253.jpg,False,1783.492431640625,77.5781478881836,True,0.014161,9.344232559204102,16.964574813842773,3.8824987411499023,0.05004629263255429,4.0008697736507095,-1.37481689453125,0.0,0.0,0.0,False,0,"['roi_blur_tenengrad', 'roi_blur_laplacian', 'jpeg_blockiness', 'worst_quality_percentile']",False,0.674351205374786,roi_blur_tenengrad;roi_blur_laplacian;jpeg_blockiness;worst_quality_percentile
3258,train,26,female,asian,slightlyhappy,/home/fox/Desktop/Projects/Amrita RLHF/Diffusion_RL_Abi/datasets/appa-real-dataset_v2/train_data/003258.jpg,False,2430.892333984375,112.68190002441406,True,0.006287202380952381,25.653749465942383,55.8144416809082,0.939488410949707,0.008337527166373898,3.2367570890849255,43.7423095703125,0.0,0.0,0.0,False,0,['worst_quality_percentile'],False,0.6298812503528615,worst_quality_percentile
3259,train,13,female,caucasian,slightlyhappy,/home/fox/Desktop/Projects/Amrita RLHF/Diffusion_RL_Abi/datasets/appa-real-dataset_v2/train_data/003259.jpg,False,205.0948944091797,52.98627471923828,True,0.016943826232560757,14.259425163269043,25.19609832763672,-0.03915596008300781,-0.0007389830583769647,4.812928061838564,40.318603515625,0.0,0.0,0.0,False,0,['roi_blur_laplacian'],False,0.6118523815796902,roi_blur_laplacian
3263,train,25,male,caucasian,neutral,/home/fox/Desktop/Projects/Amrita RLHF/Diffusion_RL_Abi/datasets/appa-real-dataset_v2/train_data/003263.jpg,False,55.30764389038086,26.5902156829834,True,0.21001302083333334,43.58466339111328,31.475563049316406,0.013552427291870117,0.0005096772039673934,5.997536398949576,39.12408447265625,0.0,0.0,0.0,False,0,['worst_quality_percentile'],False,0.6388956847394471,worst_quality_percentile
3264,train,51,female,caucasian,neutral,/home/fox/Desktop/Projects/Amrita RLHF/Diffusion_RL_Abi/datasets/appa-real-dataset_v2/train_data/003264.jpg,False,78.22573852539062,33.058876037597656,True,0.2866710069444444,118.94273376464844,43.937355041503906,0.15795445442199707,0.004777973983882043,6.038428389373121,36.78192138671875,0.0,0.0,0.0,False,0,['worst_quality_percentile'],False,0.645106046634172,worst_quality_percentile
3271,train,37,female,caucasian,slightlyhappy,/home/fox/Desktop/Projects/Amrita RLHF/Diffusion_RL_Abi/datasets/appa-real-dataset_v2/train_data/003271.jpg,False,169.9606475830078,45.62800598144531,True,0.01724179104477612,16.213905334472656,39.535362243652344,0.15528154373168945,0.003403206802235191,5.380590043114678,31.70587158203125,0.0,0.0,0.0,False,0,['worst_quality_percentile'],False,0.6652803131527937,worst_quality_percentile
3274,train,22,male,caucasian,slightlyhappy,/home/fox/Desktop/Projects/Amrita RLHF/Diffusion_RL_Abi/datasets/appa-real-dataset_v2/train_data/003274.jpg,False,123.32088470458984,37.030967712402344,True,0.19175347222222222,97.44841766357422,43.39210510253906,1.0116724967956543,0.02731963359243224,6.066544031071806,45.92901611328125,0.0,0.0,0.0,False,0,['worst_quality_percentile'],False,0.7563656209420931,worst_quality_percentile
3275,train,22,male,caucasian,neutral,/home/fox/Desktop/Projects/Amrita RLHF/Diffusion_RL_Abi/datasets/appa-real-dataset_v2/train_data/003275.jpg,False,13.82325553894043,40.90886306762695,True,0.35650623885918004,11.982888221740723,45.468997955322266,-0.021148681640625,-0.000516970640046711,11.352454888907028,78.82275390625,0.0,0.0,0.0,False,0,"['roi_blur_laplacian', 'niqe', 'brisque', 'worst_quality_percentile']",False,0.6843630615202212,roi_blur_laplacian;niqe;brisque;worst_quality_percentile
3277,train,17,female,caucasian,slightlyhappy,/home/fox/Desktop/Projects/Amrita RLHF/Diffusion_RL_Abi/datasets/appa-real-dataset_v2/train_data/003277.jpg,False,251.8667449951172,34.340179443359375,False,0.0,145.4541015625,28.144235610961914,0.7070431709289551,0.0205893842664907,4.672400701007887,16.8060302734375,0.0,0.0,0.0,False,0,['worst_quality_percentile'],False,0.6716976871106761,worst_quality_percentile
3282,train,15,female,caucasian,slightlyhappy,/home/fox/Desktop/Projects/Amrita RLHF/Diffusion_RL_Abi/datasets/appa-real-dataset_v2/train_data/003282.jpg,False,337.8466491699219,46.53339767456055,True,0.19380208333333335,104.35028076171875,37.000919342041016,0.33677172660827637,0.007237204592846275,5.4986437903849765,21.50244140625,0.46895833333333337,0.08873046875,0.6895833333333333,True,2,['worst_quality_percentile'],False,0.7443965598358959,worst_quality_percentile
3286,train,52,male,caucasian,slightlyhappy,/home/fox/Desktop/Projects/Amrita RLHF/Diffusion_RL_Abi/datasets/appa-real-dataset_v2/train_data/003286.jpg,False,122.0318603515625,52.434730529785156,True,0.371337890625,91.77909851074219,50.520057678222656,0.38565897941589355,0.007355029160334746,7.806333817635213,61.67742919921875,0.0,0.0,0.0,False,0,['worst_quality_percentile'],False,0.7503434518320568,worst_quality_percentile
3291,train,23,male,caucasian,slightlyhappy,/home/fox/Desktop/Projects/Amrita RLHF/Diffusion_RL_Abi/datasets/appa-real-dataset_v2/train_data/003291.jpg,False,83.56965637207031,52.0708122253418,True,0.1267130368007561,47.940826416015625,53.00216293334961,0.2730412483215332,0.005243652468800883,7.306727650047015,53.5731201171875,0.08914141414141415,0.03950321932778073,0.45707070707070707,False,1,['worst_quality_percentile'],False,0.7780077911812862,worst_quality_percentile
3295,train,56,male,caucasian,neutral,/home/fox/Desktop/Projects/Amrita RLHF/Diffusion_RL_Abi/datasets/appa-real-dataset_v2/train_data/003295.jpg,False,79.83042907714844,41.92412567138672,True,0.3413333333333333,85.60763549804688,52.89418411254883,0.27895236015319824,0.006653742899397918,8.944705235301377,68.03363037109375,0.0,0.0,0.0,False,0,['worst_quality_percentile'],False,0.7364924628789732,worst_quality_percentile
3297,train,42,male,caucasian,happy,/home/fox/Desktop/Projects/Amrita RLHF/Diffusion_RL_Abi/datasets/appa-real-dataset_v2/train_data/003297.jpg,False,611.8787231445312,42.543968200683594,True,0.09967407407407407,230.0722198486328,47.814090728759766,0.5429482460021973,0.012762049620736215,6.512938091327454,84.89486694335938,0.0,0.0,0.0,False,0,"['brisque', 'worst_quality_percentile']",False,0.726461787455069,brisque;worst_quality_percentile
3300,train,27,male,caucasian,neutral,/home/fox/Desktop/Projects/Amrita RLHF/Diffusion_RL_Abi/datasets/appa-real-dataset_v2/train_data/003300.jpg,False,222.6415252685547,40.459075927734375,True,0.0225,50.0916748046875,22.200111389160156,0.20537281036376953,0.005076062677618533,4.863566729358236,42.45782470703125,0.49125,0.1628982204861111,0.9125,True,2,['worst_quality_percentile'],False,0.7854978640118938,worst_quality_percentile
3304,train,40,male,caucasian,happy,/home/fox/Desktop/Projects/Amrita RLHF/Diffusion_RL_Abi/datasets/appa-real-dataset_v2/train_data/003304.jpg,False,159.85594177246094,19.935325622558594,True,0.06832680722891567,186.7887725830078,55.35948181152344,0.012666463851928711,0.0006353777939908685,4.743456587395378,50.11749267578125,0.5,0.6477198795180723,1.0,True,1,['black_bars_area'],False,0.5949056213184786,black_bars_area
3311,train,50,male,caucasian,neutral,/home/fox/Desktop/Projects/Amrita RLHF/Diffusion_RL_Abi/datasets/appa-real-dataset_v2/train_data/003311.jpg,False,364.4222106933594,45.68143844604492,True,0.005852083333333333,2.242616891860962,9.425749778747559,0.30847692489624023,0.0067527846897335025,4.775731446445353,11.360107421875,0.0,0.0,0.0,False,0,"['roi_blur_tenengrad', 'roi_blur_laplacian', 'worst_quality_percentile']",False,0.6753298078551669,roi_blur_tenengrad;roi_blur_laplacian;worst_quality_percentile
3314,train,36,male,caucasian,slightlyhappy,/home/fox/Desktop/Projects/Amrita RLHF/Diffusion_RL_Abi/datasets/appa-real-dataset_v2/train_data/003314.jpg,False,458.76165771484375,69.36324310302734,True,0.02707009277522098,9.2650728225708,23.761220932006836,0.04547691345214844,0.0006556341768646258,4.601103839101422,30.16839599609375,0.0,0.0,0.0,False,0,['roi_blur_laplacian'],False,0.619888213485895,roi_blur_laplacian
3320,train,47,female,caucasian,slightlyhappy,/home/fox/Desktop/Projects/Amrita RLHF/Diffusion_RL_Abi/datasets/appa-real-dataset_v2/train_data/003320.jpg,False,115.38722229003906,32.761749267578125,True,0.23765625,37.952659606933594,37.27299499511719,0.5156064033508301,0.01573806036428669,7.773405251224093,68.57574462890625,0.0,0.0,0.0,False,0,['worst_quality_percentile'],False,0.8448538683026893,worst_quality_percentile
3329,train,18,male,caucasian,neutral,/home/fox/Desktop/Projects/Amrita RLHF/Diffusion_RL_Abi/datasets/appa-real-dataset_v2/train_data/003329.jpg,False,756.7515258789062,61.91149139404297,True,0.009988116458704694,7.980478286743164,23.893749237060547,-0.10729169845581055,-0.00173298517459311,3.4291978690802125,22.98095703125,0.0,0.0,0.0,False,0,['roi_blur_laplacian'],False,0.502964036358846,roi_blur_laplacian
3330,train,51,male,afroamerican,neutral,/home/fox/Desktop/Projects/Amrita RLHF/Diffusion_RL_Abi/datasets/appa-real-dataset_v2/train_data/003330.jpg,False,42.490169525146484,36.548828125,True,0.6342212485411847,62.58250045776367,43.940879821777344,-0.0062408447265625,-0.00017075361580581142,7.754823267514914,58.08428955078125,0.0,0.0,0.0,False,0,['worst_quality_percentile'],False,0.6570374691834315,worst_quality_percentile
3334,train,26,male,caucasian,other,/home/fox/Desktop/Projects/Amrita RLHF/Diffusion_RL_Abi/datasets/appa-real-dataset_v2/train_data/003334.jpg,False,35.64262390136719,37.87721252441406,True,0.25,20.293821334838867,39.59461975097656,0.06856536865234375,0.0018102009697241693,8.687039616916664,64.6785888671875,0.0,0.0,0.0,False,0,['worst_quality_percentile'],False,0.7359278845249074,worst_quality_percentile
3344,train,26,female,caucasian,slightlyhappy,/home/fox/Desktop/Projects/Amrita RLHF/Diffusion_RL_Abi/datasets/appa-real-dataset_v2/train_data/003344.jpg,False,34.44282150268555,25.281536102294922,True,0.2828074539582788,29.798046112060547,29.394359588623047,0.17171955108642578,0.006792290769014911,6.601525085282296,48.5775146484375,0.0,0.0,0.0,False,0,['worst_quality_percentile'],False,0.7587744885861076,worst_quality_percentile
3355,train,47,male,caucasian,happy,/home/fox/Desktop/Projects/Amrita RLHF/Diffusion_RL_Abi/datasets/appa-real-dataset_v2/train_data/003355.jpg,False,420.542724609375,47.60466003417969,True,0.5423764156968031,328.7648010253906,70.3747329711914,0.48464417457580566,0.010180603412506936,7.493526626802953,62.795654296875,0.0,0.0,0.0,False,0,['worst_quality_percentile'],False,0.6484746974800986,worst_quality_percentile
3362,train,36,male,caucasian,neutral,/home/fox/Desktop/Projects/Amrita RLHF/Diffusion_RL_Abi/datasets/appa-real-dataset_v2/train_data/003362.jpg,False,275.8077392578125,52.96512985229492,True,0.17643467643467645,198.6821746826172,56.49440383911133,0.990386962890625,0.01869884860008257,5.496353128167863,45.28271484375,0.44215167548500883,0.04438424230090897,0.42151675485008816,True,3,['worst_quality_percentile'],False,0.7418371379641304,worst_quality_percentile
3368,train,32,male,caucasian,slightlyhappy,/home/fox/Desktop/Projects/Amrita RLHF/Diffusion_RL_Abi/datasets/appa-real-dataset_v2/train_data/003368.jpg,False,268.68109130859375,38.427818298339844,True,0.1688846625766871,90.0341567993164,35.368412017822266,0.4618799686431885,0.012019416586127816,4.17015532581656,17.98150634765625,0.0,0.0,0.0,False,0,['worst_quality_percentile'],False,0.6457459021021135,worst_quality_percentile
3371,train,32,male,asian,neutral,/home/fox/Desktop/Projects/Amrita RLHF/Diffusion_RL_Abi/datasets/appa-real-dataset_v2/train_data/003371.jpg,False,279.694091796875,37.848628997802734,True,0.040107421875,51.96831130981445,36.25749588012695,0.3765377998352051,0.009948518608389911,4.864386251965362,29.1826171875,0.09912500000000002,0.13685546875,0.95625,False,1,['worst_quality_percentile'],False,0.7743380318798577,worst_quality_percentile
3383,train,43,female,caucasian,happy,/home/fox/Desktop/Projects/Amrita RLHF/Diffusion_RL_Abi/datasets/appa-real-dataset_v2/train_data/003383.jpg,False,86.18265533447266,34.494354248046875,True,0.22877291474723818,105.91598510742188,47.464698791503906,0.2960343360900879,0.00858210956434241,6.397289099461151,41.13525390625,0.0,0.0,0.0,False,0,['worst_quality_percentile'],False,0.6918531343508291,worst_quality_percentile
3390,train,43,female,caucasian,neutral,/home/fox/Desktop/Projects/Amrita RLHF/Diffusion_RL_Abi/datasets/appa-real-dataset_v2/train_data/003390.jpg,False,109.99139404296875,43.506248474121094,True,0.20345052083333334,34.48576736450195,34.16831970214844,0.18691444396972656,0.004296266541681771,6.642094892347965,51.97882080078125,0.0,0.0,0.0,False,0,['worst_quality_percentile'],False,0.743700246532548,worst_quality_percentile
3392,train,4,female,caucasian,neutral,/home/fox/Desktop/Projects/Amrita RLHF/Diffusion_RL_Abi/datasets/appa-real-dataset_v2/train_data/003392.jpg,False,148.7408447265625,42.29419708251953,True,0.17678202479338842,23.216941833496094,27.835800170898438,0.010832548141479492,0.00025612373877722616,7.548119666832811,55.58074951171875,0.0,0.0,0.0,False,0,['worst_quality_percentile'],False,0.7118015695278244,worst_quality_percentile
3396,train,10,male,caucasian,slightlyhappy,/home/fox/Desktop/Projects/Amrita RLHF/Diffusion_RL_Abi/datasets/appa-real-dataset_v2/train_data/003396.jpg,False,103.83424377441406,32.636966705322266,True,0.18130208333333334,66.51115417480469,26.95319175720215,0.025464773178100586,0.000780243232398944,6.6949957910837705,47.494140625,0.0,0.0,0.0,False,0,['worst_quality_percentile'],False,0.6677456386322148,worst_quality_percentile
3397,train,19,male,caucasian,neutral,/home/fox/Desktop/Projects/Amrita RLHF/Diffusion_RL_Abi/datasets/appa-real-dataset_v2/train_data/003397.jpg,False,86.7054443359375,51.76939392089844,True,0.267538644470868,79.80628967285156,59.543087005615234,0.16942453384399414,0.003272677498025002,7.251588070112735,50.29998779296875,0.0,0.0,0.0,False,0,['worst_quality_percentile'],False,0.6399307450552346,worst_quality_percentile
3412,train,21,male,caucasian,neutral,/home/fox/Desktop/Projects/Amrita RLHF/Diffusion_RL_Abi/datasets/appa-real-dataset_v2/train_data/003412.jpg,False,11.652355194091797,29.524303436279297,False,0.0,9.177886009216309,33.54179763793945,0.2815566062927246,0.00953643486844518,11.243236582923588,78.3302001953125,0.0,0.0,0.0,False,0,"['roi_blur_laplacian', 'niqe', 'brisque', 'worst_quality_percentile']",False,0.8447785911888138,roi_blur_laplacian;niqe;brisque;worst_quality_percentile
3415,train,24,male,caucasian,neutral,/home/fox/Desktop/Projects/Amrita RLHF/Diffusion_RL_Abi/datasets/appa-real-dataset_v2/train_data/003415.jpg,False,645.6517333984375,48.161651611328125,True,0.0018021914648212226,6.739569187164307,13.699665069580078,0.5776543617248535,0.011994072678249068,3.1970767760469143,-1.64739990234375,0.0,0.0,0.0,False,0,"['roi_blur_tenengrad', 'roi_blur_laplacian']",False,0.6246306716600485,roi_blur_tenengrad;roi_blur_laplacian
3416,train,15,female,caucasian,slightlyhappy,/home/fox/Desktop/Projects/Amrita RLHF/Diffusion_RL_Abi/datasets/appa-real-dataset_v2/train_data/003416.jpg,False,411.9815368652344,43.47888946533203,False,0.0,110.57235717773438,31.97803497314453,10.255563497543335,0.2358745448143537,5.058355057862041,30.78302001953125,0.0,0.0,0.0,False,0,"['jpeg_blockiness', 'worst_quality_percentile']",False,0.7381861979411709,jpeg_blockiness;worst_quality_percentile
3417,train,17,male,caucasian,neutral,/home/fox/Desktop/Projects/Amrita RLHF/Diffusion_RL_Abi/datasets/appa-real-dataset_v2/train_data/003417.jpg,False,26.894498825073242,32.548248291015625,True,0.5102040816326531,42.14836883544922,39.111812591552734,-0.04158663749694824,-0.0012776919927434472,9.881715410420973,68.324951171875,0.0,0.0,0.0,False,0,['worst_quality_percentile'],False,0.6767977115757382,worst_quality_percentile
3422,train,39,female,asian,slightlyhappy,/home/fox/Desktop/Projects/Amrita RLHF/Diffusion_RL_Abi/datasets/appa-real-dataset_v2/train_data/003422.jpg,False,39.652488708496094,21.87380027770996,True,0.12,28.443828582763672,29.741497039794922,0.12368428707122803,0.00565444869416757,7.483942388131773,46.016845703125,0.0,0.0,0.0,False,0,['worst_quality_percentile'],False,0.7571936691947231,worst_quality_percentile
3428,train,15,female,caucasian,neutral,/home/fox/Desktop/Projects/Amrita RLHF/Diffusion_RL_Abi/datasets/appa-real-dataset_v2/train_data/003428.jpg,False,338.84710693359375,51.50556564331055,True,0.151875,72.06281280517578,34.20655822753906,0.5756096839904785,0.011175679086820371,3.895101857042058,20.25177001953125,0.0,0.0,0.0,False,0,['worst_quality_percentile'],False,0.6530477821480325,worst_quality_percentile
3429,train,36,male,caucasian,neutral,/home/fox/Desktop/Projects/Amrita RLHF/Diffusion_RL_Abi/datasets/appa-real-dataset_v2/train_data/003429.jpg,False,73.32046508789062,30.247663497924805,True,0.421875,67.74923706054688,38.20823287963867,0.6946713924407959,0.02296611668938787,6.140925449288152,36.84442138671875,0.0,0.0,0.0,False,0,['worst_quality_percentile'],False,0.76187966953347,worst_quality_percentile
3435,train,33,female,asian,slightlyhappy,/home/fox/Desktop/Projects/Amrita RLHF/Diffusion_RL_Abi/datasets/appa-real-dataset_v2/train_data/003435.jpg,False,987.2040405273438,60.719970703125,True,0.08787984006734006,52.295196533203125,17.295658111572266,0.4325432777404785,0.007123575087539399,2.4841503522024926,3.15057373046875,0.0,0.0,0.0,False,0,['roi_blur_tenengrad'],False,0.5732540414400512,roi_blur_tenengrad
3436,train,47,male,caucasian,slightlyhappy,/home/fox/Desktop/Projects/Amrita RLHF/Diffusion_RL_Abi/datasets/appa-real-dataset_v2/train_data/003436.jpg,False,546.475830078125,50.054439544677734,True,0.022605613425925927,71.74311828613281,36.683109283447266,0.6013031005859375,0.012012982145894222,3.500995671995211,26.03643798828125,0.0,0.0,0.0,False,0,['worst_quality_percentile'],False,0.6511658543011462,worst_quality_percentile
3441,train,18,female,caucasian,happy,/home/fox/Desktop/Projects/Amrita RLHF/Diffusion_RL_Abi/datasets/appa-real-dataset_v2/train_data/003441.jpg,False,2054.8486328125,70.7717514038086,True,0.006056315104166667,23.57451820373535,24.016801834106445,1.331169605255127,0.018809335081315437,4.182048981911771,13.55438232421875,0.2,0.034775390625,1.0,False,1,['worst_quality_percentile'],False,0.7731147787793816,worst_quality_percentile
3445,train,16,male,caucasian,slightlyhappy,/home/fox/Desktop/Projects/Amrita RLHF/Diffusion_RL_Abi/datasets/appa-real-dataset_v2/train_data/003445.jpg,False,245.59750366210938,49.08568572998047,True,0.23747068978845112,159.36061096191406,56.570587158203125,0.24048185348510742,0.004899225609452997,6.794238094415985,47.44927978515625,0.0,0.0,0.0,False,0,['worst_quality_percentile'],False,0.6332310819203191,worst_quality_percentile
3446,train,2,male,caucasian,other,/home/fox/Desktop/Projects/Amrita RLHF/Diffusion_RL_Abi/datasets/appa-real-dataset_v2/train_data/003446.jpg,False,800.0228881835938,67.7591323852539,True,0.009847005208333334,5.022291660308838,15.739509582519531,0.3377857208251953,0.004985095055815841,3.0496782904282296,-0.48388671875,0.0,0.0,0.0,False,0,"['roi_blur_tenengrad', 'roi_blur_laplacian']",False,0.5794455840563073,roi_blur_tenengrad;roi_blur_laplacian
3450,train,22,male,caucasian,slightlyhappy,/home/fox/Desktop/Projects/Amrita RLHF/Diffusion_RL_Abi/datasets/appa-real-dataset_v2/train_data/003450.jpg,False,266.6418762207031,40.702789306640625,True,0.36586709426882214,234.2003173828125,50.948631286621094,0.3106842041015625,0.007632995226149758,4.945430926939691,24.78045654296875,0.5,0.14046512642624953,1.0,True,1,['worst_quality_percentile'],False,0.6589664452264901,worst_quality_percentile
3453,train,33,male,asian,neutral,/home/fox/Desktop/Projects/Amrita RLHF/Diffusion_RL_Abi/datasets/appa-real-dataset_v2/train_data/003453.jpg,False,972.3864135742188,97.03826904296875,True,0.06916216899983134,50.95675277709961,41.52106857299805,0.5408353805541992,0.005573423560773664,4.785934409576722,35.50836181640625,0.0,0.0,0.0,False,0,['worst_quality_percentile'],False,0.690742796921166,worst_quality_percentile
3460,train,36,male,caucasian,neutral,/home/fox/Desktop/Projects/Amrita RLHF/Diffusion_RL_Abi/datasets/appa-real-dataset_v2/train_data/003460.jpg,False,172.23806762695312,37.603790283203125,True,0.22960069444444445,98.41825866699219,39.60466766357422,0.3472309112548828,0.009233933585042103,5.469663864630473,38.136474609375,0.0,0.0,0.0,False,0,['worst_quality_percentile'],False,0.7052712798991286,worst_quality_percentile
3461,train,30,male,caucasian,neutral,/home/fox/Desktop/Projects/Amrita RLHF/Diffusion_RL_Abi/datasets/appa-real-dataset_v2/train_data/003461.jpg,False,252.2494354248047,39.598793029785156,True,0.38092041015625,217.09066772460938,44.8299560546875,2.6685733795166016,0.06739026894378077,5.5752703131855235,39.9036865234375,0.0,0.0,0.0,False,0,"['jpeg_blockiness', 'worst_quality_percentile']",False,0.7025048459642058,jpeg_blockiness;worst_quality_percentile
3462,train,45,female,caucasian,neutral,/home/fox/Desktop/Projects/Amrita RLHF/Diffusion_RL_Abi/datasets/appa-real-dataset_v2/train_data/003462.jpg,False,78.94590759277344,45.52490997314453,True,0.17976888020833334,40.039520263671875,53.724002838134766,0.254133939743042,0.005582305034994081,9.023149212865208,63.76910400390625,0.08937500000000001,0.061197916666666664,0.46875,False,1,['worst_quality_percentile'],False,0.8042983232022883,worst_quality_percentile
3464,train,29,male,caucasian,slightlyhappy,/home/fox/Desktop/Projects/Amrita RLHF/Diffusion_RL_Abi/datasets/appa-real-dataset_v2/train_data/003464.jpg,False,658.51708984375,56.445404052734375,True,0.07616133333333333,223.1290283203125,40.98796463012695,0.5059494972229004,0.008963519647883026,3.4851525557608007,30.7918701171875,0.4449,0.07258133333333333,0.449,True,1,['worst_quality_percentile'],False,0.6712272051489546,worst_quality_percentile
3467,train,10,female,caucasian,neutral,/home/fox/Desktop/Projects/Amrita RLHF/Diffusion_RL_Abi/datasets/appa-real-dataset_v2/train_data/003467.jpg,False,158.6488494873047,42.71466827392578,True,0.06925207756232687,9.164880752563477,38.02610778808594,0.20215058326721191,0.004732579853792998,8.24347726507439,60.796630859375,0.0,0.0,0.0,False,0,"['roi_blur_laplacian', 'worst_quality_percentile']",False,0.7906167077554247,roi_blur_laplacian;worst_quality_percentile
3472,train,34,female,caucasian,happy,/home/fox/Desktop/Projects/Amrita RLHF/Diffusion_RL_Abi/datasets/appa-real-dataset_v2/train_data/003472.jpg,False,351.3096618652344,45.94481658935547,True,0.17410837438423646,175.1369171142578,45.07390213012695,0.17905950546264648,0.003897273182430289,4.777285604481006,14.7080078125,0.5,0.22200492610837438,1.0,True,1,['black_bars_area'],False,0.6212149726179498,black_bars_area
3473,train,27,male,caucasian,slightlyhappy,/home/fox/Desktop/Projects/Amrita RLHF/Diffusion_RL_Abi/datasets/appa-real-dataset_v2/train_data/003473.jpg,False,87.81047058105469,19.928359985351562,False,0.0,42.942020416259766,17.96529769897461,-0.13969159126281738,-0.007009687919919674,5.988992920790276,31.39581298828125,0.0,0.0,0.0,False,0,['roi_blur_tenengrad'],False,0.5539642810094662,roi_blur_tenengrad
3479,train,22,male,caucasian,happy,/home/fox/Desktop/Projects/Amrita RLHF/Diffusion_RL_Abi/datasets/appa-real-dataset_v2/train_data/003479.jpg,False,175.70663452148438,52.82172393798828,True,0.30024394820791894,222.34210205078125,79.0062026977539,0.44771432876586914,0.008475950554274353,7.468479337192356,54.61181640625,0.0,0.0,0.0,False,0,['worst_quality_percentile'],False,0.6404388655738938,worst_quality_percentile
3483,train,19,female,caucasian,slightlyhappy,/home/fox/Desktop/Projects/Amrita RLHF/Diffusion_RL_Abi/datasets/appa-real-dataset_v2/train_data/003483.jpg,False,214.87777709960938,45.95866775512695,True,0.024336842105263157,17.909900665283203,29.750795364379883,0.5667362213134766,0.01233143249499049,5.077947282507664,31.5478515625,0.4413157894736842,0.04702763157894737,0.4131578947368421,True,1,['worst_quality_percentile'],False,0.8342586145247192,worst_quality_percentile
3485,train,34,female,caucasian,happy,/home/fox/Desktop/Projects/Amrita RLHF/Diffusion_RL_Abi/datasets/appa-real-dataset_v2/train_data/003485.jpg,False,278.7705383300781,44.16714859008789,True,0.08644207800325944,41.169464111328125,34.3430290222168,-0.013157844543457031,-0.0002979102039768025,5.892105632581701,38.95458984375,0.09412698412698414,0.21334806777844753,0.7063492063492064,False,1,['worst_quality_percentile'],False,0.687599977416866,worst_quality_percentile
3496,train,15,female,caucasian,slightlyhappy,/home/fox/Desktop/Projects/Amrita RLHF/Diffusion_RL_Abi/datasets/appa-real-dataset_v2/train_data/003496.jpg,False,119.85934448242188,28.275850296020508,True,0.2819339038316413,36.51454162597656,20.494884490966797,-0.08578133583068848,-0.0030337313254565454,6.888822703325138,48.48651123046875,0.0,0.0,0.0,False,0,['worst_quality_percentile'],False,0.6343414193499822,worst_quality_percentile
3501,train,70,male,caucasian,happy,/home/fox/Desktop/Projects/Amrita RLHF/Diffusion_RL_Abi/datasets/appa-real-dataset_v2/train_data/003501.jpg,False,328.8651123046875,63.71343994140625,True,0.22145328719723184,159.09432983398438,63.933387756347656,0.7032532691955566,0.011037753711062318,6.997492161223204,51.33624267578125,0.0,0.0,0.0,False,0,['worst_quality_percentile'],False,0.6798652539661629,worst_quality_percentile
3505,train,34,male,caucasian,happy,/home/fox/Desktop/Projects/Amrita RLHF/Diffusion_RL_Abi/datasets/appa-real-dataset_v2/train_data/003505.jpg,False,355.02520751953125,66.48169708251953,True,0.07484094488188976,128.6484375,54.431549072265625,0.43549346923828125,0.0065505768023213055,5.480138430143214,48.88592529296875,0.0,0.0,0.0,False,0,['worst_quality_percentile'],False,0.6580913487776879,worst_quality_percentile
3518,train,19,female,asian,slightlyhappy,/home/fox/Desktop/Projects/Amrita RLHF/Diffusion_RL_Abi/datasets/appa-real-dataset_v2/train_data/003518.jpg,False,39.128517150878906,35.270599365234375,True,0.26255208333333335,21.81973648071289,37.482601165771484,-0.07796001434326172,-0.0022103398733213956,9.03080535459993,71.87359619140625,0.0,0.0,0.0,False,0,['worst_quality_percentile'],False,0.674068916197753,worst_quality_percentile
3521,train,30,female,caucasian,happy,/home/fox/Desktop/Projects/Amrita RLHF/Diffusion_RL_Abi/datasets/appa-real-dataset_v2/train_data/003521.jpg,False,365.8825378417969,30.642135620117188,True,0.05556915713028169,17.508056640625,28.728744506835938,-0.5960345268249512,-0.019451467572716267,7.444231958458331,56.742431640625,0.4628125,0.0538361025528169,0.628125,True,1,['worst_quality_percentile'],False,0.6777951333345881,worst_quality_percentile
3525,train,48,male,caucasian,happy,/home/fox/Desktop/Projects/Amrita RLHF/Diffusion_RL_Abi/datasets/appa-real-dataset_v2/train_data/003525.jpg,False,17.428348541259766,36.12059020996094,False,0.0,18.005338668823242,38.720924377441406,-0.6744616031646729,-0.01867249622920561,10.722008153446934,73.54986572265625,0.0,0.0,0.0,False,0,"['niqe', 'brisque']",False,0.5992622842840206,niqe;brisque
3527,train,44,female,caucasian,neutral,/home/fox/Desktop/Projects/Amrita RLHF/Diffusion_RL_Abi/datasets/appa-real-dataset_v2/train_data/003527.jpg,False,152.80770874023438,38.88885498046875,True,0.0221606824548001,3.531611680984497,13.80267333984375,-0.007773399353027344,-0.00019988758108316167,5.005818899255538,16.18170166015625,0.0,0.0,0.0,False,0,"['roi_blur_tenengrad', 'roi_blur_laplacian']",False,0.5825695842821386,roi_blur_tenengrad;roi_blur_laplacian
3531,train,28,female,asian,slightlyhappy,/home/fox/Desktop/Projects/Amrita RLHF/Diffusion_RL_Abi/datasets/appa-real-dataset_v2/train_data/003531.jpg,False,350.5552062988281,57.27825164794922,True,0.0953719723183391,89.86736297607422,48.56724548339844,1.7482330799102783,0.03052175998900469,5.144746523438104,34.553955078125,0.5,0.07292868127643214,1.0,True,2,['worst_quality_percentile'],False,0.7888006473831793,worst_quality_percentile
3534,train,21,male,caucasian,neutral,/home/fox/Desktop/Projects/Amrita RLHF/Diffusion_RL_Abi/datasets/appa-real-dataset_v2/train_data/003534.jpg,False,342.2562255859375,34.45474624633789,True,0.30669437314101783,203.82679748535156,42.096378326416016,1.1985540390014648,0.03478632510150996,6.129431018396282,56.689208984375,0.0,0.0,0.0,False,0,['worst_quality_percentile'],False,0.7537685605133898,worst_quality_percentile
3535,train,36,male,caucasian,slightlyhappy,/home/fox/Desktop/Projects/Amrita RLHF/Diffusion_RL_Abi/datasets/appa-real-dataset_v2/train_data/003535.jpg,False,172.04103088378906,18.22450828552246,True,0.08135054617676266,449.768310546875,55.205928802490234,0.10026359558105469,0.0055015799882581215,8.128758801784183,70.6705322265625,0.5,0.7979878351539226,1.0,True,1,"['black_bars_area', 'worst_quality_percentile']",False,0.6987880384666051,black_bars_area;worst_quality_percentile
3536,train,27,male,caucasian,slightlyhappy,/home/fox/Desktop/Projects/Amrita RLHF/Diffusion_RL_Abi/datasets/appa-real-dataset_v2/train_data/003536.jpg,False,235.9739990234375,37.0394287109375,True,0.21411904761904763,121.67570495605469,43.97169494628906,-0.3620004653930664,-0.009773381183732699,5.147447998574598,30.87646484375,0.5,0.23535994397759102,1.0,True,1,['black_bars_area'],False,0.5229595197320134,black_bars_area
3538,train,32,male,caucasian,slightlyhappy,/home/fox/Desktop/Projects/Amrita RLHF/Diffusion_RL_Abi/datasets/appa-real-dataset_v2/train_data/003538.jpg,False,51.77267074584961,26.636688232421875,True,0.24222736625514404,80.02798461914062,39.45130920410156,0.13537907600402832,0.005082428781698832,6.264987879529459,32.9029541015625,0.0,0.0,0.0,False,0,['worst_quality_percentile'],False,0.666898771101116,worst_quality_percentile
3542,train,37,female,caucasian,slightlyhappy,/home/fox/Desktop/Projects/Amrita RLHF/Diffusion_RL_Abi/datasets/appa-real-dataset_v2/train_data/003542.jpg,False,12.636347770690918,15.469392776489258,True,0.20020833333333332,11.525429725646973,19.070985794067383,-0.007191181182861328,-0.00046486509340725764,7.312538586045879,48.66119384765625,0.0,0.0,0.0,False,0,"['roi_blur_tenengrad', 'roi_blur_laplacian', 'worst_quality_percentile']",False,0.6938856164254662,roi_blur_tenengrad;roi_blur_laplacian;worst_quality_percentile
3543,train,31,female,caucasian,happy,/home/fox/Desktop/Projects/Amrita RLHF/Diffusion_RL_Abi/datasets/appa-real-dataset_v2/train_data/003543.jpg,False,468.4293212890625,49.85722351074219,True,0.044590677726458666,29.919605255126953,36.44135665893555,0.19991588592529297,0.004009767649264537,4.302972234360981,12.946044921875,0.0921359223300971,0.14664435856348385,0.6067961165048543,False,1,['worst_quality_percentile'],False,0.6622692285977755,worst_quality_percentile
3546,train,27,female,caucasian,slightlyhappy,/home/fox/Desktop/Projects/Amrita RLHF/Diffusion_RL_Abi/datasets/appa-real-dataset_v2/train_data/003546.jpg,False,72.2559585571289,24.42253303527832,True,0.11661209964412811,83.89299011230469,35.55498123168945,0.17638397216796875,0.007222181445757525,5.619324223649056,42.61199951171875,0.1,0.20684519572953736,1.0,False,2,['worst_quality_percentile'],False,0.7733029715640701,worst_quality_percentile
3549,train,17,female,afroamerican,slightlyhappy,/home/fox/Desktop/Projects/Amrita RLHF/Diffusion_RL_Abi/datasets/appa-real-dataset_v2/train_data/003549.jpg,False,75.62319946289062,25.322799682617188,True,0.3503362816229819,39.49881362915039,22.966453552246094,-0.14628374576568604,-0.005776760145891065,6.5359010830156,35.53411865234375,0.09915966386554623,0.26565806707972156,0.957983193277311,False,1,['worst_quality_percentile'],False,0.6472890829365603,worst_quality_percentile
3551,train,40,female,caucasian,happy,/home/fox/Desktop/Projects/Amrita RLHF/Diffusion_RL_Abi/datasets/appa-real-dataset_v2/train_data/003551.jpg,False,1082.00634765625,105.165771484375,True,0.19866122448979592,163.14019775390625,65.58507537841797,0.6342964172363281,0.006031395978483101,6.803307967966276,48.544921875,0.0,0.0,0.0,False,0,['worst_quality_percentile'],False,0.6443344562169486,worst_quality_percentile
3552,train,57,male,caucasian,slightlyhappy,/home/fox/Desktop/Projects/Amrita RLHF/Diffusion_RL_Abi/datasets/appa-real-dataset_v2/train_data/003552.jpg,False,452.1755676269531,48.29387283325195,True,0.021266253493741647,2.580453395843506,10.687784194946289,-0.05485391616821289,-0.001135835910732929,4.250870780981434,28.70062255859375,0.0,0.0,0.0,False,0,"['roi_blur_tenengrad', 'roi_blur_laplacian']",False,0.5716920413271355,roi_blur_tenengrad;roi_blur_laplacian
3557,train,22,male,caucasian,neutral,/home/fox/Desktop/Projects/Amrita RLHF/Diffusion_RL_Abi/datasets/appa-real-dataset_v2/train_data/003557.jpg,False,84.45548248291016,31.461257934570312,True,0.303372,110.43091583251953,38.06608200073242,0.18486785888671875,0.005876047721777018,6.263864924644807,27.71075439453125,0.0,0.0,0.0,False,0,['worst_quality_percentile'],False,0.66236332499012,worst_quality_percentile
3558,train,42,male,caucasian,happy,/home/fox/Desktop/Projects/Amrita RLHF/Diffusion_RL_Abi/datasets/appa-real-dataset_v2/train_data/003558.jpg,False,53.51060485839844,35.55598449707031,True,0.30617777777777777,25.243976593017578,29.64501953125,-0.2647111415863037,-0.007444910832470527,8.204500982382381,62.68890380859375,0.0,0.0,0.0,False,0,['worst_quality_percentile'],False,0.6299000696313303,worst_quality_percentile
3560,train,8,female,asian,slightlyhappy,/home/fox/Desktop/Projects/Amrita RLHF/Diffusion_RL_Abi/datasets/appa-real-dataset_v2/train_data/003560.jpg,False,325.6494140625,66.44717407226562,True,0.11401585427559453,20.7120361328125,40.02522277832031,0.42893314361572266,0.006455250251786174,7.2710354044658425,56.19970703125,0.0,0.0,0.0,False,0,['worst_quality_percentile'],False,0.7995558650281349,worst_quality_percentile
3565,train,17,female,caucasian,neutral,/home/fox/Desktop/Projects/Amrita RLHF/Diffusion_RL_Abi/datasets/appa-real-dataset_v2/train_data/003565.jpg,False,170.3931884765625,41.84991455078125,True,0.003128255208333333,2.19929575920105,14.54861831665039,-0.5231420993804932,-0.012500433812003886,4.948005062187362,27.7503662109375,0.0,0.0,0.0,False,0,"['roi_blur_tenengrad', 'roi_blur_laplacian']",False,0.5087227355703182,roi_blur_tenengrad;roi_blur_laplacian
3569,train,18,male,caucasian,slightlyhappy,/home/fox/Desktop/Projects/Amrita RLHF/Diffusion_RL_Abi/datasets/appa-real-dataset_v2/train_data/003569.jpg,False,24.529434204101562,29.9759578704834,True,0.19933392539964476,17.787193298339844,32.82292175292969,0.30403292179107666,0.010142558678596618,7.1813135825234555,59.561279296875,0.0,0.0,0.0,False,0,['worst_quality_percentile'],False,0.8239832884807197,worst_quality_percentile
3573,train,13,male,caucasian,neutral,/home/fox/Desktop/Projects/Amrita RLHF/Diffusion_RL_Abi/datasets/appa-real-dataset_v2/train_data/003573.jpg,False,46.17889404296875,41.53702163696289,True,0.31258264462809915,28.397890090942383,36.598140716552734,0.09775018692016602,0.002353326760430351,8.191589091721504,55.57135009765625,0.0,0.0,0.0,False,0,['worst_quality_percentile'],False,0.7398046558894932,worst_quality_percentile
3579,train,22,male,caucasian,happy,/home/fox/Desktop/Projects/Amrita RLHF/Diffusion_RL_Abi/datasets/appa-real-dataset_v2/train_data/003579.jpg,False,24.99814224243164,28.53253746032715,True,0.09904622157006603,5.537070274353027,27.531909942626953,0.44591283798217773,0.01562822174417442,8.900781809804847,63.39105224609375,0.0,0.0,0.0,False,0,"['roi_blur_laplacian', 'worst_quality_percentile']",False,0.8744377740557427,roi_blur_laplacian;worst_quality_percentile
3581,train,37,male,asian,neutral,/home/fox/Desktop/Projects/Amrita RLHF/Diffusion_RL_Abi/datasets/appa-real-dataset_v2/train_data/003581.jpg,False,187.75497436523438,38.60564422607422,True,0.156025,130.2484588623047,37.21684265136719,0.7967593669891357,0.0206384160224061,6.413962871729116,41.7711181640625,0.0,0.0,0.0,False,0,['worst_quality_percentile'],False,0.758304006624386,worst_quality_percentile
3587,train,6,female,caucasian,happy,/home/fox/Desktop/Projects/Amrita RLHF/Diffusion_RL_Abi/datasets/appa-real-dataset_v2/train_data/003587.jpg,False,363.85516357421875,52.29802703857422,True,0.24476454293628808,70.45992279052734,41.310699462890625,0.09456539154052734,0.001808201859366043,6.976720844907778,45.9024658203125,0.0,0.0,0.0,False,0,['worst_quality_percentile'],False,0.6661836385192992,worst_quality_percentile
3593,train,29,male,caucasian,neutral,/home/fox/Desktop/Projects/Amrita RLHF/Diffusion_RL_Abi/datasets/appa-real-dataset_v2/train_data/003593.jpg,False,156.56185913085938,34.96337890625,True,0.14686794076517623,41.13783264160156,33.39222717285156,0.4321894645690918,0.01236120380031778,7.717677174193413,61.64678955078125,0.0,0.0,0.0,False,0,['worst_quality_percentile'],False,0.8388505184711218,worst_quality_percentile
3598,train,15,female,asian,slightlyhappy,/home/fox/Desktop/Projects/Amrita RLHF/Diffusion_RL_Abi/datasets/appa-real-dataset_v2/train_data/003598.jpg,False,17.18524932861328,27.263444900512695,True,0.2265065484904839,11.759756088256836,24.193496704101562,0.07055282592773438,0.0025878176289669827,8.93348227716279,64.445068359375,0.0,0.0,0.0,False,0,"['roi_blur_laplacian', 'worst_quality_percentile']",False,0.7732088751717259,roi_blur_laplacian;worst_quality_percentile
3600,train,69,male,caucasian,happy,/home/fox/Desktop/Projects/Amrita RLHF/Diffusion_RL_Abi/datasets/appa-real-dataset_v2/train_data/003600.jpg,False,196.60421752929688,41.429176330566406,True,0.25763314967860423,181.84046936035156,48.017940521240234,0.36710190773010254,0.008860950938054354,6.090068010605373,41.78564453125,0.0,0.0,0.0,False,0,['worst_quality_percentile'],False,0.6696275664791013,worst_quality_percentile
3602,train,17,female,caucasian,slightlyhappy,/home/fox/Desktop/Projects/Amrita RLHF/Diffusion_RL_Abi/datasets/appa-real-dataset_v2/train_data/003602.jpg,False,204.6024932861328,26.139293670654297,True,0.032412835495565916,55.2927360534668,46.09723663330078,0.659671425819397,0.02523677222859375,5.80843025760133,45.82122802734375,0.45971479500891266,0.1478642988551765,0.5971479500891266,True,1,['worst_quality_percentile'],False,0.830984060071137,worst_quality_percentile
3606,train,52,male,caucasian,slightlyhappy,/home/fox/Desktop/Projects/Amrita RLHF/Diffusion_RL_Abi/datasets/appa-real-dataset_v2/train_data/003606.jpg,False,53.8297233581543,33.603431701660156,True,0.5036420395421436,75.56676483154297,39.47996520996094,-0.002195596694946289,-6.533846450865173e-05,9.054593984914751,66.25762939453125,0.0,0.0,0.0,False,0,['worst_quality_percentile'],False,0.6803733744848223,worst_quality_percentile
3608,train,23,female,asian,happy,/home/fox/Desktop/Projects/Amrita RLHF/Diffusion_RL_Abi/datasets/appa-real-dataset_v2/train_data/003608.jpg,False,99.9404296875,28.2158260345459,True,0.1490342016657806,18.479265213012695,23.936216354370117,-0.019338369369506836,-0.0006853731186340916,6.191407593577038,45.24853515625,0.09590909090909092,0.12084662413609783,0.7954545454545454,False,1,['worst_quality_percentile'],False,0.7235824378493328,worst_quality_percentile
3615,train,38,male,caucasian,happy,/home/fox/Desktop/Projects/Amrita RLHF/Diffusion_RL_Abi/datasets/appa-real-dataset_v2/train_data/003615.jpg,False,372.7945251464844,48.37074279785156,True,0.11390625,5.889999866485596,17.453481674194336,2.178328275680542,0.045034004124147764,6.978440182613061,83.16241455078125,0.0,0.0,0.0,False,0,"['roi_blur_tenengrad', 'roi_blur_laplacian', 'jpeg_blockiness', 'brisque', 'worst_quality_percentile']",False,0.8893426426030825,roi_blur_tenengrad;roi_blur_laplacian;jpeg_blockiness;brisque;worst_quality_percentile
3619,train,28,male,asian,slightlyhappy,/home/fox/Desktop/Projects/Amrita RLHF/Diffusion_RL_Abi/datasets/appa-real-dataset_v2/train_data/003619.jpg,False,75.24915313720703,32.074806213378906,True,0.20935208333333333,49.70494079589844,45.56085968017578,0.06851434707641602,0.00213607977814556,6.290560372037523,45.79345703125,0.0,0.0,0.0,False,0,['worst_quality_percentile'],False,0.6445038297231684,worst_quality_percentile
3630,train,28,male,caucasian,slightlyhappy,/home/fox/Desktop/Projects/Amrita RLHF/Diffusion_RL_Abi/datasets/appa-real-dataset_v2/train_data/003630.jpg,False,206.5863037109375,55.39642333984375,True,0.13703703703703704,54.801513671875,53.366703033447266,0.5002140998840332,0.009029718178475563,7.17781225666541,52.96429443359375,0.0,0.0,0.0,False,0,['worst_quality_percentile'],False,0.7445471140636467,worst_quality_percentile
3636,train,36,male,caucasian,slightlyhappy,/home/fox/Desktop/Projects/Amrita RLHF/Diffusion_RL_Abi/datasets/appa-real-dataset_v2/train_data/003636.jpg,False,66.24612426757812,33.923011779785156,True,0.305877212147695,36.3994026184082,30.110790252685547,0.20439481735229492,0.006025255441760012,7.592302080634714,52.861083984375,0.0,0.0,0.0,False,0,['worst_quality_percentile'],False,0.7848015507085458,worst_quality_percentile
3637,train,8,male,caucasian,neutral,/home/fox/Desktop/Projects/Amrita RLHF/Diffusion_RL_Abi/datasets/appa-real-dataset_v2/train_data/003637.jpg,False,156.65383911132812,32.56374740600586,False,0.0,99.31878662109375,35.55414962768555,0.20677828788757324,0.0063499534915162385,7.571013983494674,57.7366943359375,0.0,0.0,0.0,False,0,['worst_quality_percentile'],False,0.7619361273688767,worst_quality_percentile
3638,train,26,male,caucasian,neutral,/home/fox/Desktop/Projects/Amrita RLHF/Diffusion_RL_Abi/datasets/appa-real-dataset_v2/train_data/003638.jpg,False,184.47669982910156,29.593120574951172,True,0.12896133333333334,136.92218017578125,34.891822814941406,0.6309006214141846,0.02131916431378448,4.101878645390465,26.0853271484375,0.0,0.0,0.0,False,0,['worst_quality_percentile'],False,0.66484746974801,worst_quality_percentile
3642,train,44,male,caucasian,slightlyhappy,/home/fox/Desktop/Projects/Amrita RLHF/Diffusion_RL_Abi/datasets/appa-real-dataset_v2/train_data/003642.jpg,False,56.19045639038086,22.69586753845215,True,0.3204740740740741,164.8037109375,49.360694885253906,0.1905207633972168,0.008394512995809336,5.782860017884767,46.5457763671875,0.0,0.0,0.0,False,0,['worst_quality_percentile'],False,0.6487569866571317,worst_quality_percentile
3646,train,43,male,asian,neutral,/home/fox/Desktop/Projects/Amrita RLHF/Diffusion_RL_Abi/datasets/appa-real-dataset_v2/train_data/003646.jpg,False,180.6868438720703,30.751638412475586,True,0.17395606118928475,216.6797332763672,63.956661224365234,-0.09067440032958984,-0.00294860378379711,7.132110456436928,62.38189697265625,0.5,0.30296109376559316,1.0,True,1,['black_bars_area'],False,0.5770273067730584,black_bars_area
3651,train,15,female,caucasian,neutral,/home/fox/Desktop/Projects/Amrita RLHF/Diffusion_RL_Abi/datasets/appa-real-dataset_v2/train_data/003651.jpg,False,429.3560791015625,48.54383087158203,True,0.0028843014394971623,5.459136962890625,19.922473907470703,-0.006717205047607422,-0.0001383740176378563,4.335887553724802,-16.96270751953125,0.4452201933404941,0.09229072374045441,0.4522019334049409,True,1,"['roi_blur_tenengrad', 'roi_blur_laplacian']",False,0.5910947174285337,roi_blur_tenengrad;roi_blur_laplacian
3659,train,18,male,caucasian,other,/home/fox/Desktop/Projects/Amrita RLHF/Diffusion_RL_Abi/datasets/appa-real-dataset_v2/train_data/003659.jpg,False,138.285400390625,44.64781188964844,True,0.11571571571571572,35.71049499511719,45.63433074951172,0.05715656280517578,0.0012801648973588915,7.522752916196698,63.4698486328125,0.4317567567567568,0.03028028028028028,0.31756756756756754,True,1,['worst_quality_percentile'],False,0.7691627303009202,worst_quality_percentile
3675,train,38,female,caucasian,happy,/home/fox/Desktop/Projects/Amrita RLHF/Diffusion_RL_Abi/datasets/appa-real-dataset_v2/train_data/003675.jpg,False,252.05459594726562,50.64714431762695,True,0.393984375,225.43238830566406,52.90681457519531,1.3686861991882324,0.027023955458983836,7.500915116814141,50.5238037109375,0.0,0.0,0.0,False,0,['worst_quality_percentile'],False,0.7244104861019629,worst_quality_percentile
3676,train,24,male,asian,neutral,/home/fox/Desktop/Projects/Amrita RLHF/Diffusion_RL_Abi/datasets/appa-real-dataset_v2/train_data/003676.jpg,False,36.52987289428711,50.49048614501953,True,0.4058922996878252,44.47159194946289,53.740352630615234,0.06725597381591797,0.0013320523848927097,10.074131783675021,70.63153076171875,0.0,0.0,0.0,False,0,['worst_quality_percentile'],False,0.6735419764006249,worst_quality_percentile
3677,train,35,female,caucasian,neutral,/home/fox/Desktop/Projects/Amrita RLHF/Diffusion_RL_Abi/datasets/appa-real-dataset_v2/train_data/003677.jpg,False,327.7740783691406,43.1784553527832,True,0.12438400205761317,120.3080062866211,35.64634704589844,0.5064935684204102,0.011730237975211047,5.215060683543624,25.36212158203125,0.0,0.0,0.0,False,0,['worst_quality_percentile'],False,0.6917025801230781,worst_quality_percentile
3686,train,23,male,caucasian,slightlyhappy,/home/fox/Desktop/Projects/Amrita RLHF/Diffusion_RL_Abi/datasets/appa-real-dataset_v2/train_data/003686.jpg,False,566.1630249023438,41.25447082519531,True,0.30563817833300283,236.08609008789062,43.725196838378906,0.29253673553466797,0.007091030925670638,6.451255073063188,39.383544921875,0.5,0.36499438165113357,1.0,True,1,"['black_bars_area', 'worst_quality_percentile']",False,0.7417994994071927,black_bars_area;worst_quality_percentile
3687,train,18,female,caucasian,slightlyhappy,/home/fox/Desktop/Projects/Amrita RLHF/Diffusion_RL_Abi/datasets/appa-real-dataset_v2/train_data/003687.jpg,False,432.89404296875,67.86994934082031,True,0.1969140625,92.0132827758789,46.295989990234375,0.637211799621582,0.009388717634560161,4.4436121767746055,24.1748046875,0.0,0.0,0.0,False,0,['worst_quality_percentile'],False,0.6426595404332198,worst_quality_percentile
3689,train,20,male,caucasian,slightlyhappy,/home/fox/Desktop/Projects/Amrita RLHF/Diffusion_RL_Abi/datasets/appa-real-dataset_v2/train_data/003689.jpg,False,151.74444580078125,45.545989990234375,False,0.0,173.10653686523438,51.075286865234375,0.2529897689819336,0.0055546001630786285,6.607354539132362,46.28350830078125,0.46156862745098043,0.12084582852748943,0.615686274509804,True,1,['worst_quality_percentile'],False,0.7293975948962118,worst_quality_percentile
3695,train,19,male,caucasian,slightlyhappy,/home/fox/Desktop/Projects/Amrita RLHF/Diffusion_RL_Abi/datasets/appa-real-dataset_v2/train_data/003695.jpg,False,110.47128295898438,17.693273544311523,True,0.12104600694444445,53.09660339355469,24.646961212158203,-0.037509799003601074,-0.0021200032198483384,6.84611245588323,64.403076171875,0.474609375,0.17756510416666665,0.74609375,True,3,['worst_quality_percentile'],False,0.7447541261268044,worst_quality_percentile
3696,train,40,male,caucasian,happy,/home/fox/Desktop/Projects/Amrita RLHF/Diffusion_RL_Abi/datasets/appa-real-dataset_v2/train_data/003696.jpg,False,1489.4544677734375,68.72651672363281,True,0.008168365221973837,20.583477020263672,29.879985809326172,1.3313345909118652,0.019371483308168,3.2588351485673206,3.66278076171875,0.0,0.0,0.0,False,0,['worst_quality_percentile'],False,0.6353012025518942,worst_quality_percentile
3697,train,67,male,caucasian,neutral,/home/fox/Desktop/Projects/Amrita RLHF/Diffusion_RL_Abi/datasets/appa-real-dataset_v2/train_data/003697.jpg,False,322.64727783203125,52.40865707397461,True,0.005839142091152815,4.887474536895752,17.739910125732422,-0.02496623992919922,-0.00047637624863356494,4.339805971018229,31.9114990234375,0.0,0.0,0.0,False,0,"['roi_blur_tenengrad', 'roi_blur_laplacian']",False,0.5928072717692003,roi_blur_tenengrad;roi_blur_laplacian
3709,train,41,male,asian,happy,/home/fox/Desktop/Projects/Amrita RLHF/Diffusion_RL_Abi/datasets/appa-real-dataset_v2/train_data/003709.jpg,False,771.71875,54.51494216918945,True,0.057823426573426574,90.02539825439453,64.5659408569336,0.45780467987060547,0.008397783309610891,5.932004326326294,45.30889892578125,0.1,0.3394959207459207,1.0,False,3,['worst_quality_percentile'],False,0.7237141727986149,worst_quality_percentile
3718,train,23,male,caucasian,slightlyhappy,/home/fox/Desktop/Projects/Amrita RLHF/Diffusion_RL_Abi/datasets/appa-real-dataset_v2/train_data/003718.jpg,False,5.993178844451904,19.204833984375,True,0.30864197530864196,8.417695045471191,33.16489791870117,0.08514726161956787,0.004433636721629914,10.762137659328623,81.169677734375,0.0,0.0,0.0,False,0,"['roi_blur_laplacian', 'niqe', 'brisque', 'worst_quality_percentile']",False,0.7875679846434688,roi_blur_laplacian;niqe;brisque;worst_quality_percentile
3719,train,13,female,caucasian,happy,/home/fox/Desktop/Projects/Amrita RLHF/Diffusion_RL_Abi/datasets/appa-real-dataset_v2/train_data/003719.jpg,False,107.65583038330078,37.145103454589844,False,0.0,94.24653625488281,34.978004455566406,0.5885138511657715,0.01584364507266991,5.850799567705692,25.1849365234375,0.0,0.0,0.0,False,0,['worst_quality_percentile'],False,0.7225285582550764,worst_quality_percentile
3721,train,19,female,caucasian,slightlyhappy,/home/fox/Desktop/Projects/Amrita RLHF/Diffusion_RL_Abi/datasets/appa-real-dataset_v2/train_data/003721.jpg,False,284.59185791015625,45.710140228271484,True,0.007008333333333333,4.884634017944336,24.47989273071289,-0.12861299514770508,-0.002813664357443696,4.205629943706941,13.56817626953125,0.0,0.0,0.0,False,0,['roi_blur_laplacian'],False,0.49477765022489034,roi_blur_laplacian
3730,train,26,male,asian,happy,/home/fox/Desktop/Projects/Amrita RLHF/Diffusion_RL_Abi/datasets/appa-real-dataset_v2/train_data/003730.jpg,False,61.46319580078125,27.350873947143555,True,0.32548496145583217,21.502967834472656,29.363134384155273,-0.16879630088806152,-0.0061715137528238415,7.877207994900121,54.3934326171875,0.0,0.0,0.0,False,0,['worst_quality_percentile'],False,0.6337392024389786,worst_quality_percentile
3736,train,41,male,caucasian,happy,/home/fox/Desktop/Projects/Amrita RLHF/Diffusion_RL_Abi/datasets/appa-real-dataset_v2/train_data/003736.jpg,False,873.152587890625,53.98403549194336,True,0.01491921714024685,5.131367206573486,13.655783653259277,-0.5308332443237305,-0.00983315214680089,3.0126139077842744,5.5504150390625,0.0,0.0,0.0,False,0,"['roi_blur_tenengrad', 'roi_blur_laplacian']",False,0.38152323239926983,roi_blur_tenengrad;roi_blur_laplacian
3742,train,14,female,asian,happy,/home/fox/Desktop/Projects/Amrita RLHF/Diffusion_RL_Abi/datasets/appa-real-dataset_v2/train_data/003742.jpg,False,20.900135040283203,37.03180694580078,True,0.3787853333333333,30.800819396972656,43.68075180053711,0.10181188583374023,0.0027493090799874166,8.43050408886059,61.61993408203125,0.0,0.0,0.0,False,0,['worst_quality_percentile'],False,0.7315618119201309,worst_quality_percentile
3753,train,40,female,caucasian,happy,/home/fox/Desktop/Projects/Amrita RLHF/Diffusion_RL_Abi/datasets/appa-real-dataset_v2/train_data/003753.jpg,False,108.72795867919922,32.60961151123047,True,0.07200462849328518,22.36944007873535,18.437294006347656,0.10207366943359375,0.003130171184905692,5.078220154905725,32.58135986328125,0.0,0.0,0.0,False,0,"['roi_blur_tenengrad', 'worst_quality_percentile']",False,0.67213053051546,roi_blur_tenengrad;worst_quality_percentile
3757,train,14,male,caucasian,neutral,/home/fox/Desktop/Projects/Amrita RLHF/Diffusion_RL_Abi/datasets/appa-real-dataset_v2/train_data/003757.jpg,False,76.78191375732422,27.544801712036133,True,0.06743955761316872,18.564653396606445,17.385730743408203,-0.02590036392211914,-0.0009402994892681359,5.299332697401521,43.56121826171875,0.42708333333333337,0.04198045267489712,0.2708333333333333,True,1,"['roi_blur_tenengrad', 'worst_quality_percentile']",False,0.708809304251275,roi_blur_tenengrad;worst_quality_percentile
3762,train,28,female,caucasian,happy,/home/fox/Desktop/Projects/Amrita RLHF/Diffusion_RL_Abi/datasets/appa-real-dataset_v2/train_data/003762.jpg,False,61.946468353271484,44.777225494384766,True,0.3181359223300971,70.95993041992188,48.306251525878906,0.48226428031921387,0.01077030263095218,8.229026150367588,61.13787841796875,0.0,0.0,0.0,False,0,['worst_quality_percentile'],False,0.7854790447334248,worst_quality_percentile
3765,train,26,female,caucasian,happy,/home/fox/Desktop/Projects/Amrita RLHF/Diffusion_RL_Abi/datasets/appa-real-dataset_v2/train_data/003765.jpg,False,111.12322998046875,43.63642501831055,True,0.26064970465477244,82.91730499267578,41.7564697265625,0.2339773178100586,0.0053619725344114565,6.009159221151783,40.969482421875,0.0,0.0,0.0,False,0,['worst_quality_percentile'],False,0.686056796582419,worst_quality_percentile
3768,train,28,female,caucasian,neutral,/home/fox/Desktop/Projects/Amrita RLHF/Diffusion_RL_Abi/datasets/appa-real-dataset_v2/train_data/003768.jpg,False,161.512939453125,37.7864875793457,True,0.2095835408366534,47.646854400634766,37.868404388427734,0.1767878532409668,0.0046785996764356665,6.157218308897335,34.1875,0.0,0.0,0.0,False,0,['worst_quality_percentile'],False,0.6883903871125581,worst_quality_percentile
3769,train,33,male,caucasian,slightlyhappy,/home/fox/Desktop/Projects/Amrita RLHF/Diffusion_RL_Abi/datasets/appa-real-dataset_v2/train_data/003769.jpg,False,60.39453887939453,35.86915588378906,True,0.25589764094362255,51.238956451416016,45.838191986083984,0.02105259895324707,0.0005869276220083589,8.142976923004776,68.6591796875,0.0,0.0,0.0,False,0,['worst_quality_percentile'],False,0.6792065792197527,worst_quality_percentile
3770,train,33,female,caucasian,happy,/home/fox/Desktop/Projects/Amrita RLHF/Diffusion_RL_Abi/datasets/appa-real-dataset_v2/train_data/003770.jpg,False,470.07379150390625,47.28799057006836,True,0.20973319902887547,90.39151000976562,37.117279052734375,-0.005532264709472656,-0.00011699090034888237,3.550857507158049,26.82659912109375,0.4878661087866109,0.2974779172477917,0.8786610878661087,True,1,['black_bars_area'],False,0.5809511263338163,black_bars_area
3771,train,14,female,caucasian,neutral,/home/fox/Desktop/Projects/Amrita RLHF/Diffusion_RL_Abi/datasets/appa-real-dataset_v2/train_data/003771.jpg,False,318.299560546875,38.09840774536133,True,0.014336430430628315,12.175692558288574,22.002763748168945,-0.0030014514923095703,-7.878154471937131e-05,4.598773573068828,-0.87139892578125,0.0,0.0,0.0,False,0,['roi_blur_laplacian'],False,0.5269774356851159,roi_blur_laplacian
3779,train,31,male,caucasian,happy,/home/fox/Desktop/Projects/Amrita RLHF/Diffusion_RL_Abi/datasets/appa-real-dataset_v2/train_data/003779.jpg,False,55.98966598510742,26.73991584777832,True,0.5505421956380209,143.91189575195312,46.058406829833984,0.12394547462463379,0.0046352228890693715,6.862517227752578,50.2945556640625,0.5,0.19359334309895834,1.0,True,2,['worst_quality_percentile'],False,0.7462126202081413,worst_quality_percentile
3785,train,50,male,caucasian,neutral,/home/fox/Desktop/Projects/Amrita RLHF/Diffusion_RL_Abi/datasets/appa-real-dataset_v2/train_data/003785.jpg,False,23.77227783203125,34.052146911621094,True,0.45990223279165016,29.933914184570312,43.71162033081055,-0.364166259765625,-0.01069436972700758,9.470251680164923,77.59954833984375,0.0,0.0,0.0,False,0,['brisque'],False,0.5906430547452811,brisque
3787,train,19,male,caucasian,happy,/home/fox/Desktop/Projects/Amrita RLHF/Diffusion_RL_Abi/datasets/appa-real-dataset_v2/train_data/003787.jpg,False,459.34149169921875,34.47557830810547,True,0.05878170077035898,102.90644836425781,46.84354019165039,-0.30222606658935547,-0.008766381092204007,4.253368967630793,30.06085205078125,0.5,0.27932721745197714,1.0,True,3,['black_bars_area'],False,0.4934320718143666,black_bars_area
3788,train,17,female,asian,happy,/home/fox/Desktop/Projects/Amrita RLHF/Diffusion_RL_Abi/datasets/appa-real-dataset_v2/train_data/003788.jpg,False,292.8115539550781,37.326358795166016,True,0.16362240720524018,397.32672119140625,45.90621566772461,0.2805674076080322,0.007516602453271304,5.5713961227699444,55.5001220703125,0.0,0.0,0.0,False,0,['worst_quality_percentile'],False,0.6396860944351394,worst_quality_percentile
3793,train,53,male,caucasian,neutral,/home/fox/Desktop/Projects/Amrita RLHF/Diffusion_RL_Abi/datasets/appa-real-dataset_v2/train_data/003793.jpg,False,1266.159912109375,78.5862808227539,True,0.01790010460251046,6.872187614440918,33.74824523925781,-0.20384788513183594,-0.0025939372674686554,5.738375157711436,32.69232177734375,0.0,0.0,0.0,False,0,['roi_blur_laplacian'],False,0.5692267158477143,roi_blur_laplacian
3802,train,45,female,caucasian,happy,/home/fox/Desktop/Projects/Amrita RLHF/Diffusion_RL_Abi/datasets/appa-real-dataset_v2/train_data/003802.jpg,False,120.82242584228516,25.942079544067383,True,0.05932016333737998,28.96721649169922,14.925244331359863,0.04818463325500488,0.0018573927859469267,6.5706997654413275,11.01617431640625,0.0,0.0,0.0,False,0,['roi_blur_tenengrad'],False,0.619041345954796,roi_blur_tenengrad
3804,train,33,male,caucasian,other,/home/fox/Desktop/Projects/Amrita RLHF/Diffusion_RL_Abi/datasets/appa-real-dataset_v2/train_data/003804.jpg,False,33.719886779785156,21.200965881347656,True,0.4181200572707967,68.04297637939453,29.251083374023438,-0.12816905975341797,-0.006045434647897096,6.628811309035282,38.99932861328125,0.09678284182305631,0.11426292676833194,0.839142091152815,False,1,['worst_quality_percentile'],False,0.6372207689557182,worst_quality_percentile
3805,train,40,female,caucasian,neutral,/home/fox/Desktop/Projects/Amrita RLHF/Diffusion_RL_Abi/datasets/appa-real-dataset_v2/train_data/003805.jpg,False,102.85343933105469,37.17660140991211,True,0.05267401236226821,7.171487331390381,30.032175064086914,0.3699951171875,0.00995236501463757,7.585301310224863,52.3087158203125,0.0,0.0,0.0,False,0,"['roi_blur_laplacian', 'worst_quality_percentile']",False,0.8327342529687412,roi_blur_laplacian;worst_quality_percentile
3806,train,23,male,asian,happy,/home/fox/Desktop/Projects/Amrita RLHF/Diffusion_RL_Abi/datasets/appa-real-dataset_v2/train_data/003806.jpg,False,199.19224548339844,61.509944915771484,True,0.3378515625,131.7092742919922,53.028865814208984,0.08525323867797852,0.0013860073750466284,7.759702182287436,59.38580322265625,0.0,0.0,0.0,False,0,['worst_quality_percentile'],False,0.6360916122475864,worst_quality_percentile
3811,train,21,male,caucasian,other,/home/fox/Desktop/Projects/Amrita RLHF/Diffusion_RL_Abi/datasets/appa-real-dataset_v2/train_data/003811.jpg,False,80.1775894165039,43.97025680541992,True,0.22224489795918367,27.439525604248047,44.65251159667969,0.4506845474243164,0.010249759039819947,7.620584824750907,59.05670166015625,0.0,0.0,0.0,False,0,['worst_quality_percentile'],False,0.8080998174529989,worst_quality_percentile
3827,train,49,male,caucasian,neutral,/home/fox/Desktop/Projects/Amrita RLHF/Diffusion_RL_Abi/datasets/appa-real-dataset_v2/train_data/003827.jpg,False,336.55682373046875,56.45867156982422,True,0.31640625,466.8193054199219,87.8573226928711,2.6659083366394043,0.04721875692954686,5.549696503043958,29.41558837890625,0.0,0.0,0.0,False,0,['jpeg_blockiness'],False,0.5502757024295688,jpeg_blockiness
3829,train,23,male,caucasian,slightlyhappy,/home/fox/Desktop/Projects/Amrita RLHF/Diffusion_RL_Abi/datasets/appa-real-dataset_v2/train_data/003829.jpg,False,30.093887329101562,35.334774017333984,True,0.4782950476024107,54.70149230957031,44.76056671142578,0.0034084320068359375,9.646112095418415e-05,8.565776456377298,63.935546875,0.0,0.0,0.0,False,0,['worst_quality_percentile'],False,0.6729397594896211,worst_quality_percentile
3832,train,14,female,caucasian,happy,/home/fox/Desktop/Projects/Amrita RLHF/Diffusion_RL_Abi/datasets/appa-real-dataset_v2/train_data/003832.jpg,False,215.227294921875,47.862518310546875,True,0.1736111111111111,63.64561080932617,31.317882537841797,0.7935776710510254,0.016580357291726484,4.688751927564839,18.345947265625,0.0,0.0,0.0,False,0,['worst_quality_percentile'],False,0.7001336168771289,worst_quality_percentile
3833,train,30,male,caucasian,neutral,/home/fox/Desktop/Projects/Amrita RLHF/Diffusion_RL_Abi/datasets/appa-real-dataset_v2/train_data/003833.jpg,False,511.7264404296875,50.249820709228516,True,0.10498899875407576,102.5577163696289,42.435428619384766,-0.12491464614868164,-0.0024858724250108283,3.7089515785030485,33.51776123046875,0.5,0.2790936563900008,1.0,True,1,['black_bars_area'],False,0.5403485330372434,black_bars_area
3842,train,14,female,caucasian,slightlyhappy,/home/fox/Desktop/Projects/Amrita RLHF/Diffusion_RL_Abi/datasets/appa-real-dataset_v2/train_data/003842.jpg,False,48.630165100097656,39.03779602050781,True,0.0985546875,16.225141525268555,24.468339920043945,0.11995410919189453,0.0030727684026042447,5.18101381566095,35.7052001953125,0.0,0.0,0.0,False,0,['worst_quality_percentile'],False,0.6837796638876866,worst_quality_percentile
3847,train,28,female,caucasian,happy,/home/fox/Desktop/Projects/Amrita RLHF/Diffusion_RL_Abi/datasets/appa-real-dataset_v2/train_data/003847.jpg,False,268.90362548828125,40.2293815612793,True,0.37114859437751,151.6860809326172,38.05453109741211,2.3044838905334473,0.057283600786642665,4.6972800187028,8.578369140625,0.0,0.0,0.0,False,0,"['jpeg_blockiness', 'worst_quality_percentile']",False,0.6405706005231758,jpeg_blockiness;worst_quality_percentile
3860,train,47,male,caucasian,happy,/home/fox/Desktop/Projects/Amrita RLHF/Diffusion_RL_Abi/datasets/appa-real-dataset_v2/train_data/003860.jpg,False,146.88482666015625,39.34786605834961,True,0.1590971648775117,41.0184440612793,49.61747741699219,0.0837562084197998,0.002128608605279578,7.340696231484028,55.65814208984375,0.0,0.0,0.0,False,0,['worst_quality_percentile'],False,0.6786608201441557,worst_quality_percentile
3865,train,61,female,caucasian,happy,/home/fox/Desktop/Projects/Amrita RLHF/Diffusion_RL_Abi/datasets/appa-real-dataset_v2/train_data/003865.jpg,False,780.0716552734375,50.463470458984375,True,0.033708,30.640514373779297,17.8299617767334,0.39766407012939453,0.00788023611202823,3.315579111155874,8.03363037109375,0.5,0.32741733333333334,1.0,True,1,"['roi_blur_tenengrad', 'black_bars_area', 'worst_quality_percentile']",False,0.6939514839001074,roi_blur_tenengrad;black_bars_area;worst_quality_percentile
3873,train,33,male,asian,neutral,/home/fox/Desktop/Projects/Amrita RLHF/Diffusion_RL_Abi/datasets/appa-real-dataset_v2/train_data/003873.jpg,False,96.13518524169922,28.22498321533203,True,0.36671296296296296,135.96461486816406,37.710113525390625,0.39829468727111816,0.014111422852621522,5.834561669533808,30.09234619140625,0.0,0.0,0.0,False,0,['worst_quality_percentile'],False,0.7021660989517661,worst_quality_percentile
3877,train,35,female,afroamerican,slightlyhappy,/home/fox/Desktop/Projects/Amrita RLHF/Diffusion_RL_Abi/datasets/appa-real-dataset_v2/train_data/003877.jpg,False,11.378273010253906,22.97058868408203,True,0.4593827160493827,18.435850143432617,31.022598266601562,0.07956433296203613,0.003463747951458641,9.48138285840187,65.09295654296875,0.0,0.0,0.0,False,0,['worst_quality_percentile'],False,0.7737358149688541,worst_quality_percentile
3881,train,35,male,asian,neutral,/home/fox/Desktop/Projects/Amrita RLHF/Diffusion_RL_Abi/datasets/appa-real-dataset_v2/train_data/003881.jpg,False,119.18046569824219,26.148998260498047,True,0.25646990404187264,155.8683319091797,49.53437042236328,0.0791621208190918,0.003027348007871106,8.680111470708058,74.05731201171875,0.0,0.0,0.0,False,0,"['brisque', 'worst_quality_percentile']",False,0.6682161205939364,brisque;worst_quality_percentile
3882,train,27,female,caucasian,neutral,/home/fox/Desktop/Projects/Amrita RLHF/Diffusion_RL_Abi/datasets/appa-real-dataset_v2/train_data/003882.jpg,False,104.9170150756836,33.4786491394043,True,0.26302734375,109.66654205322266,47.31035232543945,-0.13145899772644043,-0.003926651677383894,6.5188843103074605,48.182373046875,1.0,0.07298177083333333,1.0,True,1,['black_bars_score'],False,0.6163501891337486,black_bars_score
3886,train,55,female,caucasian,slightlyhappy,/home/fox/Desktop/Projects/Amrita RLHF/Diffusion_RL_Abi/datasets/appa-real-dataset_v2/train_data/003886.jpg,False,74.6318359375,29.254764556884766,False,0.0,103.39868927001953,42.60227966308594,0.3642899990081787,0.012452330144291562,5.198401688913392,19.8515625,0.0,0.0,0.0,False,0,['worst_quality_percentile'],False,0.6554378305135781,worst_quality_percentile
3887,train,19,female,caucasian,slightlyhappy,/home/fox/Desktop/Projects/Amrita RLHF/Diffusion_RL_Abi/datasets/appa-real-dataset_v2/train_data/003887.jpg,False,50.291683197021484,14.607027053833008,True,0.02424683656575213,8.791360855102539,12.442093849182129,0.21618962287902832,0.014800383903027991,5.240207911045949,40.58111572265625,0.5,0.4739571014664144,1.0,True,1,"['roi_blur_tenengrad', 'roi_blur_laplacian', 'black_bars_area', 'worst_quality_percentile']",False,0.8481190131170371,roi_blur_tenengrad;roi_blur_laplacian;black_bars_area;worst_quality_percentile
3895,train,20,male,caucasian,neutral,/home/fox/Desktop/Projects/Amrita RLHF/Diffusion_RL_Abi/datasets/appa-real-dataset_v2/train_data/003895.jpg,False,27.54774284362793,22.334962844848633,True,0.35308128586800575,56.487430572509766,37.599910736083984,0.07481789588928223,0.0033498104769280083,8.063865354205303,61.240234375,0.0,0.0,0.0,False,0,['worst_quality_percentile'],False,0.7349492820445266,worst_quality_percentile
3897,train,14,male,caucasian,neutral,/home/fox/Desktop/Projects/Amrita RLHF/Diffusion_RL_Abi/datasets/appa-real-dataset_v2/train_data/003897.jpg,False,82.41522216796875,23.079952239990234,True,0.2815493544356518,78.05670928955078,23.500825881958008,0.025269269943237305,0.0010948579349568906,6.228687326628639,40.197021484375,0.0,0.0,0.0,False,0,['worst_quality_percentile'],False,0.646366938291586,worst_quality_percentile
3902,train,58,female,caucasian,happy,/home/fox/Desktop/Projects/Amrita RLHF/Diffusion_RL_Abi/datasets/appa-real-dataset_v2/train_data/003902.jpg,False,208.80801391601562,41.37357711791992,True,0.021168,5.027431011199951,16.50665283203125,0.2036294937133789,0.00492172789921648,4.776417614478728,36.60186767578125,0.0,0.0,0.0,False,0,"['roi_blur_tenengrad', 'roi_blur_laplacian', 'worst_quality_percentile']",False,0.7123661478818902,roi_blur_tenengrad;roi_blur_laplacian;worst_quality_percentile
3912,train,26,male,caucasian,neutral,/home/fox/Desktop/Projects/Amrita RLHF/Diffusion_RL_Abi/datasets/appa-real-dataset_v2/train_data/003912.jpg,False,54.9166259765625,26.336841583251953,True,0.3650173611111111,44.230384826660156,27.46389389038086,0.1265413761138916,0.004804728422318984,7.147619138508543,45.2926025390625,0.0,0.0,0.0,False,0,['worst_quality_percentile'],False,0.7400116679526507,worst_quality_percentile
3915,train,24,male,caucasian,neutral,/home/fox/Desktop/Projects/Amrita RLHF/Diffusion_RL_Abi/datasets/appa-real-dataset_v2/train_data/003915.jpg,False,48.981163024902344,44.26697540283203,True,0.5476,81.21472930908203,49.31882858276367,0.03951883316040039,0.0008927384784715527,9.553097086493963,67.8544921875,0.0,0.0,0.0,False,0,['worst_quality_percentile'],False,0.6641135178877242,worst_quality_percentile
3921,train,31,female,asian,slightlyhappy,/home/fox/Desktop/Projects/Amrita RLHF/Diffusion_RL_Abi/datasets/appa-real-dataset_v2/train_data/003921.jpg,False,1616.3016357421875,76.51481628417969,True,0.020501333333333333,36.762996673583984,36.4784049987793,0.7709779739379883,0.010076191792689503,3.392499002247618,17.1495361328125,0.08821333333333335,0.05664533333333333,0.4106666666666667,False,1,['worst_quality_percentile'],False,0.7009993036866966,worst_quality_percentile
3923,train,43,female,caucasian,happy,/home/fox/Desktop/Projects/Amrita RLHF/Diffusion_RL_Abi/datasets/appa-real-dataset_v2/train_data/003923.jpg,False,79.78666687011719,45.11063003540039,True,0.03453450520833334,9.339293479919434,19.715166091918945,0.38065600395202637,0.008438277080480387,5.421147824833807,44.53564453125,0.45333333333333337,0.038935546875,0.5333333333333333,True,1,"['roi_blur_tenengrad', 'roi_blur_laplacian', 'worst_quality_percentile']",False,0.8574439655983591,roi_blur_tenengrad;roi_blur_laplacian;worst_quality_percentile
3940,train,14,female,caucasian,slightlyhappy,/home/fox/Desktop/Projects/Amrita RLHF/Diffusion_RL_Abi/datasets/appa-real-dataset_v2/train_data/003940.jpg,False,48.997867584228516,28.468515396118164,True,0.221952,47.481048583984375,34.386966705322266,0.08404850959777832,0.002952331917417333,5.89012746094014,23.61944580078125,0.0,0.0,0.0,False,0,['worst_quality_percentile'],False,0.63503773265333,worst_quality_percentile
3948,train,39,male,caucasian,happy,/home/fox/Desktop/Projects/Amrita RLHF/Diffusion_RL_Abi/datasets/appa-real-dataset_v2/train_data/003948.jpg,False,126.60301971435547,39.48578643798828,True,0.18253916019481375,106.2744140625,43.258304595947266,0.1659400463104248,0.004202525948634826,5.117574170411121,39.90509033203125,0.0,0.0,0.0,False,0,['worst_quality_percentile'],False,0.6352823832734253,worst_quality_percentile
3951,train,51,female,caucasian,slightlyhappy,/home/fox/Desktop/Projects/Amrita RLHF/Diffusion_RL_Abi/datasets/appa-real-dataset_v2/train_data/003951.jpg,False,147.4138946533203,27.632640838623047,True,0.2934027777777778,217.82000732421875,39.886802673339844,0.3052389621734619,0.01104631847928559,5.265891190057859,39.16265869140625,0.5,0.3388943142361111,1.0,True,1,"['black_bars_area', 'worst_quality_percentile']",False,0.7498635602311008,black_bars_area;worst_quality_percentile
3957,train,26,male,caucasian,other,/home/fox/Desktop/Projects/Amrita RLHF/Diffusion_RL_Abi/datasets/appa-real-dataset_v2/train_data/003957.jpg,False,144.35964965820312,48.857177734375,True,0.25578015589906195,128.43099975585938,73.51402282714844,0.27938127517700195,0.005718325994546928,7.556132485661605,55.24053955078125,0.0,0.0,0.0,False,0,['worst_quality_percentile'],False,0.64497431168489,worst_quality_percentile
3960,train,37,male,caucasian,slightlyhappy,/home/fox/Desktop/Projects/Amrita RLHF/Diffusion_RL_Abi/datasets/appa-real-dataset_v2/train_data/003960.jpg,False,235.78965759277344,40.1381721496582,True,0.026133333333333335,18.084409713745117,37.12123489379883,0.11110854148864746,0.002768151432163365,5.329270850159525,30.17010498046875,0.0,0.0,0.0,False,0,['worst_quality_percentile'],False,0.6527278544140618,worst_quality_percentile
3963,train,32,male,afroamerican,neutral,/home/fox/Desktop/Projects/Amrita RLHF/Diffusion_RL_Abi/datasets/appa-real-dataset_v2/train_data/003963.jpg,False,707.8385620117188,62.942134857177734,True,0.1111111111111111,24.440004348754883,40.286109924316406,0.3493313789367676,0.005550040115089785,6.912517611583841,21.7894287109375,0.09591111111111111,0.14506666666666668,0.7955555555555556,False,2,['worst_quality_percentile'],False,0.7755236464233961,worst_quality_percentile
3964,train,59,female,caucasian,happy,/home/fox/Desktop/Projects/Amrita RLHF/Diffusion_RL_Abi/datasets/appa-real-dataset_v2/train_data/003964.jpg,False,123.97343444824219,36.06280517578125,True,0.041329549571307814,7.777593612670898,18.365100860595703,0.2662241458892822,0.007382235996600585,6.513807825112649,44.0816650390625,0.0,0.0,0.0,False,0,"['roi_blur_tenengrad', 'roi_blur_laplacian', 'worst_quality_percentile']",False,0.7828067071908463,roi_blur_tenengrad;roi_blur_laplacian;worst_quality_percentile
3970,train,25,male,caucasian,neutral,/home/fox/Desktop/Projects/Amrita RLHF/Diffusion_RL_Abi/datasets/appa-real-dataset_v2/train_data/003970.jpg,False,69.06005859375,22.563695907592773,True,0.060208333333333336,40.76310348510742,34.89540100097656,0.18102037906646729,0.008022638302926025,5.734532991394879,29.34423828125,0.0,0.0,0.0,False,0,['worst_quality_percentile'],False,0.700246532547942,worst_quality_percentile
3972,train,52,female,caucasian,slightlyhappy,/home/fox/Desktop/Projects/Amrita RLHF/Diffusion_RL_Abi/datasets/appa-real-dataset_v2/train_data/003972.jpg,False,17.456321716308594,38.93196105957031,True,0.3656716417910448,19.2377872467041,42.95718765258789,-0.39116382598876953,-0.010047369957626194,11.653832168923461,78.29443359375,0.0,0.0,0.0,False,0,"['niqe', 'brisque']",False,0.5980578504620133,niqe;brisque
3973,train,48,female,caucasian,happy,/home/fox/Desktop/Projects/Amrita RLHF/Diffusion_RL_Abi/datasets/appa-real-dataset_v2/train_data/003973.jpg,False,116.3806381225586,33.01481628417969,True,0.2637057961916719,50.0673828125,33.508358001708984,0.08875417709350586,0.0026883134420990972,7.380037676333808,57.5880126953125,0.0,0.0,0.0,False,0,['worst_quality_percentile'],False,0.7325592336789807,worst_quality_percentile
3974,train,58,female,caucasian,happy,/home/fox/Desktop/Projects/Amrita RLHF/Diffusion_RL_Abi/datasets/appa-real-dataset_v2/train_data/003974.jpg,False,73.04679107666016,29.357839584350586,True,0.12505208333333334,25.709918975830078,28.442188262939453,0.6109664440155029,0.02081101442935088,5.213531994387709,27.87921142578125,0.0,0.0,0.0,False,0,['worst_quality_percentile'],False,0.7585110186875436,worst_quality_percentile
3979,train,54,male,caucasian,neutral,/home/fox/Desktop/Projects/Amrita RLHF/Diffusion_RL_Abi/datasets/appa-real-dataset_v2/train_data/003979.jpg,False,30.927915573120117,22.746625900268555,True,0.102,28.002302169799805,39.22962951660156,0.019419431686401367,0.0008537279734505205,7.6385666981929194,50.3719482421875,0.09070588235294119,0.0685686274509804,0.5352941176470588,False,1,['worst_quality_percentile'],False,0.7507386566799029,worst_quality_percentile
3983,train,25,male,caucasian,slightlyhappy,/home/fox/Desktop/Projects/Amrita RLHF/Diffusion_RL_Abi/datasets/appa-real-dataset_v2/train_data/003983.jpg,False,70.14508819580078,40.97248077392578,True,0.18439446366782006,22.193397521972656,36.018287658691406,0.1885221004486084,0.004601188219176433,7.7593112284719306,62.996337890625,0.09411764705882354,0.18889273356401384,0.7058823529411765,False,2,['worst_quality_percentile'],False,0.853736567739993,worst_quality_percentile
3984,train,18,female,caucasian,happy,/home/fox/Desktop/Projects/Amrita RLHF/Diffusion_RL_Abi/datasets/appa-real-dataset_v2/train_data/003984.jpg,False,123.99874877929688,25.181528091430664,True,0.11531684027777778,53.32612609863281,20.500141143798828,0.3207235336303711,0.012736459826004532,5.853931821798251,50.590576171875,0.0,0.0,0.0,False,0,['worst_quality_percentile'],False,0.783390104823381,worst_quality_percentile
3989,train,62,male,caucasian,slightlyhappy,/home/fox/Desktop/Projects/Amrita RLHF/Diffusion_RL_Abi/datasets/appa-real-dataset_v2/train_data/003989.jpg,False,57.01210021972656,24.274795532226562,True,0.15619726974744866,61.414947509765625,20.557146072387695,0.1346445083618164,0.005546679173317312,5.636046748620109,14.37298583984375,0.0,0.0,0.0,False,0,['worst_quality_percentile'],False,0.6431112031164724,worst_quality_percentile
3990,train,18,female,caucasian,happy,/home/fox/Desktop/Projects/Amrita RLHF/Diffusion_RL_Abi/datasets/appa-real-dataset_v2/train_data/003990.jpg,False,896.9359130859375,68.22996520996094,True,0.0196,118.46713256835938,41.880332946777344,3.8035926818847656,0.05574665932238842,3.829618777308875,15.58319091796875,0.0,0.0,0.0,False,0,['jpeg_blockiness'],False,0.6266255151777481,jpeg_blockiness
3994,train,39,female,caucasian,happy,/home/fox/Desktop/Projects/Amrita RLHF/Diffusion_RL_Abi/datasets/appa-real-dataset_v2/train_data/003994.jpg,False,422.2120666503906,46.24303436279297,True,0.004089506172839506,2.433397054672241,10.556964874267578,-0.1764369010925293,-0.003815426468187467,3.5358379442632715,16.2764892578125,0.0,0.0,0.0,False,0,"['roi_blur_tenengrad', 'roi_blur_laplacian']",False,0.4703125882153678,roi_blur_tenengrad;roi_blur_laplacian
4004,train,22,male,caucasian,happy,/home/fox/Desktop/Projects/Amrita RLHF/Diffusion_RL_Abi/datasets/appa-real-dataset_v2/train_data/004004.jpg,False,187.9693145751953,44.8100700378418,True,0.4562901625911071,332.60369873046875,54.51933288574219,0.46876096725463867,0.010461062801234421,6.129039938947953,47.43572998046875,0.0,0.0,0.0,False,0,['worst_quality_percentile'],False,0.6368067448294032,worst_quality_percentile
4005,train,17,male,caucasian,slightlyhappy,/home/fox/Desktop/Projects/Amrita RLHF/Diffusion_RL_Abi/datasets/appa-real-dataset_v2/train_data/004005.jpg,False,246.92152404785156,42.8587646484375,True,0.003912037037037037,6.9918413162231445,31.741466522216797,0.004496097564697266,0.00010490497093588555,4.382689815985173,10.51544189453125,0.0,0.0,0.0,False,0,['roi_blur_laplacian'],False,0.5370269303874889,roi_blur_laplacian
4019,train,63,male,caucasian,slightlyhappy,/home/fox/Desktop/Projects/Amrita RLHF/Diffusion_RL_Abi/datasets/appa-real-dataset_v2/train_data/004019.jpg,False,533.488525390625,52.559112548828125,True,0.06432472169712246,10.199090957641602,17.45905303955078,0.053109169006347656,0.0010104654629878513,5.437213319424127,45.57415771484375,0.0,0.0,0.0,False,0,"['roi_blur_tenengrad', 'roi_blur_laplacian', 'worst_quality_percentile']",False,0.6785102659164047,roi_blur_tenengrad;roi_blur_laplacian;worst_quality_percentile
4025,train,25,female,caucasian,happy,/home/fox/Desktop/Projects/Amrita RLHF/Diffusion_RL_Abi/datasets/appa-real-dataset_v2/train_data/004025.jpg,False,519.6513061523438,51.92060089111328,True,0.032959001782531194,6.633737564086914,16.897140502929688,-0.5160908699035645,-0.009940001677675052,4.183973897857448,29.46002197265625,0.0,0.0,0.0,False,0,"['roi_blur_tenengrad', 'roi_blur_laplacian']",False,0.48510454109189455,roi_blur_tenengrad;roi_blur_laplacian
4032,train,20,male,caucasian,neutral,/home/fox/Desktop/Projects/Amrita RLHF/Diffusion_RL_Abi/datasets/appa-real-dataset_v2/train_data/004032.jpg,False,69.46605682373047,30.140636444091797,True,0.335419921875,99.9540786743164,42.1677360534668,0.17157888412475586,0.005692609668359517,5.331574875427909,37.91217041015625,0.45687500000000003,0.14750651041666665,0.56875,True,2,['worst_quality_percentile'],False,0.7338201253363945,worst_quality_percentile
4034,train,41,male,caucasian,neutral,/home/fox/Desktop/Projects/Amrita RLHF/Diffusion_RL_Abi/datasets/appa-real-dataset_v2/train_data/004034.jpg,False,480.3106384277344,61.327125549316406,True,0.5184,225.28028869628906,56.071189880371094,11.261675834655762,0.18363286311155716,5.7897699383282895,28.19757080078125,0.0,0.0,0.0,False,0,"['jpeg_blockiness', 'worst_quality_percentile']",False,0.640438865573894,jpeg_blockiness;worst_quality_percentile
4038,train,45,female,caucasian,happy,/home/fox/Desktop/Projects/Amrita RLHF/Diffusion_RL_Abi/datasets/appa-real-dataset_v2/train_data/004038.jpg,False,53.173500061035156,33.45634078979492,True,0.20911446425849717,31.05207061767578,43.797088623046875,0.2606167793273926,0.007789757199541992,7.967971845768793,61.18670654296875,0.0,0.0,0.0,False,0,['worst_quality_percentile'],False,0.788640683516194,worst_quality_percentile
4039,train,29,female,asian,neutral,/home/fox/Desktop/Projects/Amrita RLHF/Diffusion_RL_Abi/datasets/appa-real-dataset_v2/train_data/004039.jpg,False,234.8924102783203,39.09675216674805,True,0.1703909465020576,43.964080810546875,30.997758865356445,-0.14746761322021484,-0.003771863422808129,6.088175572799867,27.227294921875,0.5,0.16993184156378602,1.0,True,1,['worst_quality_percentile'],False,0.6326194553700811,worst_quality_percentile
4042,train,18,female,caucasian,happy,/home/fox/Desktop/Projects/Amrita RLHF/Diffusion_RL_Abi/datasets/appa-real-dataset_v2/train_data/004042.jpg,False,241.80514526367188,58.13463592529297,True,0.16667368066661056,28.0741024017334,37.82730484008789,0.11067628860473633,0.0019037925487857268,6.610396034428165,45.1748046875,0.0,0.0,0.0,False,0,['worst_quality_percentile'],False,0.6884656642264336,worst_quality_percentile
4044,train,35,male,caucasian,happy,/home/fox/Desktop/Projects/Amrita RLHF/Diffusion_RL_Abi/datasets/appa-real-dataset_v2/train_data/004044.jpg,False,165.7887420654297,51.48401641845703,True,0.009574218467980651,9.729131698608398,25.811796188354492,-0.0258026123046875,-0.0005011771341573134,4.1402067285164685,13.2637939453125,0.0,0.0,0.0,False,0,['roi_blur_laplacian'],False,0.5277113875454015,roi_blur_laplacian
4049,train,14,female,caucasian,slightlyhappy,/home/fox/Desktop/Projects/Amrita RLHF/Diffusion_RL_Abi/datasets/appa-real-dataset_v2/train_data/004049.jpg,False,151.52745056152344,35.009342193603516,True,0.2427615017361111,25.623245239257812,25.70339584350586,-0.17961668968200684,-0.005130535831212745,4.866612510449896,40.4493408203125,1.0,0.09829861111111111,1.0,True,2,"['black_bars_score', 'worst_quality_percentile']",False,0.6367879255509344,black_bars_score;worst_quality_percentile
4057,train,20,male,caucasian,neutral,/home/fox/Desktop/Projects/Amrita RLHF/Diffusion_RL_Abi/datasets/appa-real-dataset_v2/train_data/004057.jpg,False,34.307891845703125,18.81383514404297,True,0.1823980340375587,35.27510070800781,26.31253433227539,-0.00341796875,-0.0001816731433095973,6.579648562577914,39.13616943359375,0.0,0.0,0.0,False,0,['worst_quality_percentile'],False,0.6490957336695711,worst_quality_percentile
4062,train,29,female,caucasian,neutral,/home/fox/Desktop/Projects/Amrita RLHF/Diffusion_RL_Abi/datasets/appa-real-dataset_v2/train_data/004062.jpg,False,70.56024932861328,25.077810287475586,True,0.15395576131687244,45.290252685546875,23.670244216918945,0.08454656600952148,0.003371369416586443,5.722924420816708,29.418212890625,0.0,0.0,0.0,False,0,['worst_quality_percentile'],False,0.6643581685078194,worst_quality_percentile
4064,train,28,female,caucasian,slightlyhappy,/home/fox/Desktop/Projects/Amrita RLHF/Diffusion_RL_Abi/datasets/appa-real-dataset_v2/train_data/004064.jpg,False,193.89389038085938,38.31763458251953,True,0.010141595337825533,18.262807846069336,31.009437561035156,-0.05683541297912598,-0.0014832703561974017,5.160938187792115,23.03399658203125,0.5,0.271431764374762,1.0,True,1,"['black_bars_area', 'worst_quality_percentile']",False,0.6485405649547397,black_bars_area;worst_quality_percentile
4071,train,23,female,caucasian,slightlyhappy,/home/fox/Desktop/Projects/Amrita RLHF/Diffusion_RL_Abi/datasets/appa-real-dataset_v2/train_data/004071.jpg,False,98.25863647460938,32.96040344238281,True,0.226875,82.46571350097656,38.86552810668945,0.12369465827941895,0.0037528258640043763,5.44701587021796,38.94635009765625,0.0,0.0,0.0,False,0,['worst_quality_percentile'],False,0.6506012759470803,worst_quality_percentile
4075,train,16,male,caucasian,slightlyhappy,/home/fox/Desktop/Projects/Amrita RLHF/Diffusion_RL_Abi/datasets/appa-real-dataset_v2/train_data/004075.jpg,False,514.5191040039062,51.26279067993164,True,0.010141008835676167,10.150140762329102,28.438549041748047,0.12445688247680664,0.002427821006196372,2.969437344861017,1.19427490234375,0.0,0.0,0.0,False,0,['roi_blur_laplacian'],False,0.5176054350076218,roi_blur_laplacian
4079,train,28,male,caucasian,happy,/home/fox/Desktop/Projects/Amrita RLHF/Diffusion_RL_Abi/datasets/appa-real-dataset_v2/train_data/004079.jpg,False,898.7982177734375,79.40513610839844,True,0.049191489361702125,55.08131408691406,50.92775344848633,1.6337857246398926,0.020575315201704907,5.3725857668864085,41.2882080078125,0.0,0.0,0.0,False,0,['worst_quality_percentile'],False,0.7251632572407173,worst_quality_percentile
4080,train,47,female,caucasian,happy,/home/fox/Desktop/Projects/Amrita RLHF/Diffusion_RL_Abi/datasets/appa-real-dataset_v2/train_data/004080.jpg,False,279.8926086425781,62.00308609008789,True,0.08314586786644565,27.88979721069336,48.784873962402344,0.0845632553100586,0.0013638555639526742,7.219445356767965,53.87982177734375,0.0,0.0,0.0,False,0,['worst_quality_percentile'],False,0.6740877354762219,worst_quality_percentile
4084,train,39,male,caucasian,happy,/home/fox/Desktop/Projects/Amrita RLHF/Diffusion_RL_Abi/datasets/appa-real-dataset_v2/train_data/004084.jpg,False,135.67742919921875,40.86628723144531,True,0.12710316223538157,41.721046447753906,38.721649169921875,0.3901340961456299,0.009546599728757214,6.16044629277258,49.17431640625,0.0,0.0,0.0,False,0,['worst_quality_percentile'],False,0.7664715734798727,worst_quality_percentile
4097,train,32,female,caucasian,happy,/home/fox/Desktop/Projects/Amrita RLHF/Diffusion_RL_Abi/datasets/appa-real-dataset_v2/train_data/004097.jpg,False,326.18927001953125,67.21221923828125,True,0.13896766874645491,113.78872680664062,56.750057220458984,0.4236307144165039,0.00630288231685615,7.125463660542953,54.25921630859375,0.0,0.0,0.0,False,0,['worst_quality_percentile'],False,0.6966896889173269,worst_quality_percentile
4102,train,18,male,caucasian,other,/home/fox/Desktop/Projects/Amrita RLHF/Diffusion_RL_Abi/datasets/appa-real-dataset_v2/train_data/004102.jpg,False,138.66981506347656,37.91166687011719,True,0.05005208333333333,44.77449035644531,41.473426818847656,0.1722562313079834,0.004543620499581333,5.735509981163843,46.53668212890625,0.0,0.0,0.0,False,0,['worst_quality_percentile'],False,0.6922107006417374,worst_quality_percentile
4104,train,20,male,afroamerican,other,/home/fox/Desktop/Projects/Amrita RLHF/Diffusion_RL_Abi/datasets/appa-real-dataset_v2/train_data/004104.jpg,False,167.9139404296875,29.066652297973633,False,0.0,307.8098449707031,43.06387710571289,0.10032892227172852,0.003451684693219322,5.928499648066853,54.03228759765625,0.47218750000000004,0.135768779342723,0.721875,True,1,['worst_quality_percentile'],False,0.6911568210474811,worst_quality_percentile
4105,train,34,male,asian,neutral,/home/fox/Desktop/Projects/Amrita RLHF/Diffusion_RL_Abi/datasets/appa-real-dataset_v2/train_data/004105.jpg,False,260.3016052246094,61.37248229980469,True,0.005786704925872788,4.875975131988525,21.930679321289062,-0.3488192558288574,-0.005683642523064853,5.845436882230254,53.239501953125,0.0,0.0,0.0,False,0,['roi_blur_laplacian'],False,0.5938799706419255,roi_blur_laplacian
4112,train,20,female,caucasian,happy,/home/fox/Desktop/Projects/Amrita RLHF/Diffusion_RL_Abi/datasets/appa-real-dataset_v2/train_data/004112.jpg,False,58.71532440185547,26.296396255493164,True,0.2885120567375887,38.75656509399414,23.394540786743164,0.11112332344055176,0.004225800301116867,6.255879720673984,30.19683837890625,0.0,0.0,0.0,False,0,['worst_quality_percentile'],False,0.6919472307431734,worst_quality_percentile
4114,valid,25,male,caucasian,other,/home/fox/Desktop/Projects/Amrita RLHF/Diffusion_RL_Abi/datasets/appa-real-dataset_v2/valid_data/004114.jpg,False,403.63726806640625,78.3756103515625,True,0.12818167962200885,71.17383575439453,65.4643783569336,0.37955236434936523,0.0048427356138485604,6.9823653333953,53.00347900390625,0.1,0.23056698673982626,1.0,False,1,['worst_quality_percentile'],False,0.7390895233076764,worst_quality_percentile
4118,valid,18,female,caucasian,slightlyhappy,/home/fox/Desktop/Projects/Amrita RLHF/Diffusion_RL_Abi/datasets/appa-real-dataset_v2/valid_data/004118.jpg,False,179.11802673339844,28.090333938598633,True,0.06979868556874828,55.093475341796875,36.5005989074707,-0.052817344665527344,-0.001880267529062161,5.28025478729553,39.6619873046875,0.1,0.5622694947168578,1.0,False,1,['worst_quality_percentile'],False,0.6483241432523477,worst_quality_percentile
4122,valid,1,male,caucasian,other,/home/fox/Desktop/Projects/Amrita RLHF/Diffusion_RL_Abi/datasets/appa-real-dataset_v2/valid_data/004122.jpg,False,1320.3721923828125,65.74573516845703,True,0.03957845433255269,93.90374755859375,35.147239685058594,1.084721565246582,0.016498736320592015,2.9694675129735506,26.60711669921875,0.0,0.0,0.0,False,0,['worst_quality_percentile'],False,0.6452189623049851,worst_quality_percentile
4123,valid,30,female,caucasian,happy,/home/fox/Desktop/Projects/Amrita RLHF/Diffusion_RL_Abi/datasets/appa-real-dataset_v2/valid_data/004123.jpg,False,172.12716674804688,41.19002914428711,True,0.21777777777777776,118.82051086425781,57.157928466796875,0.1699388027191162,0.004125726592668834,7.405464565570012,63.8299560546875,0.1,0.3889814814814815,1.0,False,1,['worst_quality_percentile'],False,0.7400681257880574,worst_quality_percentile
4143,valid,21,female,caucasian,slightlyhappy,/home/fox/Desktop/Projects/Amrita RLHF/Diffusion_RL_Abi/datasets/appa-real-dataset_v2/valid_data/004143.jpg,False,99.55741119384766,42.70450973510742,True,0.05845052083333333,12.637470245361328,21.162416458129883,0.42979979515075684,0.010064505780590012,5.390730013286992,35.72210693359375,0.0,0.0,0.0,False,0,"['roi_blur_laplacian', 'worst_quality_percentile']",False,0.7701789713382389,roi_blur_laplacian;worst_quality_percentile
4159,valid,69,female,caucasian,happy,/home/fox/Desktop/Projects/Amrita RLHF/Diffusion_RL_Abi/datasets/appa-real-dataset_v2/valid_data/004159.jpg,False,439.8427734375,70.44688415527344,True,0.10400943396226416,65.25160217285156,36.61067199707031,0.3983736038208008,0.005654949866736298,5.421645485151032,26.7020263671875,0.0,0.0,0.0,False,0,['worst_quality_percentile'],False,0.6870542183412688,worst_quality_percentile
4172,valid,43,male,caucasian,other,/home/fox/Desktop/Projects/Amrita RLHF/Diffusion_RL_Abi/datasets/appa-real-dataset_v2/valid_data/004172.jpg,False,67.05435180664062,46.80726623535156,False,0.0,106.22157287597656,44.215980529785156,-0.0595240592956543,-0.001271684138199341,8.778780989851304,67.24700927734375,0.0,0.0,0.0,False,0,['worst_quality_percentile'],False,0.6321207444906563,worst_quality_percentile
4176,valid,28,female,caucasian,slightlyhappy,/home/fox/Desktop/Projects/Amrita RLHF/Diffusion_RL_Abi/datasets/appa-real-dataset_v2/valid_data/004176.jpg,False,473.9164123535156,43.962215423583984,True,0.14492513020833334,129.87466430664062,44.02171325683594,0.276247501373291,0.006283748269459299,5.167252258957946,38.0528564453125,0.0,0.0,0.0,False,0,['worst_quality_percentile'],False,0.6529725050341569,worst_quality_percentile
4178,valid,10,female,caucasian,neutral,/home/fox/Desktop/Projects/Amrita RLHF/Diffusion_RL_Abi/datasets/appa-real-dataset_v2/valid_data/004178.jpg,False,144.84039306640625,48.006568908691406,True,0.08506944444444445,7.142734527587891,23.859617233276367,-0.005906581878662109,-0.0001230369486904905,8.008019629689484,64.1514892578125,0.0,0.0,0.0,False,0,"['roi_blur_laplacian', 'worst_quality_percentile']",False,0.729077667162241,roi_blur_laplacian;worst_quality_percentile
4182,valid,17,female,caucasian,neutral,/home/fox/Desktop/Projects/Amrita RLHF/Diffusion_RL_Abi/datasets/appa-real-dataset_v2/valid_data/004182.jpg,False,169.3781280517578,35.26000213623047,True,0.31721495574052055,279.7811279296875,58.333370208740234,0.32453155517578125,0.009203957070619702,6.838562452776549,57.38531494140625,0.0,0.0,0.0,False,0,['worst_quality_percentile'],False,0.6512599506934904,worst_quality_percentile
4184,valid,38,male,caucasian,slightlyhappy,/home/fox/Desktop/Projects/Amrita RLHF/Diffusion_RL_Abi/datasets/appa-real-dataset_v2/valid_data/004184.jpg,False,273.5978088378906,45.98137283325195,True,0.33245268132841416,395.5181884765625,69.9940414428711,-0.02441120147705078,-0.0005308932605097054,4.98278770652792,34.44854736328125,0.48002663115845545,0.2201619936187996,0.800266311584554,True,1,['black_bars_area'],False,0.47407644390914044,black_bars_area
4195,valid,20,female,caucasian,slightlyhappy,/home/fox/Desktop/Projects/Amrita RLHF/Diffusion_RL_Abi/datasets/appa-real-dataset_v2/valid_data/004195.jpg,False,247.1116943359375,32.11207962036133,True,0.021182002314814815,51.616905212402344,37.82987976074219,0.20701956748962402,0.006446781506843845,5.085102544932371,36.91070556640625,0.0,0.0,0.0,False,0,['worst_quality_percentile'],False,0.6873365075183017,worst_quality_percentile
4198,valid,62,male,caucasian,other,/home/fox/Desktop/Projects/Amrita RLHF/Diffusion_RL_Abi/datasets/appa-real-dataset_v2/valid_data/004198.jpg,False,24.24137306213379,29.57492446899414,True,0.2879238548483046,18.048784255981445,32.816036224365234,0.269789457321167,0.009122236253951333,8.756923942661759,66.06475830078125,0.0,0.0,0.0,False,0,['worst_quality_percentile'],False,0.8352183977266312,worst_quality_percentile
4199,valid,25,female,caucasian,slightlyhappy,/home/fox/Desktop/Projects/Amrita RLHF/Diffusion_RL_Abi/datasets/appa-real-dataset_v2/valid_data/004199.jpg,False,116.72132873535156,35.18096923828125,True,0.19419706980752657,46.358848571777344,40.837005615234375,0.034784555435180664,0.000988732124201929,7.386642986262774,55.46063232421875,0.09740112994350283,0.16786364071626927,0.8700564971751412,False,2,['worst_quality_percentile'],False,0.7555752112464008,worst_quality_percentile
4200,valid,27,male,caucasian,other,/home/fox/Desktop/Projects/Amrita RLHF/Diffusion_RL_Abi/datasets/appa-real-dataset_v2/valid_data/004200.jpg,False,163.486083984375,57.544795989990234,True,0.20707612675167278,52.025184631347656,49.438961029052734,0.3987545967102051,0.006929463957959004,7.383768497063143,55.0828857421875,0.0,0.0,0.0,False,0,['worst_quality_percentile'],False,0.7538250183487964,worst_quality_percentile
4201,valid,1,female,asian,neutral,/home/fox/Desktop/Projects/Amrita RLHF/Diffusion_RL_Abi/datasets/appa-real-dataset_v2/valid_data/004201.jpg,False,608.6932373046875,67.8557357788086,True,0.17776479181884589,69.09260559082031,37.1583251953125,0.49713611602783203,0.0073263682575338,7.127874168393897,49.366455078125,0.0,0.0,0.0,False,0,['worst_quality_percentile'],False,0.7772926585994693,worst_quality_percentile
4204,valid,22,male,caucasian,slightlyhappy,/home/fox/Desktop/Projects/Amrita RLHF/Diffusion_RL_Abi/datasets/appa-real-dataset_v2/valid_data/004204.jpg,False,67.1572036743164,42.094058990478516,True,0.24473377791891607,24.831188201904297,39.41111373901367,0.29213523864746094,0.006940058495510782,8.413250771345362,63.83392333984375,0.0,0.0,0.0,False,0,['worst_quality_percentile'],False,0.8090031428195043,worst_quality_percentile
4206,valid,55,male,caucasian,neutral,/home/fox/Desktop/Projects/Amrita RLHF/Diffusion_RL_Abi/datasets/appa-real-dataset_v2/valid_data/004206.jpg,False,127.59110260009766,34.02601623535156,True,0.2936541227229147,79.67124938964844,38.05569839477539,0.21281981468200684,0.006254620198713597,5.913929608409679,35.099365234375,0.0,0.0,0.0,False,0,['worst_quality_percentile'],False,0.6882962907202138,worst_quality_percentile
4208,valid,1,male,caucasian,other,/home/fox/Desktop/Projects/Amrita RLHF/Diffusion_RL_Abi/datasets/appa-real-dataset_v2/valid_data/004208.jpg,False,262.30743408203125,28.381059646606445,True,0.16679778554778554,511.807861328125,50.86744689941406,0.03966522216796875,0.0013975947784992864,3.7465658847852996,15.00689697265625,0.5,0.35449810606060606,1.0,True,2,['black_bars_area'],False,0.4573555149895553,black_bars_area
4215,valid,28,female,asian,slightlyhappy,/home/fox/Desktop/Projects/Amrita RLHF/Diffusion_RL_Abi/datasets/appa-real-dataset_v2/valid_data/004215.jpg,False,92.51692962646484,34.23140335083008,True,0.31652423953604836,107.75306701660156,41.7372932434082,0.13228344917297363,0.0038643886127846198,5.64826780517436,38.00787353515625,0.0,0.0,0.0,False,0,['worst_quality_percentile'],False,0.6390462389671981,worst_quality_percentile
4219,valid,19,female,caucasian,neutral,/home/fox/Desktop/Projects/Amrita RLHF/Diffusion_RL_Abi/datasets/appa-real-dataset_v2/valid_data/004219.jpg,False,48.31960678100586,24.5852108001709,True,0.26548867885334443,28.807958602905273,20.946392059326172,0.16320371627807617,0.00663828799217185,7.63142457564307,59.68035888671875,0.0,0.0,0.0,False,0,['worst_quality_percentile'],False,0.8044865159869771,worst_quality_percentile
4222,valid,6,male,caucasian,happy,/home/fox/Desktop/Projects/Amrita RLHF/Diffusion_RL_Abi/datasets/appa-real-dataset_v2/valid_data/004222.jpg,False,78.31660461425781,32.68735122680664,True,0.22411158895427796,55.431556701660156,32.215667724609375,0.08819580078125,0.002698162890933739,7.6796823545493265,59.0220947265625,0.0,0.0,0.0,False,0,['worst_quality_percentile'],False,0.7386002220674859,worst_quality_percentile
4223,valid,17,male,caucasian,slightlyhappy,/home/fox/Desktop/Projects/Amrita RLHF/Diffusion_RL_Abi/datasets/appa-real-dataset_v2/valid_data/004223.jpg,False,367.821044921875,34.545166015625,True,0.2792307692307692,410.5573425292969,56.36727523803711,0.2544689178466797,0.007366266827761515,2.947303440640388,9.097412109375,0.5,0.2892948717948718,1.0,True,1,['black_bars_area'],False,0.4879744810583962,black_bars_area
4224,valid,6,female,caucasian,neutral,/home/fox/Desktop/Projects/Amrita RLHF/Diffusion_RL_Abi/datasets/appa-real-dataset_v2/valid_data/004224.jpg,False,105.26841735839844,53.482444763183594,True,0.24746837073874617,35.34370040893555,46.42155456542969,0.24575185775756836,0.004595000364152003,7.268856171213402,54.373046875,0.0,0.0,0.0,False,0,['worst_quality_percentile'],False,0.7387507762952369,worst_quality_percentile
4230,valid,30,male,caucasian,slightlyhappy,/home/fox/Desktop/Projects/Amrita RLHF/Diffusion_RL_Abi/datasets/appa-real-dataset_v2/valid_data/004230.jpg,False,85.69339752197266,31.829805374145508,True,0.5351841766131754,119.29916381835938,37.55643081665039,0.2984902858734131,0.009377697192524195,4.789098979339287,26.17474365234375,0.0,0.0,0.0,False,0,['worst_quality_percentile'],False,0.6562282402092704,worst_quality_percentile
4233,valid,49,male,caucasian,neutral,/home/fox/Desktop/Projects/Amrita RLHF/Diffusion_RL_Abi/datasets/appa-real-dataset_v2/valid_data/004233.jpg,False,533.1761474609375,58.482913970947266,True,0.005762459990855053,9.116323471069336,24.141427993774414,-0.2729372978210449,-0.00466695782788243,3.753978377850076,0.961669921875,0.0,0.0,0.0,False,0,['roi_blur_laplacian'],False,0.4199710183111579,roi_blur_laplacian
4235,valid,23,male,caucasian,neutral,/home/fox/Desktop/Projects/Amrita RLHF/Diffusion_RL_Abi/datasets/appa-real-dataset_v2/valid_data/004235.jpg,False,502.52459716796875,29.72697639465332,True,0.19469662921348316,100.60613250732422,32.62644577026367,0.7764937877655029,0.026120845636501296,6.519300415157627,48.2489013671875,0.0,0.0,0.0,False,0,['worst_quality_percentile'],False,0.7924045392099667,worst_quality_percentile
4238,valid,40,male,caucasian,happy,/home/fox/Desktop/Projects/Amrita RLHF/Diffusion_RL_Abi/datasets/appa-real-dataset_v2/valid_data/004238.jpg,False,330.1417236328125,60.89009094238281,True,0.17701516954193933,29.71676254272461,39.60712432861328,0.33713817596435547,0.005536831448429608,7.413272840303958,57.5830078125,0.0,0.0,0.0,False,0,['worst_quality_percentile'],False,0.7879067316559084,worst_quality_percentile
4240,valid,31,male,caucasian,slightlyhappy,/home/fox/Desktop/Projects/Amrita RLHF/Diffusion_RL_Abi/datasets/appa-real-dataset_v2/valid_data/004240.jpg,False,342.9838562011719,43.23639678955078,True,0.23066475022007044,218.14231872558594,45.82151412963867,0.23177218437194824,0.005360580349456451,6.763540257416068,39.2786865234375,0.0,0.0,0.0,False,0,['worst_quality_percentile'],False,0.6448613960140769,worst_quality_percentile
4243,valid,46,male,asian,neutral,/home/fox/Desktop/Projects/Amrita RLHF/Diffusion_RL_Abi/datasets/appa-real-dataset_v2/valid_data/004243.jpg,False,47.19041442871094,16.97747039794922,True,0.16614533333333334,18.746078491210938,15.360637664794922,0.10221374034881592,0.006020551468056824,7.051449249678132,30.37579345703125,0.0,0.0,0.0,False,0,"['roi_blur_tenengrad', 'worst_quality_percentile']",False,0.7325592336789807,roi_blur_tenengrad;worst_quality_percentile
4254,valid,14,male,caucasian,neutral,/home/fox/Desktop/Projects/Amrita RLHF/Diffusion_RL_Abi/datasets/appa-real-dataset_v2/valid_data/004254.jpg,False,492.9531555175781,28.487499237060547,True,0.18686313991091585,63.807167053222656,31.903491973876953,-0.017483949661254883,-0.0006137410975256194,5.370629375693774,43.7421875,1.0,0.18534230276404906,1.0,True,3,"['black_bars_score', 'worst_quality_percentile']",False,0.6922671584771439,black_bars_score;worst_quality_percentile
4262,valid,30,male,caucasian,slightlyhappy,/home/fox/Desktop/Projects/Amrita RLHF/Diffusion_RL_Abi/datasets/appa-real-dataset_v2/valid_data/004262.jpg,False,363.80780029296875,65.8744125366211,True,0.008458646616541353,5.194332122802734,24.066272735595703,0.07227373123168945,0.0010971442074624441,3.706882042848786,28.12359619140625,0.0,0.0,0.0,False,0,['roi_blur_laplacian'],False,0.5909441632007829,roi_blur_laplacian
4272,valid,31,female,caucasian,slightlyhappy,/home/fox/Desktop/Projects/Amrita RLHF/Diffusion_RL_Abi/datasets/appa-real-dataset_v2/valid_data/004272.jpg,False,122.8049087524414,29.295398712158203,True,0.23260830371400606,167.09523010253906,38.79667663574219,-0.04238152503967285,-0.0014466955718676756,5.7896464992027585,55.12841796875,0.43120370370370376,0.03485164580435791,0.31203703703703706,True,2,['worst_quality_percentile'],False,0.6529913243126257,worst_quality_percentile
4275,valid,8,male,caucasian,other,/home/fox/Desktop/Projects/Amrita RLHF/Diffusion_RL_Abi/datasets/appa-real-dataset_v2/valid_data/004275.jpg,False,384.5235900878906,38.82894515991211,True,0.049417299723756906,53.9034309387207,28.854642868041992,0.26288509368896484,0.006770338103081804,3.5932236100583346,25.10406494140625,0.46215469613259674,0.10877503453038674,0.6215469613259669,True,1,['worst_quality_percentile'],False,0.7109170634397878,worst_quality_percentile
4278,valid,75,female,asian,other,/home/fox/Desktop/Projects/Amrita RLHF/Diffusion_RL_Abi/datasets/appa-real-dataset_v2/valid_data/004278.jpg,False,655.1998291015625,79.53829193115234,True,0.118745434623813,67.11751556396484,58.29893493652344,0.35700273513793945,0.00448843848644021,7.896487194130328,56.2769775390625,0.0,0.0,0.0,False,0,['worst_quality_percentile'],False,0.7043303159756854,worst_quality_percentile
4283,valid,15,male,caucasian,neutral,/home/fox/Desktop/Projects/Amrita RLHF/Diffusion_RL_Abi/datasets/appa-real-dataset_v2/valid_data/004283.jpg,False,129.94114685058594,25.06539535522461,True,0.35020833333333334,165.39370727539062,35.245540618896484,0.13921689987182617,0.005554147155658599,5.8545643223745705,13.68798828125,0.5,0.12154622395833334,1.0,True,1,['worst_quality_percentile'],False,0.6785008562771705,worst_quality_percentile
4288,valid,6,female,afroamerican,happy,/home/fox/Desktop/Projects/Amrita RLHF/Diffusion_RL_Abi/datasets/appa-real-dataset_v2/valid_data/004288.jpg,False,206.45704650878906,55.53826904296875,True,0.25,52.317317962646484,40.20909118652344,-0.04052257537841797,-0.0007296333743753008,7.215253604341402,59.97113037109375,0.0,0.0,0.0,False,0,['worst_quality_percentile'],False,0.6547415172102301,worst_quality_percentile
4290,valid,7,female,afroamerican,neutral,/home/fox/Desktop/Projects/Amrita RLHF/Diffusion_RL_Abi/datasets/appa-real-dataset_v2/valid_data/004290.jpg,False,142.40887451171875,41.54106140136719,True,0.20616508400292183,65.65442657470703,46.89512252807617,0.12859344482421875,0.0030955742918117213,7.293866289480681,51.7294921875,0.0,0.0,0.0,False,0,['worst_quality_percentile'],False,0.6867719291642358,worst_quality_percentile
4294,valid,25,female,caucasian,slightlyhappy,/home/fox/Desktop/Projects/Amrita RLHF/Diffusion_RL_Abi/datasets/appa-real-dataset_v2/valid_data/004294.jpg,False,67.87467956542969,30.342506408691406,True,0.2358386180472982,60.852500915527344,40.450782775878906,0.21628737449645996,0.007128197138859589,6.081164742025855,42.8818359375,0.0,0.0,0.0,False,0,['worst_quality_percentile'],False,0.7104277621995971,worst_quality_percentile
4303,valid,16,male,asian,happy,/home/fox/Desktop/Projects/Amrita RLHF/Diffusion_RL_Abi/datasets/appa-real-dataset_v2/valid_data/004303.jpg,False,512.9497680664062,77.58946228027344,True,0.05686390532544379,7.649569511413574,34.623313903808594,-0.20082712173461914,-0.0025883298226871223,7.668056514889238,66.492431640625,0.0,0.0,0.0,False,0,"['roi_blur_laplacian', 'worst_quality_percentile']",False,0.6585053729040028,roi_blur_laplacian;worst_quality_percentile
4304,valid,19,female,afroamerican,slightlyhappy,/home/fox/Desktop/Projects/Amrita RLHF/Diffusion_RL_Abi/datasets/appa-real-dataset_v2/valid_data/004304.jpg,False,69.42680358886719,21.646102905273438,False,0.0,91.8713607788086,23.68982696533203,0.1221616268157959,0.0056435849772501,5.689320988217735,30.359375,0.0,0.0,0.0,False,0,['worst_quality_percentile'],False,0.6733349643374673,worst_quality_percentile
4308,valid,35,female,caucasian,happy,/home/fox/Desktop/Projects/Amrita RLHF/Diffusion_RL_Abi/datasets/appa-real-dataset_v2/valid_data/004308.jpg,False,526.5303344726562,71.91546630859375,True,0.012805333333333333,10.327520370483398,28.873695373535156,0.2862253189086914,0.0039800244595572295,3.8382493405330194,24.27435302734375,0.0,0.0,0.0,False,0,"['roi_blur_laplacian', 'worst_quality_percentile']",False,0.6416056608389633,roi_blur_laplacian;worst_quality_percentile
4314,valid,28,male,caucasian,slightlyhappy,/home/fox/Desktop/Projects/Amrita RLHF/Diffusion_RL_Abi/datasets/appa-real-dataset_v2/valid_data/004314.jpg,False,253.25770568847656,41.554161071777344,True,0.08962962962962963,72.99176788330078,61.07500076293945,0.09520244598388672,0.002291044777161951,7.6972042661678515,54.58416748046875,1.0,0.15789629629629628,1.0,True,2,"['black_bars_score', 'worst_quality_percentile']",False,0.7161488228541318,black_bars_score;worst_quality_percentile
4315,valid,21,female,caucasian,slightlyhappy,/home/fox/Desktop/Projects/Amrita RLHF/Diffusion_RL_Abi/datasets/appa-real-dataset_v2/valid_data/004315.jpg,False,1473.74365234375,78.3600082397461,True,0.011864378222337045,13.141005516052246,31.468189239501953,0.11414480209350586,0.0014566716262663336,2.828993488059278,18.88055419921875,0.4851640513552069,0.07301155829130489,0.8516405135520685,True,1,['roi_blur_laplacian'],False,0.6225605510284735,roi_blur_laplacian
4318,valid,38,female,caucasian,happy,/home/fox/Desktop/Projects/Amrita RLHF/Diffusion_RL_Abi/datasets/appa-real-dataset_v2/valid_data/004318.jpg,False,296.7518615722656,48.95303726196289,True,0.10430490225886645,47.880985260009766,38.115631103515625,-0.008392333984375,-0.00017143642728496275,5.772169879559818,43.02264404296875,0.08916083916083917,0.04436356482392288,0.458041958041958,False,1,['worst_quality_percentile'],False,0.6772681935374597,worst_quality_percentile
4321,valid,52,male,caucasian,neutral,/home/fox/Desktop/Projects/Amrita RLHF/Diffusion_RL_Abi/datasets/appa-real-dataset_v2/valid_data/004321.jpg,False,185.75782775878906,30.655763626098633,False,0.0,193.9486846923828,31.666637420654297,0.3986775875091553,0.013004979401810226,5.303614874465182,17.629638671875,0.0,0.0,0.0,False,0,['worst_quality_percentile'],False,0.6549485292733878,worst_quality_percentile
4324,valid,29,female,caucasian,happy,/home/fox/Desktop/Projects/Amrita RLHF/Diffusion_RL_Abi/datasets/appa-real-dataset_v2/valid_data/004324.jpg,False,235.7873077392578,48.9576416015625,True,0.15713578345070423,252.6256103515625,71.24891662597656,0.20645761489868164,0.004217066098932069,6.210212273801111,50.0992431640625,0.5,0.2908491967429577,1.0,True,3,"['black_bars_area', 'worst_quality_percentile']",False,0.6399966125298756,black_bars_area;worst_quality_percentile
4325,valid,50,female,caucasian,happy,/home/fox/Desktop/Projects/Amrita RLHF/Diffusion_RL_Abi/datasets/appa-real-dataset_v2/valid_data/004325.jpg,False,800.7568969726562,54.74671936035156,True,0.2775031887755102,354.593505859375,53.74855422973633,1.5903806686401367,0.02904978888547113,6.457365443153079,54.5604248046875,0.0955357142857143,0.07613201530612244,0.7767857142857143,False,1,['worst_quality_percentile'],False,0.7554622955755878,worst_quality_percentile
4340,valid,50,male,caucasian,other,/home/fox/Desktop/Projects/Amrita RLHF/Diffusion_RL_Abi/datasets/appa-real-dataset_v2/valid_data/004340.jpg,False,1007.1616821289062,64.7841796875,True,0.25,213.12940979003906,57.81095886230469,0.3378591537475586,0.005215148978688064,7.205236345887935,58.3226318359375,0.0,0.0,0.0,False,0,['worst_quality_percentile'],False,0.6582607222839076,worst_quality_percentile
4342,valid,30,male,caucasian,neutral,/home/fox/Desktop/Projects/Amrita RLHF/Diffusion_RL_Abi/datasets/appa-real-dataset_v2/valid_data/004342.jpg,False,302.9908447265625,49.629425048828125,True,0.2366691015339664,133.8651123046875,51.308143615722656,0.19739818572998047,0.003977442445853986,6.753429004838324,49.069091796875,0.09081081081081083,0.09995617238860482,0.5405405405405406,False,1,['worst_quality_percentile'],False,0.7135894009823662,worst_quality_percentile
4343,valid,36,female,caucasian,happy,/home/fox/Desktop/Projects/Amrita RLHF/Diffusion_RL_Abi/datasets/appa-real-dataset_v2/valid_data/004343.jpg,False,58.11821746826172,34.39424133300781,True,0.16453632450763012,43.599239349365234,44.66469192504883,0.041758060455322266,0.001214100315134649,6.620374555012121,47.6025390625,0.0,0.0,0.0,False,0,['worst_quality_percentile'],False,0.6454636129250805,worst_quality_percentile
4346,valid,23,male,caucasian,neutral,/home/fox/Desktop/Projects/Amrita RLHF/Diffusion_RL_Abi/datasets/appa-real-dataset_v2/valid_data/004346.jpg,False,12.10800838470459,24.26401710510254,True,0.3642252699153779,24.97201919555664,39.256736755371094,0.14994561672210693,0.006179752095164094,9.946423958878894,76.76776123046875,0.0,0.0,0.0,False,0,"['brisque', 'worst_quality_percentile']",False,0.7902403221860475,brisque;worst_quality_percentile
4347,valid,25,male,afroamerican,happy,/home/fox/Desktop/Projects/Amrita RLHF/Diffusion_RL_Abi/datasets/appa-real-dataset_v2/valid_data/004347.jpg,False,267.0999755859375,59.4556884765625,False,0.0,260.9380187988281,65.95635223388672,0.5815129280090332,0.009780610285215282,7.707124535372181,57.39013671875,0.08790419161676648,0.07442258340461934,0.39520958083832336,False,1,['worst_quality_percentile'],False,0.7287201008713327,worst_quality_percentile
4351,valid,15,female,caucasian,neutral,/home/fox/Desktop/Projects/Amrita RLHF/Diffusion_RL_Abi/datasets/appa-real-dataset_v2/valid_data/004351.jpg,False,687.1324462890625,61.44878387451172,True,0.0055613425925925926,2.258358955383301,8.688486099243164,0.6340007781982422,0.010317547848878925,3.4688402242447642,23.05743408203125,0.0,0.0,0.0,False,0,"['roi_blur_tenengrad', 'roi_blur_laplacian', 'worst_quality_percentile']",False,0.693226941679056,roi_blur_tenengrad;roi_blur_laplacian;worst_quality_percentile
4354,valid,49,male,caucasian,other,/home/fox/Desktop/Projects/Amrita RLHF/Diffusion_RL_Abi/datasets/appa-real-dataset_v2/valid_data/004354.jpg,False,114.69876098632812,53.782188415527344,True,0.3406747188671387,42.932674407958984,39.532562255859375,0.3667593002319336,0.006819344921016683,7.733215155630011,59.14361572265625,0.0,0.0,0.0,False,0,['worst_quality_percentile'],False,0.798690178218567,worst_quality_percentile
4357,valid,28,female,caucasian,other,/home/fox/Desktop/Projects/Amrita RLHF/Diffusion_RL_Abi/datasets/appa-real-dataset_v2/valid_data/004357.jpg,False,794.3532104492188,46.89598846435547,True,0.05258832571501886,106.29228210449219,39.271392822265625,0.9782376289367676,0.020859728947190737,8.040919524944304,21.46441650390625,1.0,0.2476137417662469,1.0,True,1,"['black_bars_score', 'black_bars_area', 'worst_quality_percentile']",False,0.831529819146734,black_bars_score;black_bars_area;worst_quality_percentile
4364,valid,18,female,caucasian,happy,/home/fox/Desktop/Projects/Amrita RLHF/Diffusion_RL_Abi/datasets/appa-real-dataset_v2/valid_data/004364.jpg,False,277.64453125,49.0803337097168,True,0.004313380281690141,2.5247182846069336,11.439528465270996,0.1352086067199707,0.0027548428004750846,4.2149781208375945,12.4959716796875,0.0,0.0,0.0,False,0,"['roi_blur_tenengrad', 'roi_blur_laplacian']",False,0.6030261399777933,roi_blur_tenengrad;roi_blur_laplacian
4365,valid,33,male,caucasian,neutral,/home/fox/Desktop/Projects/Amrita RLHF/Diffusion_RL_Abi/datasets/appa-real-dataset_v2/valid_data/004365.jpg,False,92.58261108398438,28.250219345092773,True,0.5526607388989486,143.41651916503906,33.54981231689453,0.17184066772460938,0.0060828080498302765,6.983384629019454,38.47467041015625,0.0,0.0,0.0,False,0,['worst_quality_percentile'],False,0.697084893765173,worst_quality_percentile
4368,valid,2,male,caucasian,neutral,/home/fox/Desktop/Projects/Amrita RLHF/Diffusion_RL_Abi/datasets/appa-real-dataset_v2/valid_data/004368.jpg,False,391.0638427734375,62.54570007324219,True,0.1475948801429985,116.76910400390625,47.649627685546875,0.3838348388671875,0.006136870037122291,6.917966386586628,46.87841796875,0.09344632768361583,0.12793258642152638,0.672316384180791,False,1,['worst_quality_percentile'],False,0.7728136703238798,worst_quality_percentile
4380,valid,16,male,caucasian,other,/home/fox/Desktop/Projects/Amrita RLHF/Diffusion_RL_Abi/datasets/appa-real-dataset_v2/valid_data/004380.jpg,False,478.95660400390625,58.890968322753906,True,0.2524691208231212,136.41580200195312,48.26688003540039,0.12364912033081055,0.0020996278674434354,6.940160567721661,53.4610595703125,0.0,0.0,0.0,False,0,['worst_quality_percentile'],False,0.6437134200274761,worst_quality_percentile
4391,valid,16,female,caucasian,happy,/home/fox/Desktop/Projects/Amrita RLHF/Diffusion_RL_Abi/datasets/appa-real-dataset_v2/valid_data/004391.jpg,False,37.252464294433594,22.313350677490234,True,0.088623046875,20.185077667236328,20.656261444091797,0.09377801418304443,0.004202775788168477,6.4959454027530805,29.57257080078125,0.0,0.0,0.0,False,0,['worst_quality_percentile'],False,0.7013192314206673,worst_quality_percentile
4394,valid,45,female,caucasian,slightlyhappy,/home/fox/Desktop/Projects/Amrita RLHF/Diffusion_RL_Abi/datasets/appa-real-dataset_v2/valid_data/004394.jpg,False,10.308425903320312,35.56531524658203,True,0.5325054784514244,19.292583465576172,44.673587799072266,-0.09608674049377441,-0.0027016979078038914,11.842101778939695,79.44366455078125,0.0,0.0,0.0,False,0,"['niqe', 'brisque', 'worst_quality_percentile']",False,0.6494156614035418,niqe;brisque;worst_quality_percentile
4399,valid,40,male,caucasian,slightlyhappy,/home/fox/Desktop/Projects/Amrita RLHF/Diffusion_RL_Abi/datasets/appa-real-dataset_v2/valid_data/004399.jpg,False,22.646324157714844,33.05084228515625,True,0.21069604944907283,12.935859680175781,31.049455642700195,0.11133360862731934,0.003368555763214712,8.720806217534545,67.01220703125,0.0,0.0,0.0,False,0,"['roi_blur_laplacian', 'worst_quality_percentile']",False,0.7806989480023335,roi_blur_laplacian;worst_quality_percentile
4402,valid,20,male,caucasian,other,/home/fox/Desktop/Projects/Amrita RLHF/Diffusion_RL_Abi/datasets/appa-real-dataset_v2/valid_data/004402.jpg,False,384.6252746582031,52.78048324584961,True,0.17672200520833334,207.74436950683594,57.104949951171875,0.4899935722351074,0.009283612669272507,4.776543082236796,28.52435302734375,0.47375,0.136337890625,0.7375,True,2,['worst_quality_percentile'],False,0.6661930481585336,worst_quality_percentile
4420,valid,25,male,caucasian,slightlyhappy,/home/fox/Desktop/Projects/Amrita RLHF/Diffusion_RL_Abi/datasets/appa-real-dataset_v2/valid_data/004420.jpg,False,42.59632873535156,42.134864807128906,True,0.19077817413132514,25.050697326660156,51.21828079223633,0.2313530445098877,0.005490774447197705,8.672054836355992,63.6666259765625,0.09218390804597702,0.12260536398467432,0.6091954022988506,False,1,['worst_quality_percentile'],False,0.8194102038127858,worst_quality_percentile
4422,valid,63,male,caucasian,neutral,/home/fox/Desktop/Projects/Amrita RLHF/Diffusion_RL_Abi/datasets/appa-real-dataset_v2/valid_data/004422.jpg,False,18.16486358642578,21.854944229125977,True,0.22969406988545746,17.811864852905273,28.18975830078125,-0.04474747180938721,-0.0020474758156681385,8.479893960286077,68.06591796875,0.0,0.0,0.0,False,0,['worst_quality_percentile'],False,0.6977623877900522,worst_quality_percentile
4425,valid,4,female,caucasian,slightlyhappy,/home/fox/Desktop/Projects/Amrita RLHF/Diffusion_RL_Abi/datasets/appa-real-dataset_v2/valid_data/004425.jpg,False,801.677978515625,107.42573547363281,True,0.12017777777777777,41.966007232666016,54.70586395263672,0.21454429626464844,0.0019971405671238515,7.465917159024344,57.5703125,0.0,0.0,0.0,False,0,['worst_quality_percentile'],False,0.6862826279240454,worst_quality_percentile
4436,valid,20,female,caucasian,slightlyhappy,/home/fox/Desktop/Projects/Amrita RLHF/Diffusion_RL_Abi/datasets/appa-real-dataset_v2/valid_data/004436.jpg,False,50.1653938293457,33.56622314453125,True,0.180625,17.968164443969727,33.910491943359375,0.0019402503967285156,5.780365370778916e-05,7.669939139566638,54.88671875,0.0,0.0,0.0,False,0,['worst_quality_percentile'],False,0.7022790146225794,worst_quality_percentile
4440,valid,30,female,asian,slightlyhappy,/home/fox/Desktop/Projects/Amrita RLHF/Diffusion_RL_Abi/datasets/appa-real-dataset_v2/valid_data/004440.jpg,False,348.69873046875,49.997005462646484,True,0.20095124851367419,89.87628936767578,40.26332092285156,-0.06577348709106445,-0.0013155485046930724,7.579331078827051,60.97906494140625,0.09793103448275864,0.10325009908838684,0.896551724137931,False,2,['worst_quality_percentile'],False,0.7076613282646743,worst_quality_percentile
4444,valid,16,female,caucasian,happy,/home/fox/Desktop/Projects/Amrita RLHF/Diffusion_RL_Abi/datasets/appa-real-dataset_v2/valid_data/004444.jpg,False,231.78985595703125,54.74446105957031,True,0.1550390625,35.435569763183594,39.9987678527832,0.37368083000183105,0.006825911077456738,7.274581543075023,52.06597900390625,0.0,0.0,0.0,False,0,['worst_quality_percentile'],False,0.7820351167736229,worst_quality_percentile
4447,valid,40,female,caucasian,slightlyhappy,/home/fox/Desktop/Projects/Amrita RLHF/Diffusion_RL_Abi/datasets/appa-real-dataset_v2/valid_data/004447.jpg,False,186.04971313476562,50.31172180175781,True,0.1706609813514045,8.164811134338379,26.66226577758789,-1.1335937976837158,-0.022531404900412392,8.323457698771083,61.00054931640625,0.0,0.0,0.0,False,0,['roi_blur_laplacian'],False,0.6126239719969137,roi_blur_laplacian
4456,valid,17,male,caucasian,neutral,/home/fox/Desktop/Projects/Amrita RLHF/Diffusion_RL_Abi/datasets/appa-real-dataset_v2/valid_data/004456.jpg,False,190.62603759765625,35.06894302368164,True,0.01017275528169014,8.083124160766602,22.380836486816406,0.09934806823730469,0.002832935835484984,4.075971946301932,11.02569580078125,0.1,0.12365481954225352,1.0,False,1,"['roi_blur_laplacian', 'worst_quality_percentile']",False,0.654214577413102,roi_blur_laplacian;worst_quality_percentile
4459,valid,7,male,asian,neutral,/home/fox/Desktop/Projects/Amrita RLHF/Diffusion_RL_Abi/datasets/appa-real-dataset_v2/valid_data/004459.jpg,False,482.9387512207031,78.60772705078125,True,0.1460505497180413,107.38703155517578,62.503173828125,0.5297336578369141,0.006738951385221332,7.125354214104712,55.72064208984375,0.0,0.0,0.0,False,0,['worst_quality_percentile'],False,0.6912509174398254,worst_quality_percentile
4473,valid,12,female,afroamerican,happy,/home/fox/Desktop/Projects/Amrita RLHF/Diffusion_RL_Abi/datasets/appa-real-dataset_v2/valid_data/004473.jpg,False,134.18605041503906,37.12900924682617,True,0.09896267361111111,152.94955444335938,47.272647857666016,0.06605076789855957,0.0017789531005396426,5.428740057224547,34.7813720703125,0.4529166666666667,0.09148763020833334,0.5291666666666667,True,2,['worst_quality_percentile'],False,0.6421702391930293,worst_quality_percentile
4476,valid,18,male,caucasian,slightlyhappy,/home/fox/Desktop/Projects/Amrita RLHF/Diffusion_RL_Abi/datasets/appa-real-dataset_v2/valid_data/004476.jpg,False,153.72630310058594,37.20270919799805,True,0.14605066872427983,141.06666564941406,50.72764587402344,0.32351160049438477,0.008695914861380008,6.689653849235214,38.29229736328125,0.0,0.0,0.0,False,0,['worst_quality_percentile'],False,0.6721117112369912,worst_quality_percentile
4480,valid,23,female,caucasian,happy,/home/fox/Desktop/Projects/Amrita RLHF/Diffusion_RL_Abi/datasets/appa-real-dataset_v2/valid_data/004480.jpg,False,1013.36962890625,58.909427642822266,True,0.03639636408174692,71.87152099609375,19.504108428955078,0.3233909606933594,0.005489629897009067,2.921099713561832,8.65447998046875,0.0,0.0,0.0,False,0,['roi_blur_tenengrad'],False,0.5631104503453337,roi_blur_tenengrad
4482,valid,39,male,caucasian,neutral,/home/fox/Desktop/Projects/Amrita RLHF/Diffusion_RL_Abi/datasets/appa-real-dataset_v2/valid_data/004482.jpg,False,842.1776123046875,71.81663513183594,True,0.06532158317872604,86.85049438476562,55.272735595703125,0.2735438346862793,0.003808920180891329,5.918553679615103,44.1689453125,0.0,0.0,0.0,False,0,['worst_quality_percentile'],False,0.633118166249506,worst_quality_percentile
4488,valid,33,male,caucasian,other,/home/fox/Desktop/Projects/Amrita RLHF/Diffusion_RL_Abi/datasets/appa-real-dataset_v2/valid_data/004488.jpg,False,42.0460205078125,41.350215911865234,True,0.33933452728815156,52.70582962036133,65.17695617675781,0.23221254348754883,0.005615751520300166,9.196690277020785,73.7498779296875,0.1,0.5186162692053916,1.0,False,1,"['brisque', 'worst_quality_percentile']",False,0.7742251162090446,brisque;worst_quality_percentile
4490,valid,16,female,caucasian,neutral,/home/fox/Desktop/Projects/Amrita RLHF/Diffusion_RL_Abi/datasets/appa-real-dataset_v2/valid_data/004490.jpg,False,56.154022216796875,36.83818054199219,True,0.4019081523673905,37.712791442871094,35.53667449951172,0.15694308280944824,0.004260337406463654,7.337381426477012,65.26019287109375,0.5,0.3618939124243503,1.0,True,1,"['black_bars_area', 'worst_quality_percentile']",False,0.8500950373562678,black_bars_area;worst_quality_percentile
4497,valid,26,male,caucasian,other,/home/fox/Desktop/Projects/Amrita RLHF/Diffusion_RL_Abi/datasets/appa-real-dataset_v2/valid_data/004497.jpg,False,55.996253967285156,43.999568939208984,True,0.1677097505668934,11.80056381225586,40.18092727661133,0.07016682624816895,0.001594716183478915,9.65645035626731,69.611083984375,0.0,0.0,0.0,False,0,"['roi_blur_laplacian', 'worst_quality_percentile']",False,0.73969174021868,roi_blur_laplacian;worst_quality_percentile
4498,valid,50,female,caucasian,neutral,/home/fox/Desktop/Projects/Amrita RLHF/Diffusion_RL_Abi/datasets/appa-real-dataset_v2/valid_data/004498.jpg,False,72.15963745117188,36.20378112792969,True,0.12430144641683104,13.054701805114746,34.42976379394531,0.003173828125,8.766565089207976e-05,7.832319741875044,62.2987060546875,0.0,0.0,0.0,False,0,"['roi_blur_laplacian', 'worst_quality_percentile']",False,0.7150008468675312,roi_blur_laplacian;worst_quality_percentile
4503,valid,15,female,caucasian,neutral,/home/fox/Desktop/Projects/Amrita RLHF/Diffusion_RL_Abi/datasets/appa-real-dataset_v2/valid_data/004503.jpg,False,356.7668762207031,73.0822982788086,True,0.09080717488789238,40.61323165893555,54.19658279418945,0.2546272277832031,0.0034841162674945623,7.164851202831777,52.88531494140625,0.1,0.28020677628300944,1.0,False,1,['worst_quality_percentile'],False,0.767130248226283,worst_quality_percentile
4510,valid,25,male,caucasian,neutral,/home/fox/Desktop/Projects/Amrita RLHF/Diffusion_RL_Abi/datasets/appa-real-dataset_v2/valid_data/004510.jpg,False,195.4636688232422,52.3920783996582,True,0.09997708428143084,25.8864688873291,33.97902297973633,0.0029222965240478516,5.5777448758159354e-05,5.98307794462716,52.28240966796875,0.0,0.0,0.0,False,0,['worst_quality_percentile'],False,0.6604813971432335,worst_quality_percentile
4512,valid,59,male,caucasian,happy,/home/fox/Desktop/Projects/Amrita RLHF/Diffusion_RL_Abi/datasets/appa-real-dataset_v2/valid_data/004512.jpg,False,931.6548461914062,69.41168212890625,True,0.05963388147688489,34.82234191894531,38.177913665771484,1.118889331817627,0.016119611013317575,6.193097711387063,53.2515869140625,0.0,0.0,0.0,False,0,['worst_quality_percentile'],False,0.8104898658185445,worst_quality_percentile
4513,valid,10,female,caucasian,neutral,/home/fox/Desktop/Projects/Amrita RLHF/Diffusion_RL_Abi/datasets/appa-real-dataset_v2/valid_data/004513.jpg,False,333.3221130371094,25.120643615722656,True,0.032552083333333336,7.291600227355957,11.480198860168457,0.10216212272644043,0.00406685912281481,4.277192731925747,31.542236328125,0.5,0.6248990885416666,1.0,True,1,"['roi_blur_tenengrad', 'roi_blur_laplacian', 'black_bars_area', 'worst_quality_percentile']",False,0.7420159211095846,roi_blur_tenengrad;roi_blur_laplacian;black_bars_area;worst_quality_percentile
4517,valid,6,female,caucasian,neutral,/home/fox/Desktop/Projects/Amrita RLHF/Diffusion_RL_Abi/datasets/appa-real-dataset_v2/valid_data/004517.jpg,False,358.1348571777344,72.48895263671875,True,0.10687869822485208,16.8380069732666,28.982481002807617,-0.12608957290649414,-0.0017394315489556796,7.296175581389281,54.18597412109375,0.0,0.0,0.0,False,0,['worst_quality_percentile'],False,0.6614035417882078,worst_quality_percentile
4519,valid,25,male,caucasian,slightlyhappy,/home/fox/Desktop/Projects/Amrita RLHF/Diffusion_RL_Abi/datasets/appa-real-dataset_v2/valid_data/004519.jpg,False,2083.17822265625,109.80315399169922,True,0.2552354600694444,1486.6351318359375,137.2376708984375,3.9082183837890625,0.03559295162406319,6.438902609096266,66.17462158203125,0.0,0.0,0.0,False,0,['jpeg_blockiness'],False,0.5969475130323504,jpeg_blockiness
4521,valid,16,female,caucasian,other,/home/fox/Desktop/Projects/Amrita RLHF/Diffusion_RL_Abi/datasets/appa-real-dataset_v2/valid_data/004521.jpg,False,509.3862609863281,63.84025573730469,True,0.0037345679012345677,1.9157949686050415,8.612096786499023,0.18960952758789062,0.0029700621093695164,4.386180694210213,35.77777099609375,0.0,0.0,0.0,False,0,"['roi_blur_tenengrad', 'roi_blur_laplacian', 'worst_quality_percentile']",False,0.6815401697498917,roi_blur_tenengrad;roi_blur_laplacian;worst_quality_percentile
4527,valid,17,male,caucasian,slightlyhappy,/home/fox/Desktop/Projects/Amrita RLHF/Diffusion_RL_Abi/datasets/appa-real-dataset_v2/valid_data/004527.jpg,False,48.922340393066406,55.737545013427734,True,0.2966358418367347,19.807109832763672,47.01713562011719,-0.13225793838500977,-0.0023728697771004757,10.096652494469629,69.61785888671875,0.0,0.0,0.0,False,0,['worst_quality_percentile'],False,0.6357716845136158,worst_quality_percentile
4529,valid,36,male,caucasian,happy,/home/fox/Desktop/Projects/Amrita RLHF/Diffusion_RL_Abi/datasets/appa-real-dataset_v2/valid_data/004529.jpg,False,215.44003295898438,36.69889831542969,True,0.2980569758948137,132.57525634765625,38.436031341552734,0.4704248905181885,0.01281850135272049,5.15144699226202,34.1436767578125,0.0,0.0,0.0,False,0,['worst_quality_percentile'],False,0.6993996650168433,worst_quality_percentile
4533,valid,34,male,caucasian,slightlyhappy,/home/fox/Desktop/Projects/Amrita RLHF/Diffusion_RL_Abi/datasets/appa-real-dataset_v2/valid_data/004533.jpg,False,173.25303649902344,50.83316421508789,True,0.37787897528157266,101.71540069580078,52.283851623535156,0.10943841934204102,0.0021528940580225445,6.8092136512231995,52.62371826171875,0.0,0.0,0.0,False,0,['worst_quality_percentile'],False,0.6328358770724731,worst_quality_percentile
4539,valid,41,female,caucasian,happy,/home/fox/Desktop/Projects/Amrita RLHF/Diffusion_RL_Abi/datasets/appa-real-dataset_v2/valid_data/004539.jpg,False,932.4764404296875,49.11185073852539,True,0.003794975876373088,26.374099731445312,35.87297058105469,-0.3687710762023926,-0.007508800078762112,3.2595887101330923,32.89324951171875,1.0,0.22609054816713844,1.0,True,1,"['black_bars_score', 'black_bars_area']",False,0.5239663511300977,black_bars_score;black_bars_area
4546,valid,40,female,caucasian,happy,/home/fox/Desktop/Projects/Amrita RLHF/Diffusion_RL_Abi/datasets/appa-real-dataset_v2/valid_data/004546.jpg,False,135.71734619140625,38.220340728759766,True,0.3664380244609004,170.8915252685547,46.175010681152344,0.13647699356079102,0.0035707946969531098,5.667003168822823,24.80712890625,0.43056379821958457,0.03134658225396015,0.3056379821958457,True,1,['worst_quality_percentile'],False,0.6504695409977981,worst_quality_percentile
4559,valid,13,male,asian,happy,/home/fox/Desktop/Projects/Amrita RLHF/Diffusion_RL_Abi/datasets/appa-real-dataset_v2/valid_data/004559.jpg,False,261.53973388671875,38.13613510131836,True,0.15538319293199096,107.60340881347656,50.747344970703125,0.1630408763885498,0.004275233231688449,6.65011024954041,46.91290283203125,0.0,0.0,0.0,False,0,['worst_quality_percentile'],False,0.6508082880102377,worst_quality_percentile
4562,valid,55,female,caucasian,slightlyhappy,/home/fox/Desktop/Projects/Amrita RLHF/Diffusion_RL_Abi/datasets/appa-real-dataset_v2/valid_data/004562.jpg,False,75.7134780883789,39.22157669067383,True,0.2963870177587263,51.78440475463867,41.230350494384766,-0.016270875930786133,-0.0004148450136072688,8.264948363148434,63.4923095703125,0.0,0.0,0.0,False,0,['worst_quality_percentile'],False,0.6751227957920093,worst_quality_percentile
4568,valid,19,male,caucasian,neutral,/home/fox/Desktop/Projects/Amrita RLHF/Diffusion_RL_Abi/datasets/appa-real-dataset_v2/valid_data/004568.jpg,False,167.33778381347656,36.34599304199219,True,0.4159038070328393,242.1717529296875,48.11799621582031,0.3513154983520508,0.00966586573326788,6.0511975652161665,33.0328369140625,0.0,0.0,0.0,False,0,['worst_quality_percentile'],False,0.6393285281442308,worst_quality_percentile
4576,valid,8,female,caucasian,happy,/home/fox/Desktop/Projects/Amrita RLHF/Diffusion_RL_Abi/datasets/appa-real-dataset_v2/valid_data/004576.jpg,False,500.1494140625,79.81171417236328,True,0.1453515625,108.23385620117188,68.99446868896484,0.5071821212768555,0.006354732762997674,7.252449938085577,53.5428466796875,0.0,0.0,0.0,False,0,['worst_quality_percentile'],False,0.6719611570092404,worst_quality_percentile
4585,valid,48,male,caucasian,neutral,/home/fox/Desktop/Projects/Amrita RLHF/Diffusion_RL_Abi/datasets/appa-real-dataset_v2/valid_data/004585.jpg,False,66.87584686279297,43.804195404052734,True,0.400576830636116,50.331443786621094,42.226600646972656,0.24330520629882812,0.0055543812299297815,8.315221592171769,62.30035400390625,0.0,0.0,0.0,False,0,['worst_quality_percentile'],False,0.7738487306396673,worst_quality_percentile
4590,valid,21,female,asian,slightlyhappy,/home/fox/Desktop/Projects/Amrita RLHF/Diffusion_RL_Abi/datasets/appa-real-dataset_v2/valid_data/004590.jpg,False,216.87518310546875,30.523834228515625,True,0.08924504285669935,49.8083610534668,30.50101089477539,0.5202827453613281,0.01704513018977627,3.993957006471753,4.33441162109375,0.0,0.0,0.0,False,0,['worst_quality_percentile'],False,0.6350565519317989,worst_quality_percentile
4591,valid,32,male,caucasian,other,/home/fox/Desktop/Projects/Amrita RLHF/Diffusion_RL_Abi/datasets/appa-real-dataset_v2/valid_data/004591.jpg,False,150.2724609375,59.087589263916016,True,0.25,83.41883087158203,55.75279235839844,0.5180988311767578,0.008768318844323454,7.780210664352183,54.50823974609375,0.0,0.0,0.0,False,0,['worst_quality_percentile'],False,0.7376968967009805,worst_quality_percentile
4593,valid,16,female,caucasian,slightlyhappy,/home/fox/Desktop/Projects/Amrita RLHF/Diffusion_RL_Abi/datasets/appa-real-dataset_v2/valid_data/004593.jpg,False,1864.2926025390625,68.4049301147461,True,0.006836318226120857,10.099530220031738,26.833810806274414,1.0457515716552734,0.015287663544329484,4.06869196666064,36.736572265625,0.0,0.0,0.0,False,0,"['roi_blur_laplacian', 'worst_quality_percentile']",False,0.7502305361612436,roi_blur_laplacian;worst_quality_percentile
4594,valid,2,female,caucasian,slightlyhappy,/home/fox/Desktop/Projects/Amrita RLHF/Diffusion_RL_Abi/datasets/appa-real-dataset_v2/valid_data/004594.jpg,False,1502.1162109375,102.06378173828125,True,0.25,463.2060241699219,64.34190368652344,2.0844783782958984,0.020423291420043257,6.996214136392998,50.30511474609375,0.0,0.0,0.0,False,0,"['jpeg_blockiness', 'worst_quality_percentile']",False,0.64083407042174,jpeg_blockiness;worst_quality_percentile
4595,valid,5,female,caucasian,happy,/home/fox/Desktop/Projects/Amrita RLHF/Diffusion_RL_Abi/datasets/appa-real-dataset_v2/valid_data/004595.jpg,False,29.15751838684082,26.50605010986328,True,0.2881994459833795,26.559106826782227,34.34172058105469,0.15076923370361328,0.005688106201814041,8.931954309970617,64.50469970703125,0.09610526315789475,0.18382271468144043,0.8052631578947368,False,1,['worst_quality_percentile'],False,0.8638048817208349,worst_quality_percentile
4597,valid,53,male,caucasian,slightlyhappy,/home/fox/Desktop/Projects/Amrita RLHF/Diffusion_RL_Abi/datasets/appa-real-dataset_v2/valid_data/004597.jpg,False,1374.4822998046875,102.05056762695312,True,0.03443526170798898,126.22296905517578,88.52025604248047,1.135777473449707,0.011129555559867119,6.13870906811934,42.45745849609375,0.0,0.0,0.0,False,0,['worst_quality_percentile'],False,0.6346989856408906,worst_quality_percentile
4604,valid,1,male,caucasian,neutral,/home/fox/Desktop/Projects/Amrita RLHF/Diffusion_RL_Abi/datasets/appa-real-dataset_v2/valid_data/004604.jpg,False,134.32723999023438,38.56898498535156,True,0.1964645726807889,50.06138610839844,30.993032455444336,0.18744254112243652,0.00485992919786968,7.355844847652179,48.40802001953125,0.0,0.0,0.0,False,0,['worst_quality_percentile'],False,0.7541825846397048,worst_quality_percentile
4605,valid,15,female,caucasian,happy,/home/fox/Desktop/Projects/Amrita RLHF/Diffusion_RL_Abi/datasets/appa-real-dataset_v2/valid_data/004605.jpg,False,69.04389190673828,29.680545806884766,True,0.3272887323943662,72.8813247680664,33.43857955932617,-0.11035609245300293,-0.0037181286844555194,7.755047819955946,57.2901611328125,0.0,0.0,0.0,False,0,['worst_quality_percentile'],False,0.6291472984925759,worst_quality_percentile
4609,valid,17,male,caucasian,neutral,/home/fox/Desktop/Projects/Amrita RLHF/Diffusion_RL_Abi/datasets/appa-real-dataset_v2/valid_data/004609.jpg,False,1160.525634765625,60.93457794189453,True,0.009287925696594427,20.56116485595703,37.58121109008789,0.5613408088684082,0.009212188196191308,2.281151471592709,3.2608642578125,0.4518575851393189,0.11802232854864433,0.5185758513931888,True,1,['worst_quality_percentile'],False,0.6571880234111825,worst_quality_percentile
4613,valid,39,male,caucasian,happy,/home/fox/Desktop/Projects/Amrita RLHF/Diffusion_RL_Abi/datasets/appa-real-dataset_v2/valid_data/004613.jpg,False,574.11865234375,55.522796630859375,True,0.04949604410403165,23.82150650024414,32.02833557128906,0.23529291152954102,0.004237771178136133,4.529707991682923,36.52288818359375,0.0,0.0,0.0,False,0,['worst_quality_percentile'],False,0.6823117601671151,worst_quality_percentile
4615,valid,19,male,caucasian,neutral,/home/fox/Desktop/Projects/Amrita RLHF/Diffusion_RL_Abi/datasets/appa-real-dataset_v2/valid_data/004615.jpg,False,115.6953125,33.14636993408203,True,0.12,14.293320655822754,17.517744064331055,0.07201337814331055,0.0021725871072438997,4.8834190050875526,29.83538818359375,0.0,0.0,0.0,False,0,"['roi_blur_tenengrad', 'roi_blur_laplacian', 'worst_quality_percentile']",False,0.649923781922201,roi_blur_tenengrad;roi_blur_laplacian;worst_quality_percentile
4618,valid,52,female,caucasian,neutral,/home/fox/Desktop/Projects/Amrita RLHF/Diffusion_RL_Abi/datasets/appa-real-dataset_v2/valid_data/004618.jpg,False,43.30933380126953,20.519371032714844,True,0.28112087673611114,97.29332733154297,40.60576248168945,0.024568796157836914,0.001197346396306179,6.39639179221138,37.45916748046875,0.449453125,0.09899956597222222,0.49453125,True,1,['worst_quality_percentile'],False,0.6897830137192541,worst_quality_percentile
4620,valid,18,male,caucasian,neutral,/home/fox/Desktop/Projects/Amrita RLHF/Diffusion_RL_Abi/datasets/appa-real-dataset_v2/valid_data/004620.jpg,False,93.59192657470703,17.9195556640625,True,0.1452,169.41062927246094,43.53135681152344,0.06847739219665527,0.0038213775865329315,6.383957257944562,61.06060791015625,0.0,0.0,0.0,False,0,['worst_quality_percentile'],False,0.6548356136025744,worst_quality_percentile
4626,valid,33,male,caucasian,neutral,/home/fox/Desktop/Projects/Amrita RLHF/Diffusion_RL_Abi/datasets/appa-real-dataset_v2/valid_data/004626.jpg,False,183.22146606445312,24.31378936767578,True,0.335241,178.23455810546875,35.41963195800781,0.3391721248626709,0.01394978404163535,4.579865468566658,17.4493408203125,0.44780000000000003,0.039847,0.478,True,2,['worst_quality_percentile'],False,0.7043303159756855,worst_quality_percentile
4635,valid,32,female,caucasian,neutral,/home/fox/Desktop/Projects/Amrita RLHF/Diffusion_RL_Abi/datasets/appa-real-dataset_v2/valid_data/004635.jpg,False,44.31168746948242,20.178800582885742,True,0.21500325520833333,46.019962310791016,24.5141544342041,0.16717278957366943,0.00828457472496552,5.6323255785062765,20.59539794921875,0.46020833333333333,0.06111002604166667,0.6020833333333333,True,2,['worst_quality_percentile'],False,0.7652106818224589,worst_quality_percentile
4639,valid,32,female,asian,slightlyhappy,/home/fox/Desktop/Projects/Amrita RLHF/Diffusion_RL_Abi/datasets/appa-real-dataset_v2/valid_data/004639.jpg,False,592.5053100585938,51.25816345214844,True,0.35882736234240586,227.48806762695312,48.42445755004883,0.3906893730163574,0.007621993046221577,7.232354217131506,36.567626953125,0.0,0.0,0.0,False,0,['worst_quality_percentile'],False,0.6679714699738412,worst_quality_percentile
4641,valid,29,female,caucasian,neutral,/home/fox/Desktop/Projects/Amrita RLHF/Diffusion_RL_Abi/datasets/appa-real-dataset_v2/valid_data/004641.jpg,False,149.1494598388672,29.92827796936035,True,0.05689767898005884,10.876704216003418,28.261098861694336,-0.3080613613128662,-0.010293320295104503,7.0100187477396325,48.30303955078125,0.0,0.0,0.0,False,0,['roi_blur_laplacian'],False,0.5907559704160942,roi_blur_laplacian
4648,valid,30,male,caucasian,neutral,/home/fox/Desktop/Projects/Amrita RLHF/Diffusion_RL_Abi/datasets/appa-real-dataset_v2/valid_data/004648.jpg,False,363.17413330078125,41.42119598388672,True,0.1677293502689326,186.43902587890625,43.250450134277344,0.41435718536376953,0.010003505826375778,5.339871324241065,33.3577880859375,0.0,0.0,0.0,False,0,['worst_quality_percentile'],False,0.6642452528370061,worst_quality_percentile
4652,valid,29,female,asian,neutral,/home/fox/Desktop/Projects/Amrita RLHF/Diffusion_RL_Abi/datasets/appa-real-dataset_v2/valid_data/004652.jpg,False,147.3055877685547,44.99559783935547,True,0.11715986394557823,33.01692199707031,44.675926208496094,0.30190396308898926,0.006709633183611027,6.220395863236854,49.168212890625,0.0,0.0,0.0,False,0,['worst_quality_percentile'],False,0.7331238120330467,worst_quality_percentile
4653,valid,52,male,caucasian,slightlyhappy,/home/fox/Desktop/Projects/Amrita RLHF/Diffusion_RL_Abi/datasets/appa-real-dataset_v2/valid_data/004653.jpg,False,85.69427490234375,17.739334106445312,True,0.22045801526717557,90.26272583007812,29.457107543945312,0.1702350378036499,0.009596472290655226,5.411923667686653,42.7586669921875,0.0,0.0,0.0,False,0,['worst_quality_percentile'],False,0.7123661478818902,worst_quality_percentile
4655,valid,40,male,caucasian,happy,/home/fox/Desktop/Projects/Amrita RLHF/Diffusion_RL_Abi/datasets/appa-real-dataset_v2/valid_data/004655.jpg,False,142.90032958984375,49.88187789916992,True,0.245025,101.3150405883789,55.86122131347656,0.5399775505065918,0.010825124522636566,7.2688540173510825,56.8465576171875,0.0,0.0,0.0,False,0,['worst_quality_percentile'],False,0.7352315712215595,worst_quality_percentile
4663,valid,30,male,caucasian,slightlyhappy,/home/fox/Desktop/Projects/Amrita RLHF/Diffusion_RL_Abi/datasets/appa-real-dataset_v2/valid_data/004663.jpg,False,475.5589904785156,67.64034271240234,True,0.10377910904914193,82.18499755859375,72.58523559570312,0.24808549880981445,0.0036677149345166055,7.602866574424585,56.8043212890625,0.0,0.0,0.0,False,0,['worst_quality_percentile'],False,0.6453130586973296,worst_quality_percentile
4667,valid,3,male,caucasian,neutral,/home/fox/Desktop/Projects/Amrita RLHF/Diffusion_RL_Abi/datasets/appa-real-dataset_v2/valid_data/004667.jpg,False,100.21649169921875,30.283000946044922,True,0.3431980339894126,151.1346435546875,39.121456146240234,0.10701513290405273,0.0035338350238434445,6.601376678824274,40.14935302734375,0.0,0.0,0.0,False,0,['worst_quality_percentile'],False,0.6455765285958935,worst_quality_percentile
4672,valid,19,female,caucasian,happy,/home/fox/Desktop/Projects/Amrita RLHF/Diffusion_RL_Abi/datasets/appa-real-dataset_v2/valid_data/004672.jpg,False,377.91680908203125,61.445220947265625,True,0.14083333333333334,72.26232147216797,48.3630485534668,1.5226140022277832,0.024780022823166662,4.526681247914744,27.60308837890625,0.09329166666666668,0.07482421875,0.6645833333333333,False,2,['worst_quality_percentile'],False,0.74383198148183,worst_quality_percentile
4683,valid,22,female,caucasian,happy,/home/fox/Desktop/Projects/Amrita RLHF/Diffusion_RL_Abi/datasets/appa-real-dataset_v2/valid_data/004683.jpg,False,1438.6915283203125,99.90763854980469,True,0.005839142091152815,6.39175271987915,16.40581703186035,0.32789039611816406,0.003281935171280954,3.478988021497264,23.59173583984375,0.0,0.0,0.0,False,0,"['roi_blur_tenengrad', 'roi_blur_laplacian', 'worst_quality_percentile']",False,0.6347366241978284,roi_blur_tenengrad;roi_blur_laplacian;worst_quality_percentile
4685,valid,30,female,caucasian,neutral,/home/fox/Desktop/Projects/Amrita RLHF/Diffusion_RL_Abi/datasets/appa-real-dataset_v2/valid_data/004685.jpg,False,26.346466064453125,23.832658767700195,True,0.31640625,11.674572944641113,23.25152015686035,-0.10936200618743896,-0.004588745329031824,8.848879541293977,67.93017578125,0.0,0.0,0.0,False,0,"['roi_blur_laplacian', 'worst_quality_percentile']",False,0.6763084103355477,roi_blur_laplacian;worst_quality_percentile
4686,valid,50,male,caucasian,neutral,/home/fox/Desktop/Projects/Amrita RLHF/Diffusion_RL_Abi/datasets/appa-real-dataset_v2/valid_data/004686.jpg,False,203.0222625732422,40.07072067260742,True,0.11626512968299711,132.95147705078125,46.906593322753906,0.45242929458618164,0.011290769811502172,5.6615299023258485,36.8992919921875,0.0,0.0,0.0,False,0,['worst_quality_percentile'],False,0.6849464591527561,worst_quality_percentile
4691,valid,23,female,caucasian,slightlyhappy,/home/fox/Desktop/Projects/Amrita RLHF/Diffusion_RL_Abi/datasets/appa-real-dataset_v2/valid_data/004691.jpg,False,81.76949310302734,33.33504104614258,True,0.041137756941940135,7.200526714324951,19.896650314331055,0.032840728759765625,0.0009851713615452256,5.809633109438324,41.8360595703125,0.09216101694915256,0.08202007452818848,0.6080508474576272,False,1,"['roi_blur_tenengrad', 'roi_blur_laplacian', 'worst_quality_percentile']",False,0.7407079812559987,roi_blur_tenengrad;roi_blur_laplacian;worst_quality_percentile
4706,valid,44,male,caucasian,slightlyhappy,/home/fox/Desktop/Projects/Amrita RLHF/Diffusion_RL_Abi/datasets/appa-real-dataset_v2/valid_data/004706.jpg,False,311.620361328125,34.797367095947266,True,0.2006293402777778,190.45480346679688,49.777774810791016,1.0252463817596436,0.02946333121897948,5.631518758053618,41.22149658203125,0.0,0.0,0.0,False,0,['worst_quality_percentile'],False,0.6900088450608804,worst_quality_percentile
4709,valid,34,female,caucasian,neutral,/home/fox/Desktop/Projects/Amrita RLHF/Diffusion_RL_Abi/datasets/appa-real-dataset_v2/valid_data/004709.jpg,False,2254.724609375,66.7708511352539,True,0.059536,46.908897399902344,42.831844329833984,0.37932300567626953,0.005680966972053862,5.6023600173748,43.49969482421875,0.08848,0.055024,0.424,False,1,['worst_quality_percentile'],False,0.7736605378549787,worst_quality_percentile
4718,valid,18,female,caucasian,neutral,/home/fox/Desktop/Projects/Amrita RLHF/Diffusion_RL_Abi/datasets/appa-real-dataset_v2/valid_data/004718.jpg,False,791.2734375,83.46559143066406,True,0.01177062310597673,12.241040229797363,34.6443977355957,-0.10971546173095703,-0.001314499286901954,3.5154907298734264,22.84063720703125,0.0,0.0,0.0,False,0,['roi_blur_laplacian'],False,0.49398724052919807,roi_blur_laplacian
4737,valid,52,male,caucasian,other,/home/fox/Desktop/Projects/Amrita RLHF/Diffusion_RL_Abi/datasets/appa-real-dataset_v2/valid_data/004737.jpg,False,433.76959228515625,95.23424530029297,True,0.05098855359001041,20.120826721191406,48.1240348815918,0.12312507629394531,0.0012928655507568872,5.382126999165297,43.46527099609375,0.0,0.0,0.0,False,0,['worst_quality_percentile'],False,0.6300318045806125,worst_quality_percentile
4741,valid,23,female,caucasian,slightlyhappy,/home/fox/Desktop/Projects/Amrita RLHF/Diffusion_RL_Abi/datasets/appa-real-dataset_v2/valid_data/004741.jpg,False,49.063087463378906,34.720848083496094,True,0.1814338947494417,32.849178314208984,32.62656784057617,0.14209961891174316,0.004092630873456593,7.627202711379735,55.83489990234375,0.0,0.0,0.0,False,0,['worst_quality_percentile'],False,0.7647778384176751,worst_quality_percentile
4742,valid,25,female,asian,slightlyhappy,/home/fox/Desktop/Projects/Amrita RLHF/Diffusion_RL_Abi/datasets/appa-real-dataset_v2/valid_data/004742.jpg,False,69.99419403076172,51.559715270996094,True,0.16290463057047466,17.85769271850586,41.43697738647461,0.0013470649719238281,2.612630691844193e-05,8.669501233779215,60.72613525390625,0.0,0.0,0.0,False,0,['worst_quality_percentile'],False,0.6967085081957958,worst_quality_percentile
4745,valid,27,male,caucasian,slightlyhappy,/home/fox/Desktop/Projects/Amrita RLHF/Diffusion_RL_Abi/datasets/appa-real-dataset_v2/valid_data/004745.jpg,False,259.80377197265625,65.56790161132812,True,0.3025,110.84818267822266,56.20649337768555,0.2027759552001953,0.0030926100595623117,6.6322084564554125,50.99737548828125,0.0,0.0,0.0,False,0,['worst_quality_percentile'],False,0.6336451060466342,worst_quality_percentile
4749,valid,7,female,afroamerican,neutral,/home/fox/Desktop/Projects/Amrita RLHF/Diffusion_RL_Abi/datasets/appa-real-dataset_v2/valid_data/004749.jpg,False,1072.101318359375,64.9081802368164,True,0.02296875,55.336875915527344,31.695253372192383,1.002211570739746,0.015440450674209991,2.944155392165649,15.3388671875,0.0,0.0,0.0,False,0,['worst_quality_percentile'],False,0.6325912264523778,worst_quality_percentile
4759,valid,40,female,caucasian,happy,/home/fox/Desktop/Projects/Amrita RLHF/Diffusion_RL_Abi/datasets/appa-real-dataset_v2/valid_data/004759.jpg,False,129.0916748046875,43.70130157470703,True,0.4592172174589757,202.7998504638672,55.492549896240234,0.37424564361572266,0.008563718277640643,5.7724286436969825,39.27618408203125,0.09670329670329672,0.08294757745307196,0.8351648351648352,False,1,['worst_quality_percentile'],False,0.6958616406646969,worst_quality_percentile
4761,valid,22,male,caucasian,neutral,/home/fox/Desktop/Projects/Amrita RLHF/Diffusion_RL_Abi/datasets/appa-real-dataset_v2/valid_data/004761.jpg,False,28.097450256347656,25.702884674072266,False,0.0,48.923423767089844,38.21271514892578,0.06398928165435791,0.0024895757801586833,7.589761578507605,62.63226318359375,0.5,0.5014190086779498,1.0,True,1,"['black_bars_area', 'worst_quality_percentile']",False,0.8072435402826655,black_bars_area;worst_quality_percentile
4765,valid,37,female,caucasian,neutral,/home/fox/Desktop/Projects/Amrita RLHF/Diffusion_RL_Abi/datasets/appa-real-dataset_v2/valid_data/004765.jpg,False,218.13787841796875,45.30437088012695,True,0.14844401041666666,220.4679718017578,55.46001052856445,0.5294075012207031,0.011685572037539518,4.235126260334833,23.0897216796875,1.0,0.22425455729166666,1.0,True,1,"['black_bars_score', 'black_bars_area', 'worst_quality_percentile']",False,0.6454636129250806,black_bars_score;black_bars_area;worst_quality_percentile
4772,valid,60,male,caucasian,other,/home/fox/Desktop/Projects/Amrita RLHF/Diffusion_RL_Abi/datasets/appa-real-dataset_v2/valid_data/004772.jpg,False,350.0457763671875,35.00605773925781,True,0.0263671875,42.93629455566406,27.135507583618164,0.42906641960144043,0.01225691880360872,4.665625897798202,6.98553466796875,0.0,0.0,0.0,False,0,['worst_quality_percentile'],False,0.6636430359260025,worst_quality_percentile
4777,valid,42,male,caucasian,slightlyhappy,/home/fox/Desktop/Projects/Amrita RLHF/Diffusion_RL_Abi/datasets/appa-real-dataset_v2/valid_data/004777.jpg,False,417.1133117675781,60.224952697753906,True,0.23926183127572018,91.62728881835938,29.737302780151367,0.2436962127685547,0.004046432546740893,4.931275664159916,28.89166259765625,0.0,0.0,0.0,False,0,['worst_quality_percentile'],False,0.6548167943241056,worst_quality_percentile
4790,valid,7,male,caucasian,other,/home/fox/Desktop/Projects/Amrita RLHF/Diffusion_RL_Abi/datasets/appa-real-dataset_v2/valid_data/004790.jpg,False,140.00250244140625,50.858489990234375,True,0.12632457541007402,45.50740051269531,52.524173736572266,0.19438409805297852,0.003822057915369595,7.778446273701035,65.67877197265625,0.0,0.0,0.0,False,0,['worst_quality_percentile'],False,0.7171462446129816,worst_quality_percentile
4791,valid,17,female,caucasian,slightlyhappy,/home/fox/Desktop/Projects/Amrita RLHF/Diffusion_RL_Abi/datasets/appa-real-dataset_v2/valid_data/004791.jpg,False,137.38803100585938,31.792034149169922,True,0.17543721392865283,114.60806274414062,36.06900405883789,0.09393620491027832,0.0029547087649319913,6.018870133878171,45.93621826171875,0.488208269525268,0.16149279989435728,0.8820826952526799,True,1,['worst_quality_percentile'],False,0.7390142461938009,worst_quality_percentile
4797,valid,23,male,caucasian,slightlyhappy,/home/fox/Desktop/Projects/Amrita RLHF/Diffusion_RL_Abi/datasets/appa-real-dataset_v2/valid_data/004797.jpg,False,143.15567016601562,35.0999755859375,True,0.1899040484807676,39.7324104309082,30.714834213256836,0.060060977935791016,0.0017111401139752876,5.77205012241031,36.3365478515625,0.0,0.0,0.0,False,0,['worst_quality_percentile'],False,0.6545156858686038,worst_quality_percentile
4799,valid,58,male,caucasian,happy,/home/fox/Desktop/Projects/Amrita RLHF/Diffusion_RL_Abi/datasets/appa-real-dataset_v2/valid_data/004799.jpg,False,563.5791015625,58.19898986816406,True,0.26243036735922914,194.7226104736328,47.17726516723633,0.33234643936157227,0.00571051893518951,5.328664416415151,39.9874267578125,0.0,0.0,0.0,False,0,['worst_quality_percentile'],False,0.6342661422361066,worst_quality_percentile
4800,valid,32,female,caucasian,happy,/home/fox/Desktop/Projects/Amrita RLHF/Diffusion_RL_Abi/datasets/appa-real-dataset_v2/valid_data/004800.jpg,False,95.8048324584961,43.5298957824707,True,0.2631049292863946,97.58556365966797,56.9755973815918,0.2874312400817871,0.006603076536527291,7.233430755579526,51.57061767578125,0.0,0.0,0.0,False,0,['worst_quality_percentile'],False,0.6863767243163897,worst_quality_percentile
4801,valid,17,male,caucasian,neutral,/home/fox/Desktop/Projects/Amrita RLHF/Diffusion_RL_Abi/datasets/appa-real-dataset_v2/valid_data/004801.jpg,False,115.22171783447266,25.70477294921875,True,0.1641937934027778,59.4423828125,28.92596435546875,0.21940875053405762,0.008535719900416636,6.899181343006849,49.3076171875,0.0,0.0,0.0,False,0,['worst_quality_percentile'],False,0.7701036942243634,worst_quality_percentile
4804,valid,22,male,caucasian,neutral,/home/fox/Desktop/Projects/Amrita RLHF/Diffusion_RL_Abi/datasets/appa-real-dataset_v2/valid_data/004804.jpg,False,537.3323364257812,66.80499267578125,True,0.08857709750566893,81.60459899902344,47.55125045776367,0.585909366607666,0.0087704426625831,5.141269536277903,35.53851318359375,0.0,0.0,0.0,False,0,['worst_quality_percentile'],False,0.68537930255754,worst_quality_percentile
4813,valid,26,male,caucasian,neutral,/home/fox/Desktop/Projects/Amrita RLHF/Diffusion_RL_Abi/datasets/appa-real-dataset_v2/valid_data/004813.jpg,False,247.1027374267578,24.60205841064453,True,0.151875,46.136962890625,17.940610885620117,0.3863825798034668,0.015705294152581848,4.652636484523521,0.7568359375,0.0,0.0,0.0,False,0,"['roi_blur_tenengrad', 'worst_quality_percentile']",False,0.6561906016523327,roi_blur_tenengrad;worst_quality_percentile
4816,valid,62,female,caucasian,happy,/home/fox/Desktop/Projects/Amrita RLHF/Diffusion_RL_Abi/datasets/appa-real-dataset_v2/valid_data/004816.jpg,False,102.152587890625,34.60833740234375,False,0.0,152.41590881347656,38.18208312988281,0.16017699241638184,0.004628277455976746,7.224276483951249,55.3729248046875,0.0,0.0,0.0,False,0,['worst_quality_percentile'],False,0.7097126296177805,worst_quality_percentile
4824,valid,1,female,asian,neutral,/home/fox/Desktop/Projects/Amrita RLHF/Diffusion_RL_Abi/datasets/appa-real-dataset_v2/valid_data/004824.jpg,False,272.12469482421875,69.5086441040039,True,0.21941828254847645,71.01071166992188,47.97844696044922,0.14457178115844727,0.0020799107929974528,7.216762306565701,54.3641357421875,0.09052631578947369,0.042797783933518005,0.5263157894736842,False,1,['worst_quality_percentile'],False,0.7424205355966652,worst_quality_percentile
4825,valid,30,male,caucasian,slightlyhappy,/home/fox/Desktop/Projects/Amrita RLHF/Diffusion_RL_Abi/datasets/appa-real-dataset_v2/valid_data/004825.jpg,False,1059.6702880859375,71.52284240722656,True,0.23771688819583672,339.3388977050781,65.66264343261719,0.5069222450256348,0.007087557217760391,6.5380635075989,44.837158203125,0.08865671641791045,0.10197767381995496,0.43283582089552236,False,2,['worst_quality_percentile'],False,0.6562094209308016,worst_quality_percentile
4829,valid,28,female,caucasian,happy,/home/fox/Desktop/Projects/Amrita RLHF/Diffusion_RL_Abi/datasets/appa-real-dataset_v2/valid_data/004829.jpg,False,163.42422485351562,61.49441909790039,True,0.1258252427184466,23.9094181060791,47.633785247802734,-0.1666431427001953,-0.0027098904654259035,7.454724119243904,55.88067626953125,0.09450000000000001,0.16325242718446603,0.725,False,1,['worst_quality_percentile'],False,0.6717070967499107,worst_quality_percentile
4833,valid,70,male,caucasian,happy,/home/fox/Desktop/Projects/Amrita RLHF/Diffusion_RL_Abi/datasets/appa-real-dataset_v2/valid_data/004833.jpg,False,576.2737426757812,56.150909423828125,True,0.3096080627099664,877.55419921875,85.5782699584961,-0.2898674011230469,-0.005162292097049225,3.431328409053386,10.7528076171875,1.0,0.09307950727883539,1.0,True,1,['black_bars_score'],False,0.245553945461731,black_bars_score
4834,valid,21,female,caucasian,happy,/home/fox/Desktop/Projects/Amrita RLHF/Diffusion_RL_Abi/datasets/appa-real-dataset_v2/valid_data/004834.jpg,False,110.72825622558594,50.892372131347656,True,0.16627391837119426,65.63314819335938,58.29222106933594,0.14784669876098633,0.0029050855690971643,6.437734809060817,46.37103271484375,0.08938511326860843,0.055372273017668436,0.4692556634304207,False,1,['worst_quality_percentile'],False,0.681107326345108,worst_quality_percentile
4839,valid,30,male,caucasian,neutral,/home/fox/Desktop/Projects/Amrita RLHF/Diffusion_RL_Abi/datasets/appa-real-dataset_v2/valid_data/004839.jpg,False,283.976806640625,32.01900100708008,True,0.05864454732510288,34.91279602050781,21.019990921020508,0.2595381736755371,0.008105754627147584,4.5259965057156295,32.5841064453125,0.0,0.0,0.0,False,0,['worst_quality_percentile'],False,0.7057605811393189,worst_quality_percentile
4840,valid,18,female,caucasian,slightlyhappy,/home/fox/Desktop/Projects/Amrita RLHF/Diffusion_RL_Abi/datasets/appa-real-dataset_v2/valid_data/004840.jpg,False,137.99070739746094,30.17093849182129,True,0.06957801527707952,8.574840545654297,20.713829040527344,0.6231060028076172,0.020652522370956602,7.379684607485272,54.35906982421875,0.0,0.0,0.0,False,0,"['roi_blur_laplacian', 'worst_quality_percentile']",False,0.8674746410222632,roi_blur_laplacian;worst_quality_percentile
4842,valid,4,female,caucasian,neutral,/home/fox/Desktop/Projects/Amrita RLHF/Diffusion_RL_Abi/datasets/appa-real-dataset_v2/valid_data/004842.jpg,False,268.8741149902344,54.22409439086914,True,0.15801859496161413,41.372642517089844,44.37095642089844,0.14277887344360352,0.002633125963916887,7.115674306400802,49.93157958984375,0.0,0.0,0.0,False,0,['worst_quality_percentile'],False,0.697367182942206,worst_quality_percentile
4843,valid,5,male,caucasian,slightlyhappy,/home/fox/Desktop/Projects/Amrita RLHF/Diffusion_RL_Abi/datasets/appa-real-dataset_v2/valid_data/004843.jpg,False,165.56393432617188,34.40468978881836,True,0.11900023277467411,76.15196228027344,33.807533264160156,0.28626322746276855,0.008320470868925962,6.61879260310814,51.05120849609375,0.0,0.0,0.0,False,0,['worst_quality_percentile'],False,0.7607975610215104,worst_quality_percentile
4846,valid,33,male,caucasian,other,/home/fox/Desktop/Projects/Amrita RLHF/Diffusion_RL_Abi/datasets/appa-real-dataset_v2/valid_data/004846.jpg,False,362.3808898925781,58.76301574707031,True,0.11830094527161346,36.0994873046875,50.97447204589844,0.6544556617736816,0.011137203261544774,6.835216855889547,54.33758544921875,0.0,0.0,0.0,False,0,['worst_quality_percentile'],False,0.7697461279334551,worst_quality_percentile
4854,valid,24,female,caucasian,happy,/home/fox/Desktop/Projects/Amrita RLHF/Diffusion_RL_Abi/datasets/appa-real-dataset_v2/valid_data/004854.jpg,False,827.6672973632812,62.63725280761719,True,0.21840357566728114,781.4263916015625,77.8399887084961,-0.4499688148498535,-0.007183725139545211,4.175826082261761,32.45086669921875,1.0,0.18846114997096033,1.0,True,3,['black_bars_score'],False,0.3213203605773755,black_bars_score
4855,valid,20,female,caucasian,happy,/home/fox/Desktop/Projects/Amrita RLHF/Diffusion_RL_Abi/datasets/appa-real-dataset_v2/valid_data/004855.jpg,False,458.84027099609375,52.586517333984375,True,0.2800173611111111,164.8262939453125,43.545223236083984,0.8662004470825195,0.016471910948375756,4.255358090153641,28.4901123046875,0.0,0.0,0.0,False,0,['worst_quality_percentile'],False,0.6481077215499559,worst_quality_percentile
4870,valid,21,male,caucasian,neutral,/home/fox/Desktop/Projects/Amrita RLHF/Diffusion_RL_Abi/datasets/appa-real-dataset_v2/valid_data/004870.jpg,False,230.36436462402344,20.96137809753418,True,0.0789767992631902,492.5692138671875,82.1141128540039,0.3865772485733032,0.018442357574591967,5.742392701614929,71.628662109375,0.5,0.689406897358303,1.0,True,1,"['black_bars_area', 'worst_quality_percentile']",False,0.6729303498503868,black_bars_area;worst_quality_percentile
4872,valid,56,male,caucasian,neutral,/home/fox/Desktop/Projects/Amrita RLHF/Diffusion_RL_Abi/datasets/appa-real-dataset_v2/valid_data/004872.jpg,False,76.84307861328125,36.60746765136719,True,0.29909171288481634,50.036746978759766,39.59956741333008,0.011982202529907227,0.0003273157902290446,8.414134367163237,57.582275390625,0.0,0.0,0.0,False,0,['worst_quality_percentile'],False,0.6881457364924629,worst_quality_percentile
4875,valid,24,female,asian,neutral,/home/fox/Desktop/Projects/Amrita RLHF/Diffusion_RL_Abi/datasets/appa-real-dataset_v2/valid_data/004875.jpg,False,488.0235595703125,45.84498596191406,True,0.00942137835726732,4.421745777130127,19.78900146484375,-0.08423614501953125,-0.001837412345421994,3.8199801000467173,22.69769287109375,0.0,0.0,0.0,False,0,"['roi_blur_tenengrad', 'roi_blur_laplacian']",False,0.5235523270037827,roi_blur_tenengrad;roi_blur_laplacian
4877,valid,24,female,caucasian,slightlyhappy,/home/fox/Desktop/Projects/Amrita RLHF/Diffusion_RL_Abi/datasets/appa-real-dataset_v2/valid_data/004877.jpg,False,76.74789428710938,23.31221580505371,True,0.037268880208333334,17.827537536621094,30.718839645385742,0.38554859161376953,0.016538478293929938,5.475699578168706,26.5484619140625,0.09245833333333335,0.10851236979166666,0.6229166666666667,False,1,['worst_quality_percentile'],False,0.8134633118166249,worst_quality_percentile
4879,valid,40,female,caucasian,slightlyhappy,/home/fox/Desktop/Projects/Amrita RLHF/Diffusion_RL_Abi/datasets/appa-real-dataset_v2/valid_data/004879.jpg,False,50.1949577331543,21.73119354248047,True,0.238572,49.37785339355469,30.272302627563477,0.1375035047531128,0.006327471068574664,6.432323936565354,31.43096923828125,0.0,0.0,0.0,False,0,['worst_quality_percentile'],False,0.7059299546455388,worst_quality_percentile
4880,valid,18,female,caucasian,happy,/home/fox/Desktop/Projects/Amrita RLHF/Diffusion_RL_Abi/datasets/appa-real-dataset_v2/valid_data/004880.jpg,False,619.641845703125,44.43718338012695,True,0.109013671875,102.66644287109375,51.77189636230469,1.512026071548462,0.03402614482983907,4.350435635204577,24.72393798828125,0.0,0.0,0.0,False,0,['worst_quality_percentile'],False,0.6407776125863335,worst_quality_percentile
4885,valid,19,female,caucasian,happy,/home/fox/Desktop/Projects/Amrita RLHF/Diffusion_RL_Abi/datasets/appa-real-dataset_v2/valid_data/004885.jpg,False,1513.5020751953125,39.252532958984375,True,0.0243,534.9595947265625,71.45306396484375,-0.38027524948120117,-0.009687915941390105,5.2920930499351915,62.858154296875,0.5,0.7314466666666667,1.0,True,1,['black_bars_area'],False,0.42722585016090486,black_bars_area
4886,valid,53,female,caucasian,neutral,/home/fox/Desktop/Projects/Amrita RLHF/Diffusion_RL_Abi/datasets/appa-real-dataset_v2/valid_data/004886.jpg,False,112.92818450927734,48.75613784790039,True,0.38945107128724066,64.14602661132812,40.43070602416992,0.03556346893310547,0.0007294152033664774,8.74320369540753,56.57586669921875,0.0,0.0,0.0,False,0,['worst_quality_percentile'],False,0.6876564352522724,worst_quality_percentile
4887,valid,40,female,caucasian,happy,/home/fox/Desktop/Projects/Amrita RLHF/Diffusion_RL_Abi/datasets/appa-real-dataset_v2/valid_data/004887.jpg,False,171.03585815429688,60.44290542602539,True,0.07326587144553112,7.661834239959717,31.010385513305664,-0.08380985260009766,-0.0013865953435358127,8.282310505718675,60.1717529296875,0.0,0.0,0.0,False,0,"['roi_blur_laplacian', 'worst_quality_percentile']",False,0.6914767487814517,roi_blur_laplacian;worst_quality_percentile
4892,valid,4,male,caucasian,slightlyhappy,/home/fox/Desktop/Projects/Amrita RLHF/Diffusion_RL_Abi/datasets/appa-real-dataset_v2/valid_data/004892.jpg,False,89.6201171875,35.75385665893555,True,0.4107869590495073,129.0844268798828,43.4839973449707,0.06482720375061035,0.0018131527056188537,7.491125292578802,49.57513427734375,0.0,0.0,0.0,False,0,['worst_quality_percentile'],False,0.651165854301146,worst_quality_percentile
4899,valid,23,male,caucasian,slightlyhappy,/home/fox/Desktop/Projects/Amrita RLHF/Diffusion_RL_Abi/datasets/appa-real-dataset_v2/valid_data/004899.jpg,False,62.50697708129883,31.188276290893555,True,0.23645663336384987,73.92868041992188,49.25397491455078,0.023026704788208008,0.0007383128145693194,8.70864543849144,61.21142578125,0.0,0.0,0.0,False,0,['worst_quality_percentile'],False,0.6570751077403693,worst_quality_percentile
4901,valid,25,female,caucasian,slightlyhappy,/home/fox/Desktop/Projects/Amrita RLHF/Diffusion_RL_Abi/datasets/appa-real-dataset_v2/valid_data/004901.jpg,False,864.4160766601562,53.65456771850586,True,0.03234626925274128,57.096561431884766,44.85700988769531,1.6057662963867188,0.02992785767808955,3.150016522797305,24.0484619140625,0.0,0.0,0.0,False,0,['worst_quality_percentile'],False,0.6360727929691176,worst_quality_percentile
4909,valid,30,male,caucasian,neutral,/home/fox/Desktop/Projects/Amrita RLHF/Diffusion_RL_Abi/datasets/appa-real-dataset_v2/valid_data/004909.jpg,False,39.25358581542969,35.642662048339844,True,0.2940768792851662,15.683096885681152,29.099834442138672,-0.10044479370117188,-0.0028181057505424073,8.865159004983132,60.0242919921875,0.0,0.0,0.0,False,0,['worst_quality_percentile'],False,0.6770047236388957,worst_quality_percentile
4913,valid,38,female,caucasian,slightlyhappy,/home/fox/Desktop/Projects/Amrita RLHF/Diffusion_RL_Abi/datasets/appa-real-dataset_v2/valid_data/004913.jpg,False,149.77569580078125,25.26052474975586,True,0.18426183844011143,79.3212661743164,30.40673065185547,0.18576884269714355,0.007354116241976435,5.498872689225634,41.479248046875,0.4853703703703704,0.18228360672650365,0.8537037037037037,True,1,['worst_quality_percentile'],False,0.7896851534712158,worst_quality_percentile
4917,valid,18,female,caucasian,slightlyhappy,/home/fox/Desktop/Projects/Amrita RLHF/Diffusion_RL_Abi/datasets/appa-real-dataset_v2/valid_data/004917.jpg,False,391.9010009765625,44.8208122253418,True,0.19085486099841156,367.4285888671875,56.5517578125,0.09214162826538086,0.002055777698680482,6.126939851685528,72.5107421875,0.4315914489311164,0.03419345637666406,0.3159144893111639,True,1,['worst_quality_percentile'],False,0.6329111541863484,worst_quality_percentile
4923,valid,38,female,caucasian,happy,/home/fox/Desktop/Projects/Amrita RLHF/Diffusion_RL_Abi/datasets/appa-real-dataset_v2/valid_data/004923.jpg,False,271.25811767578125,43.574058532714844,True,0.09203383411185456,50.3441276550293,41.74937438964844,0.4295654296875,0.00985828344418972,4.948459043525376,30.42578125,0.0,0.0,0.0,False,0,['worst_quality_percentile'],False,0.6978753034608653,worst_quality_percentile
4926,valid,30,female,caucasian,neutral,/home/fox/Desktop/Projects/Amrita RLHF/Diffusion_RL_Abi/datasets/appa-real-dataset_v2/valid_data/004926.jpg,False,674.4293823242188,39.080970764160156,True,0.010670374707259954,39.485740661621094,47.33768081665039,0.2249312400817871,0.005755518093029201,3.740322034696655,21.11041259765625,0.09255269320843092,0.06851946721311475,0.6276346604215457,False,1,['worst_quality_percentile'],False,0.6431112031164725,worst_quality_percentile
4928,valid,17,male,caucasian,neutral,/home/fox/Desktop/Projects/Amrita RLHF/Diffusion_RL_Abi/datasets/appa-real-dataset_v2/valid_data/004928.jpg,False,39.642112731933594,16.737703323364258,True,0.12896133333333334,36.067203521728516,22.747892379760742,0.1318950653076172,0.00788011681646832,6.021630184056024,23.3853759765625,0.0,0.0,0.0,False,0,['worst_quality_percentile'],False,0.6978753034608652,worst_quality_percentile
4929,valid,9,male,caucasian,slightlyhappy,/home/fox/Desktop/Projects/Amrita RLHF/Diffusion_RL_Abi/datasets/appa-real-dataset_v2/valid_data/004929.jpg,False,128.55059814453125,50.38654327392578,True,0.0792318244170096,4.480741024017334,25.13405990600586,0.12839937210083008,0.0025482869276128284,8.049937616556065,64.008544921875,0.0,0.0,0.0,False,0,"['roi_blur_laplacian', 'worst_quality_percentile']",False,0.7837476711142896,roi_blur_laplacian;worst_quality_percentile
4931,valid,25,male,caucasian,neutral,/home/fox/Desktop/Projects/Amrita RLHF/Diffusion_RL_Abi/datasets/appa-real-dataset_v2/valid_data/004931.jpg,False,39.02692413330078,26.461095809936523,True,0.28881789673156577,57.2520751953125,38.19435119628906,0.16550374031066895,0.00625460620545857,6.713961277618987,46.1282958984375,0.0,0.0,0.0,False,0,['worst_quality_percentile'],False,0.723563618570864,worst_quality_percentile
4933,valid,16,female,caucasian,neutral,/home/fox/Desktop/Projects/Amrita RLHF/Diffusion_RL_Abi/datasets/appa-real-dataset_v2/valid_data/004933.jpg,False,528.3384399414062,62.61389923095703,True,0.037268880208333334,11.636077880859375,13.15695571899414,0.060512542724609375,0.0009664394407855667,4.451598756171745,20.737548828125,0.0,0.0,0.0,False,0,"['roi_blur_tenengrad', 'roi_blur_laplacian']",False,0.5995445734610535,roi_blur_tenengrad;roi_blur_laplacian
4935,valid,21,male,caucasian,neutral,/home/fox/Desktop/Projects/Amrita RLHF/Diffusion_RL_Abi/datasets/appa-real-dataset_v2/valid_data/004935.jpg,False,70.94314575195312,27.492263793945312,True,0.21006944444444445,48.380088806152344,41.44294738769531,-0.01393747329711914,-0.0005069598085709048,7.90760323845348,54.21380615234375,0.0,0.0,0.0,False,0,['worst_quality_percentile'],False,0.6618363851929917,worst_quality_percentile
4937,valid,23,female,caucasian,neutral,/home/fox/Desktop/Projects/Amrita RLHF/Diffusion_RL_Abi/datasets/appa-real-dataset_v2/valid_data/004937.jpg,False,290.22003173828125,31.356124877929688,True,0.0594140625,61.123817443847656,26.31207847595215,0.31487083435058594,0.010041764584578696,4.288596970293356,26.7218017578125,0.0,0.0,0.0,False,0,['worst_quality_percentile'],False,0.6807309407757307,worst_quality_percentile
4942,valid,23,female,caucasian,neutral,/home/fox/Desktop/Projects/Amrita RLHF/Diffusion_RL_Abi/datasets/appa-real-dataset_v2/valid_data/004942.jpg,False,133.32745361328125,29.293310165405273,False,0.0,162.72567749023438,33.8470573425293,0.6455702781677246,0.022038146337315673,6.242177019117294,41.5712890625,0.0,0.0,0.0,False,0,['worst_quality_percentile'],False,0.7489696445038297,worst_quality_percentile
4944,valid,24,male,caucasian,slightlyhappy,/home/fox/Desktop/Projects/Amrita RLHF/Diffusion_RL_Abi/datasets/appa-real-dataset_v2/valid_data/004944.jpg,False,531.3715209960938,75.6959457397461,True,0.11391416070560456,28.517925262451172,35.145381927490234,-0.0340728759765625,-0.0004501281435016608,6.8033418774188945,44.4764404296875,0.0,0.0,0.0,False,0,['worst_quality_percentile'],False,0.6449554924064211,worst_quality_percentile
4946,valid,32,male,caucasian,neutral,/home/fox/Desktop/Projects/Amrita RLHF/Diffusion_RL_Abi/datasets/appa-real-dataset_v2/valid_data/004946.jpg,False,83.94071197509766,36.14228439331055,True,0.17976888020833334,84.08826446533203,42.03203201293945,0.21772336959838867,0.006024062043367251,5.75757184569242,40.29107666015625,0.0,0.0,0.0,False,0,['worst_quality_percentile'],False,0.6814648926360164,worst_quality_percentile
4948,valid,10,female,caucasian,slightlyhappy,/home/fox/Desktop/Projects/Amrita RLHF/Diffusion_RL_Abi/datasets/appa-real-dataset_v2/valid_data/004948.jpg,False,117.60798645019531,44.2296257019043,True,0.07263216136009255,4.288905143737793,23.087617874145508,0.27658891677856445,0.006253476174300517,8.227515636782,63.60125732421875,0.0,0.0,0.0,False,0,"['roi_blur_laplacian', 'worst_quality_percentile']",False,0.8364604701055761,roi_blur_laplacian;worst_quality_percentile
4956,valid,35,male,caucasian,neutral,/home/fox/Desktop/Projects/Amrita RLHF/Diffusion_RL_Abi/datasets/appa-real-dataset_v2/valid_data/004956.jpg,False,544.615966796875,30.167692184448242,True,0.20171256281407035,73.09683227539062,27.559368133544922,0.16901302337646484,0.005602451017487568,5.1913233345240295,24.8038330078125,0.0,0.0,0.0,False,0,['worst_quality_percentile'],False,0.6604061200293581,worst_quality_percentile
4958,valid,13,male,caucasian,neutral,/home/fox/Desktop/Projects/Amrita RLHF/Diffusion_RL_Abi/datasets/appa-real-dataset_v2/valid_data/004958.jpg,False,99.7560043334961,32.99053955078125,True,0.3326515780730897,61.0501594543457,41.780860900878906,0.03283977508544922,0.00099543003955634,6.217182491157924,52.03460693359375,0.0,0.0,0.0,False,0,['worst_quality_percentile'],False,0.6432617573442234,worst_quality_percentile
4960,valid,60,female,caucasian,slightlyhappy,/home/fox/Desktop/Projects/Amrita RLHF/Diffusion_RL_Abi/datasets/appa-real-dataset_v2/valid_data/004960.jpg,False,213.5338897705078,53.529205322265625,True,0.1772853185595568,53.0219612121582,38.82099151611328,0.2508406639099121,0.004686052365502274,7.141801012262278,57.02490234375,0.0,0.0,0.0,False,0,['worst_quality_percentile'],False,0.7579840788904154,worst_quality_percentile
4962,valid,11,female,caucasian,slightlyhappy,/home/fox/Desktop/Projects/Amrita RLHF/Diffusion_RL_Abi/datasets/appa-real-dataset_v2/valid_data/004962.jpg,False,498.6408386230469,59.68102264404297,True,0.07784926470588235,7.614130020141602,26.461162567138672,0.2367851734161377,0.003967511931906555,7.196321585645352,60.75958251953125,0.0973949579831933,0.29877888655462187,0.8697478991596639,False,1,"['roi_blur_laplacian', 'worst_quality_percentile']",False,0.8681897736040801,roi_blur_laplacian;worst_quality_percentile
4971,valid,36,male,caucasian,neutral,/home/fox/Desktop/Projects/Amrita RLHF/Diffusion_RL_Abi/datasets/appa-real-dataset_v2/valid_data/004971.jpg,False,156.85728454589844,24.60268211364746,True,0.04805419921875,52.45542907714844,31.95229721069336,0.15935420989990234,0.006477106954708784,5.9647602286998795,16.14739990234375,0.0,0.0,0.0,False,0,['worst_quality_percentile'],False,0.6585618307394094,worst_quality_percentile
4985,valid,24,female,caucasian,happy,/home/fox/Desktop/Projects/Amrita RLHF/Diffusion_RL_Abi/datasets/appa-real-dataset_v2/valid_data/004985.jpg,False,150.32872009277344,25.489377975463867,True,0.05549075704225352,115.42884063720703,52.2601432800293,0.11958456039428711,0.004691544682567569,4.974259457259488,28.162353515625,0.4346875,0.03457673122065728,0.346875,True,1,['worst_quality_percentile'],False,0.6435628657997252,worst_quality_percentile
4990,valid,50,female,caucasian,slightlyhappy,/home/fox/Desktop/Projects/Amrita RLHF/Diffusion_RL_Abi/datasets/appa-real-dataset_v2/valid_data/004990.jpg,False,638.0436401367188,56.532562255859375,True,0.017633333333333334,113.05889892578125,45.972381591796875,0.05342864990234375,0.0009450951243893241,3.7786651272032428,23.6116943359375,0.5,0.32942266666666664,1.0,True,1,['black_bars_area'],False,0.5713062461185239,black_bars_area
5000,valid,29,male,caucasian,other,/home/fox/Desktop/Projects/Amrita RLHF/Diffusion_RL_Abi/datasets/appa-real-dataset_v2/valid_data/005000.jpg,False,25.096776962280273,31.322980880737305,True,0.02033570159857904,3.845440149307251,16.007139205932617,0.06526017189025879,0.002083459746544496,7.400169187746626,62.2900390625,0.0,0.0,0.0,False,0,"['roi_blur_tenengrad', 'roi_blur_laplacian', 'worst_quality_percentile']",False,0.7624630671660049,roi_blur_tenengrad;roi_blur_laplacian;worst_quality_percentile
5001,valid,26,male,caucasian,neutral,/home/fox/Desktop/Projects/Amrita RLHF/Diffusion_RL_Abi/datasets/appa-real-dataset_v2/valid_data/005001.jpg,False,162.047607421875,57.321266174316406,True,0.6019619500594531,175.05215454101562,60.19526290893555,0.38042163848876953,0.00663665786263746,6.970157293396615,53.369384765625,0.0917241379310345,0.061348097502972654,0.5862068965517241,False,2,['worst_quality_percentile'],False,0.725200895797655,worst_quality_percentile
5003,valid,13,female,caucasian,slightlyhappy,/home/fox/Desktop/Projects/Amrita RLHF/Diffusion_RL_Abi/datasets/appa-real-dataset_v2/valid_data/005003.jpg,False,93.04279327392578,34.46236038208008,False,0.0,116.04335021972656,38.563995361328125,0.5373091697692871,0.01559118842183229,5.963470032509136,36.76739501953125,0.0,0.0,0.0,False,0,['worst_quality_percentile'],False,0.7322016673880725,worst_quality_percentile
5007,valid,39,female,afroamerican,neutral,/home/fox/Desktop/Projects/Amrita RLHF/Diffusion_RL_Abi/datasets/appa-real-dataset_v2/valid_data/005007.jpg,False,51.47649383544922,24.223285675048828,True,0.460992,124.14742279052734,39.87018966674805,0.18919157981872559,0.007810318325365904,6.293523459133132,37.77459716796875,0.4537333333333334,0.044310666666666665,0.5373333333333333,True,2,['worst_quality_percentile'],False,0.763554585317199,worst_quality_percentile
5008,valid,32,female,caucasian,slightlyhappy,/home/fox/Desktop/Projects/Amrita RLHF/Diffusion_RL_Abi/datasets/appa-real-dataset_v2/valid_data/005008.jpg,False,143.02862548828125,38.2785530090332,True,0.40562825520833334,135.9232177734375,36.39048767089844,0.3208184242248535,0.008381153168668411,5.616192015896052,23.06805419921875,0.0,0.0,0.0,False,0,['worst_quality_percentile'],False,0.6644334456216948,worst_quality_percentile
5012,valid,5,female,caucasian,neutral,/home/fox/Desktop/Projects/Amrita RLHF/Diffusion_RL_Abi/datasets/appa-real-dataset_v2/valid_data/005012.jpg,False,573.5443725585938,80.09298706054688,True,0.13053069719042665,106.173828125,70.37702941894531,0.3814201354980469,0.004762216327972551,7.15723349679086,49.955322265625,0.0,0.0,0.0,False,0,['worst_quality_percentile'],False,0.6424148898131244,worst_quality_percentile
5013,valid,2,male,caucasian,slightlyhappy,/home/fox/Desktop/Projects/Amrita RLHF/Diffusion_RL_Abi/datasets/appa-real-dataset_v2/valid_data/005013.jpg,False,40.2911376953125,39.83207702636719,True,0.15123456790123457,8.53570556640625,29.638103485107422,0.40168166160583496,0.010084376249211461,9.053449381749894,63.764404296875,0.0,0.0,0.0,False,0,"['roi_blur_laplacian', 'worst_quality_percentile']",False,0.8595329055084029,roi_blur_laplacian;worst_quality_percentile
5018,valid,35,male,caucasian,neutral,/home/fox/Desktop/Projects/Amrita RLHF/Diffusion_RL_Abi/datasets/appa-real-dataset_v2/valid_data/005018.jpg,False,120.5390396118164,34.330108642578125,True,0.3448981481481482,184.4387664794922,59.96748352050781,0.43265199661254883,0.012602697780957553,5.894075824320979,45.35968017578125,0.0,0.0,0.0,False,0,['worst_quality_percentile'],False,0.642904191053315,worst_quality_percentile
5019,valid,20,female,asian,neutral,/home/fox/Desktop/Projects/Amrita RLHF/Diffusion_RL_Abi/datasets/appa-real-dataset_v2/valid_data/005019.jpg,False,378.371337890625,46.17912673950195,True,0.017817371937639197,21.350404739379883,43.7017707824707,0.1739192008972168,0.0037661863575748117,5.408703142843907,42.5562744140625,0.0,0.0,0.0,False,0,['worst_quality_percentile'],False,0.676402506727892,worst_quality_percentile
5025,valid,15,male,caucasian,neutral,/home/fox/Desktop/Projects/Amrita RLHF/Diffusion_RL_Abi/datasets/appa-real-dataset_v2/valid_data/005025.jpg,False,113.0414810180664,17.39366912841797,True,0.00858403051714422,5.185076713562012,16.07192611694336,-0.24256479740142822,-0.0139455788002512,6.799929182062549,44.5670166015625,0.0,0.0,0.0,False,0,"['roi_blur_tenengrad', 'roi_blur_laplacian']",False,0.5913958258840356,roi_blur_tenengrad;roi_blur_laplacian
5027,valid,20,male,caucasian,neutral,/home/fox/Desktop/Projects/Amrita RLHF/Diffusion_RL_Abi/datasets/appa-real-dataset_v2/valid_data/005027.jpg,False,45.83734130859375,8.949275970458984,True,0.19506944444444443,158.10610961914062,28.6900691986084,0.0007534027099609375,8.418587473020153e-05,7.626297054519487,85.8211669921875,0.5,0.8246371882086168,1.0,True,1,"['brisque', 'black_bars_area', 'worst_quality_percentile']",False,0.7544742834559723,brisque;black_bars_area;worst_quality_percentile
5028,valid,5,female,caucasian,other,/home/fox/Desktop/Projects/Amrita RLHF/Diffusion_RL_Abi/datasets/appa-real-dataset_v2/valid_data/005028.jpg,False,36.48773956298828,30.187456130981445,True,0.262720638367718,16.3127498626709,30.167593002319336,-0.1140599250793457,-0.003778387976981532,8.082736583968332,59.85272216796875,0.0,0.0,0.0,False,0,['worst_quality_percentile'],False,0.6641887950015997,worst_quality_percentile
5037,valid,8,female,caucasian,slightlyhappy,/home/fox/Desktop/Projects/Amrita RLHF/Diffusion_RL_Abi/datasets/appa-real-dataset_v2/valid_data/005037.jpg,False,200.70306396484375,46.371402740478516,True,0.1715626203564301,39.5190315246582,41.909080505371094,0.24687480926513672,0.005323858873170898,7.167989763679855,52.8824462890625,0.08923076923076924,0.058401316480515386,0.46153846153846156,False,1,['worst_quality_percentile'],False,0.8147053841955698,worst_quality_percentile
5038,valid,18,female,caucasian,slightlyhappy,/home/fox/Desktop/Projects/Amrita RLHF/Diffusion_RL_Abi/datasets/appa-real-dataset_v2/valid_data/005038.jpg,False,199.88433837890625,45.5555419921875,True,0.31367350260416665,234.126953125,47.319705963134766,0.8084268569946289,0.017745960291446185,5.437127782900516,31.50177001953125,0.0,0.0,0.0,False,0,['worst_quality_percentile'],False,0.6612906261173945,worst_quality_percentile
5039,valid,7,male,caucasian,other,/home/fox/Desktop/Projects/Amrita RLHF/Diffusion_RL_Abi/datasets/appa-real-dataset_v2/valid_data/005039.jpg,False,168.90542602539062,38.8758430480957,True,0.13876276276276275,120.01036834716797,29.960399627685547,0.24706411361694336,0.006355208990736899,5.252861557414491,24.70489501953125,0.09524,0.05684084084084084,0.762,False,3,['worst_quality_percentile'],False,0.7283060767450176,worst_quality_percentile
5041,valid,52,male,caucasian,happy,/home/fox/Desktop/Projects/Amrita RLHF/Diffusion_RL_Abi/datasets/appa-real-dataset_v2/valid_data/005041.jpg,False,179.0032196044922,55.407676696777344,True,0.20493973703433163,76.665771484375,65.5028305053711,0.07352542877197266,0.001326989901550216,8.15824658973752,51.21453857421875,0.1,0.41449050401753107,1.0,False,1,['worst_quality_percentile'],False,0.6734478800082806,worst_quality_percentile
5044,valid,35,female,caucasian,neutral,/home/fox/Desktop/Projects/Amrita RLHF/Diffusion_RL_Abi/datasets/appa-real-dataset_v2/valid_data/005044.jpg,False,424.9260559082031,43.48321533203125,True,0.15753600823045266,79.44925689697266,29.75687026977539,0.5982718467712402,0.013758684320932635,3.9827407277357327,24.87103271484375,0.0,0.0,0.0,False,0,['worst_quality_percentile'],False,0.6781526996254963,worst_quality_percentile
5048,valid,37,male,caucasian,slightlyhappy,/home/fox/Desktop/Projects/Amrita RLHF/Diffusion_RL_Abi/datasets/appa-real-dataset_v2/valid_data/005048.jpg,False,474.78125,48.33374786376953,True,0.044814814814814814,49.903350830078125,28.348501205444336,0.027835369110107422,0.0005758992373747471,5.983195232576773,41.35064697265625,0.0,0.0,0.0,False,0,['worst_quality_percentile'],False,0.6471197094303405,worst_quality_percentile
5049,valid,51,female,caucasian,slightlyhappy,/home/fox/Desktop/Projects/Amrita RLHF/Diffusion_RL_Abi/datasets/appa-real-dataset_v2/valid_data/005049.jpg,False,322.6767883300781,41.249759674072266,True,0.2911501736111111,185.30641174316406,43.468963623046875,0.3331782817840576,0.008077096117395863,4.692808231052802,20.16851806640625,0.444140625,0.040128038194444444,0.44140625,True,1,['worst_quality_percentile'],False,0.6770235429173646,worst_quality_percentile
5052,valid,34,male,caucasian,slightlyhappy,/home/fox/Desktop/Projects/Amrita RLHF/Diffusion_RL_Abi/datasets/appa-real-dataset_v2/valid_data/005052.jpg,False,484.4710388183594,42.18975067138672,True,0.016264334478604255,6.682374954223633,13.262004852294922,0.13265609741210938,0.0031442730084158647,2.3724046213984367,4.2596435546875,0.0,0.0,0.0,False,0,"['roi_blur_tenengrad', 'roi_blur_laplacian']",False,0.5311741347836724,roi_blur_tenengrad;roi_blur_laplacian
5061,valid,21,male,caucasian,neutral,/home/fox/Desktop/Projects/Amrita RLHF/Diffusion_RL_Abi/datasets/appa-real-dataset_v2/valid_data/005061.jpg,False,105.27841186523438,25.712434768676758,True,0.16844184027777778,65.5070571899414,17.27674674987793,0.06012129783630371,0.002338218688310514,5.598501067558907,42.73291015625,0.0,0.0,0.0,False,0,"['roi_blur_tenengrad', 'worst_quality_percentile']",False,0.6669552289365226,roi_blur_tenengrad;worst_quality_percentile
5073,valid,22,female,caucasian,happy,/home/fox/Desktop/Projects/Amrita RLHF/Diffusion_RL_Abi/datasets/appa-real-dataset_v2/valid_data/005073.jpg,False,166.4857635498047,38.342369079589844,True,0.3684989264537374,163.80909729003906,47.47722244262695,0.14425230026245117,0.0037622165756320478,6.222546806209809,54.98590087890625,0.0,0.0,0.0,False,0,['worst_quality_percentile'],False,0.6453318779757984,worst_quality_percentile
5074,valid,19,female,caucasian,slightlyhappy,/home/fox/Desktop/Projects/Amrita RLHF/Diffusion_RL_Abi/datasets/appa-real-dataset_v2/valid_data/005074.jpg,False,252.32489013671875,35.809181213378906,True,0.004306640625,8.505965232849121,17.692066192626953,0.31121134757995605,0.008690825323111745,3.794762700476584,-1.391845703125,0.0,0.0,0.0,False,0,"['roi_blur_tenengrad', 'roi_blur_laplacian']",False,0.6178180928543199,roi_blur_tenengrad;roi_blur_laplacian
5075,valid,28,female,caucasian,slightlyhappy,/home/fox/Desktop/Projects/Amrita RLHF/Diffusion_RL_Abi/datasets/appa-real-dataset_v2/valid_data/005075.jpg,False,149.9042510986328,35.81072235107422,True,0.2970575022461815,194.75604248046875,43.338863372802734,0.32522082328796387,0.009081660264151246,5.232836214385524,20.28857421875,0.47708894878706204,0.21933962264150944,0.77088948787062,True,1,"['black_bars_area', 'worst_quality_percentile']",False,0.6972354479929239,black_bars_area;worst_quality_percentile
5079,valid,20,male,caucasian,slightlyhappy,/home/fox/Desktop/Projects/Amrita RLHF/Diffusion_RL_Abi/datasets/appa-real-dataset_v2/valid_data/005079.jpg,False,26.466333389282227,12.797276496887207,True,0.17101671006944444,47.60533142089844,27.829870223999023,-0.0026721954345703125,-0.00020880968121698493,7.43847867181475,34.1632080078125,0.0,0.0,0.0,False,0,['worst_quality_percentile'],False,0.6516363362628675,worst_quality_percentile
5086,valid,14,male,caucasian,neutral,/home/fox/Desktop/Projects/Amrita RLHF/Diffusion_RL_Abi/datasets/appa-real-dataset_v2/valid_data/005086.jpg,False,146.3915252685547,36.484275817871094,True,0.05640625,16.716943740844727,17.7458438873291,0.7296149730682373,0.019998065926055304,4.316747971315376,30.9349365234375,0.0,0.0,0.0,False,0,"['roi_blur_tenengrad', 'worst_quality_percentile']",False,0.7509080301861226,roi_blur_tenengrad;worst_quality_percentile
5088,valid,29,female,caucasian,slightlyhappy,/home/fox/Desktop/Projects/Amrita RLHF/Diffusion_RL_Abi/datasets/appa-real-dataset_v2/valid_data/005088.jpg,False,474.0221252441406,54.085594177246094,True,0.0859650088028169,51.548492431640625,46.18746566772461,0.27097225189208984,0.005010063234102828,5.153111564736283,33.72332763671875,0.0,0.0,0.0,False,0,['worst_quality_percentile'],False,0.6563599751585524,worst_quality_percentile
5089,valid,50,male,caucasian,happy,/home/fox/Desktop/Projects/Amrita RLHF/Diffusion_RL_Abi/datasets/appa-real-dataset_v2/valid_data/005089.jpg,False,205.5539093017578,38.72191619873047,True,0.3125263817213818,103.14017486572266,44.628116607666016,0.4034242630004883,0.010418499190781673,4.914376389432588,24.58013916015625,0.45147601476014765,0.10374314075244073,0.514760147601476,True,2,['worst_quality_percentile'],False,0.7314488962493177,worst_quality_percentile
5091,valid,30,male,caucasian,slightlyhappy,/home/fox/Desktop/Projects/Amrita RLHF/Diffusion_RL_Abi/datasets/appa-real-dataset_v2/valid_data/005091.jpg,False,568.2940673828125,64.14874267578125,True,0.10248034459015869,151.23358154296875,54.81312561035156,1.1170239448547363,0.017413029170148163,5.948674157536726,42.74932861328125,0.0,0.0,0.0,False,0,['worst_quality_percentile'],False,0.6867907484427047,worst_quality_percentile
5092,valid,15,male,caucasian,neutral,/home/fox/Desktop/Projects/Amrita RLHF/Diffusion_RL_Abi/datasets/appa-real-dataset_v2/valid_data/005092.jpg,False,39.83404541015625,23.48360252380371,True,0.3570431336686481,46.650428771972656,28.041162490844727,0.07683730125427246,0.003271955310282248,6.29930205765467,46.53271484375,0.0,0.0,0.0,False,0,['worst_quality_percentile'],False,0.7002277132694733,worst_quality_percentile
5093,valid,25,male,caucasian,neutral,/home/fox/Desktop/Projects/Amrita RLHF/Diffusion_RL_Abi/datasets/appa-real-dataset_v2/valid_data/005093.jpg,False,167.4376983642578,59.30484390258789,True,0.12729476528370495,32.70307922363281,45.48773956298828,0.14374923706054688,0.0024239037686830554,7.88696703220491,59.72918701171875,0.0,0.0,0.0,False,0,['worst_quality_percentile'],False,0.7248056909498091,worst_quality_percentile
5094,valid,17,female,caucasian,neutral,/home/fox/Desktop/Projects/Amrita RLHF/Diffusion_RL_Abi/datasets/appa-real-dataset_v2/valid_data/005094.jpg,False,139.5457305908203,37.4827880859375,True,0.011065573770491803,2.9126861095428467,13.21109390258789,-0.07814359664916992,-0.002084786072616118,5.033578778458019,31.703125,0.0,0.0,0.0,False,0,"['roi_blur_tenengrad', 'roi_blur_laplacian']",False,0.5909629824792518,roi_blur_tenengrad;roi_blur_laplacian
5096,valid,14,female,caucasian,slightlyhappy,/home/fox/Desktop/Projects/Amrita RLHF/Diffusion_RL_Abi/datasets/appa-real-dataset_v2/valid_data/005096.jpg,False,436.0972900390625,53.9956169128418,True,0.0478515625,7.170477390289307,17.470027923583984,2.566253662109375,0.04752707277564171,3.940689960340341,32.19476318359375,1.0,0.12465087890625,1.0,True,2,"['roi_blur_tenengrad', 'roi_blur_laplacian', 'jpeg_blockiness', 'black_bars_score', 'worst_quality_percentile']",False,0.8366674821687337,roi_blur_tenengrad;roi_blur_laplacian;jpeg_blockiness;black_bars_score;worst_quality_percentile
5099,valid,22,female,caucasian,slightlyhappy,/home/fox/Desktop/Projects/Amrita RLHF/Diffusion_RL_Abi/datasets/appa-real-dataset_v2/valid_data/005099.jpg,False,345.8708190917969,35.68033981323242,True,0.0904443955291413,433.7225036621094,63.58259201049805,0.31885647773742676,0.008936475114026253,3.4392098376311324,14.9332275390625,0.5,0.32962799911952456,1.0,True,2,['black_bars_area'],False,0.5076970848937653,black_bars_area
5103,valid,29,male,caucasian,neutral,/home/fox/Desktop/Projects/Amrita RLHF/Diffusion_RL_Abi/datasets/appa-real-dataset_v2/valid_data/005103.jpg,False,191.90818786621094,43.72157287597656,True,0.22543402777777777,202.5616455078125,36.549625396728516,-0.2934267520904541,-0.006711257763108149,4.877491983041583,44.1939697265625,0.5,0.22850334119496854,1.0,True,1,['black_bars_area'],False,0.5493253288668912,black_bars_area
5112,valid,7,male,caucasian,neutral,/home/fox/Desktop/Projects/Amrita RLHF/Diffusion_RL_Abi/datasets/appa-real-dataset_v2/valid_data/005112.jpg,False,64.19804382324219,33.37145233154297,True,0.13475404582598943,25.320363998413086,43.679264068603516,-0.0780036449432373,-0.0023374362563199375,7.678107470434479,58.9952392578125,0.0,0.0,0.0,False,0,['worst_quality_percentile'],False,0.6400248414475789,worst_quality_percentile
5113,valid,53,female,caucasian,neutral,/home/fox/Desktop/Projects/Amrita RLHF/Diffusion_RL_Abi/datasets/appa-real-dataset_v2/valid_data/005113.jpg,False,768.5639038085938,82.83614349365234,True,0.003888,6.466757297515869,25.1307315826416,-0.32176780700683594,-0.0038843889822937462,2.977004662335651,16.38507080078125,0.0,0.0,0.0,False,0,['roi_blur_laplacian'],False,0.4321094529235749,roi_blur_laplacian
5142,valid,27,female,caucasian,other,/home/fox/Desktop/Projects/Amrita RLHF/Diffusion_RL_Abi/datasets/appa-real-dataset_v2/valid_data/005142.jpg,False,41.27873992919922,30.76082420349121,False,0.0,78.04900360107422,37.23896408081055,0.046941280364990234,0.0015260084882138538,6.251465032847763,36.51116943359375,0.0,0.0,0.0,False,0,['worst_quality_percentile'],False,0.6307657564408979,worst_quality_percentile
5153,valid,42,female,caucasian,neutral,/home/fox/Desktop/Projects/Amrita RLHF/Diffusion_RL_Abi/datasets/appa-real-dataset_v2/valid_data/005153.jpg,False,19.18181610107422,27.307924270629883,True,0.35547348484848484,26.8912353515625,33.068607330322266,-0.022091150283813477,-0.0008089647992252589,8.798491333949842,65.30224609375,0.0,0.0,0.0,False,0,['worst_quality_percentile'],False,0.7029753279259273,worst_quality_percentile
5157,valid,20,female,asian,slightlyhappy,/home/fox/Desktop/Projects/Amrita RLHF/Diffusion_RL_Abi/datasets/appa-real-dataset_v2/valid_data/005157.jpg,False,317.1913146972656,41.61688995361328,True,0.09742513020833334,222.83763122558594,34.9562873840332,0.24805188179016113,0.005960365517612619,5.9503499910476885,42.30010986328125,0.0,0.0,0.0,False,0,['worst_quality_percentile'],False,0.6695899279221634,worst_quality_percentile
5161,valid,7,female,caucasian,neutral,/home/fox/Desktop/Projects/Amrita RLHF/Diffusion_RL_Abi/datasets/appa-real-dataset_v2/valid_data/005161.jpg,False,2951.140380859375,131.46116638183594,True,0.011888905152224825,14.9214448928833,29.742013931274414,-0.1536855697631836,-0.0011690567855433362,3.3469698256452576,20.258056640625,0.0,0.0,0.0,False,0,['roi_blur_laplacian'],False,0.48246984210625365,roi_blur_laplacian
5162,valid,46,female,caucasian,slightlyhappy,/home/fox/Desktop/Projects/Amrita RLHF/Diffusion_RL_Abi/datasets/appa-real-dataset_v2/valid_data/005162.jpg,False,150.37521362304688,58.573341369628906,True,0.17358997768310003,45.77434539794922,46.47617721557617,0.09991693496704102,0.0017058431519327015,6.021131333793187,29.79193115234375,0.44504716981132075,0.07036290322580645,0.45047169811320753,True,2,['worst_quality_percentile'],False,0.6882398328848071,worst_quality_percentile
5164,valid,22,male,caucasian,slightlyhappy,/home/fox/Desktop/Projects/Amrita RLHF/Diffusion_RL_Abi/datasets/appa-real-dataset_v2/valid_data/005164.jpg,False,213.75604248046875,54.54617691040039,True,0.2660387811634349,61.00043869018555,51.301658630371094,0.12497711181640625,0.0022912166645607758,6.497698899686115,46.7161865234375,0.0,0.0,0.0,False,0,['worst_quality_percentile'],False,0.6364679978169637,worst_quality_percentile
5166,valid,30,female,caucasian,slightlyhappy,/home/fox/Desktop/Projects/Amrita RLHF/Diffusion_RL_Abi/datasets/appa-real-dataset_v2/valid_data/005166.jpg,False,426.0408020019531,47.370670318603516,True,0.017135147083202858,9.043919563293457,23.3251953125,0.31328344345092773,0.006613447408077884,3.534000864542544,11.27679443359375,0.0,0.0,0.0,False,0,['roi_blur_laplacian'],False,0.6202457797768034,roi_blur_laplacian
5172,valid,44,male,caucasian,other,/home/fox/Desktop/Projects/Amrita RLHF/Diffusion_RL_Abi/datasets/appa-real-dataset_v2/valid_data/005172.jpg,False,169.05909729003906,33.29179000854492,True,0.061454545454545456,39.53428268432617,41.20736312866211,0.3716921806335449,0.01116467962141609,6.2370013228620715,38.85601806640625,0.0,0.0,0.0,False,0,['worst_quality_percentile'],False,0.7453939815947458,worst_quality_percentile
5175,valid,24,male,asian,neutral,/home/fox/Desktop/Projects/Amrita RLHF/Diffusion_RL_Abi/datasets/appa-real-dataset_v2/valid_data/005175.jpg,False,117.49747467041016,33.56694793701172,True,0.23719298245614034,118.27515411376953,57.768009185791016,0.23671436309814453,0.007052007125888575,8.509660530088155,65.6270751953125,0.0,0.0,0.0,False,0,['worst_quality_percentile'],False,0.7033328942168356,worst_quality_percentile
5178,valid,30,male,caucasian,happy,/home/fox/Desktop/Projects/Amrita RLHF/Diffusion_RL_Abi/datasets/appa-real-dataset_v2/valid_data/005178.jpg,False,176.92071533203125,33.71617126464844,True,0.1681921474561293,72.16788482666016,51.59882736206055,-0.013209819793701172,-0.0003917947651356536,8.790282552387701,68.25299072265625,0.0,0.0,0.0,False,0,['worst_quality_percentile'],False,0.6348495398686413,worst_quality_percentile
5180,valid,32,female,caucasian,slightlyhappy,/home/fox/Desktop/Projects/Amrita RLHF/Diffusion_RL_Abi/datasets/appa-real-dataset_v2/valid_data/005180.jpg,False,148.16571044921875,37.723846435546875,True,0.2461090087890625,84.40113067626953,38.564369201660156,2.257908582687378,0.059853613461488264,6.15987781219409,49.42266845703125,0.0890625,0.0352630615234375,0.453125,False,1,"['jpeg_blockiness', 'worst_quality_percentile']",False,0.8507254831849747,jpeg_blockiness;worst_quality_percentile
5182,valid,35,female,caucasian,neutral,/home/fox/Desktop/Projects/Amrita RLHF/Diffusion_RL_Abi/datasets/appa-real-dataset_v2/valid_data/005182.jpg,False,11.225147247314453,10.568228721618652,True,0.28336133333333335,9.86361312866211,11.43923568725586,0.00988316535949707,0.000935176999349267,7.989511204914832,42.00421142578125,0.4822666666666667,0.11699333333333334,0.8226666666666667,True,2,"['roi_blur_tenengrad', 'roi_blur_laplacian', 'worst_quality_percentile']",False,0.7904849728061425,roi_blur_tenengrad;roi_blur_laplacian;worst_quality_percentile
5190,valid,29,female,caucasian,happy,/home/fox/Desktop/Projects/Amrita RLHF/Diffusion_RL_Abi/datasets/appa-real-dataset_v2/valid_data/005190.jpg,False,271.1633605957031,40.42598342895508,True,0.14400061218243038,191.7705535888672,64.2271499633789,0.3552858829498291,0.008788552411734367,6.351931386231904,38.96014404296875,0.1,0.2834404652586471,1.0,False,1,['worst_quality_percentile'],False,0.6844007000771591,worst_quality_percentile
5191,valid,34,female,caucasian,happy,/home/fox/Desktop/Projects/Amrita RLHF/Diffusion_RL_Abi/datasets/appa-real-dataset_v2/valid_data/005191.jpg,False,116.25515747070312,31.433496475219727,True,0.38156718899372377,147.0337677001953,39.192874908447266,0.197526216506958,0.006283940139422148,4.705127950299475,34.50018310546875,0.0,0.0,0.0,False,0,['worst_quality_percentile'],False,0.6320454673767808,worst_quality_percentile
5193,valid,36,male,caucasian,neutral,/home/fox/Desktop/Projects/Amrita RLHF/Diffusion_RL_Abi/datasets/appa-real-dataset_v2/valid_data/005193.jpg,False,154.6292724609375,57.433509826660156,True,0.15921052631578947,35.03316879272461,38.992984771728516,0.0649409294128418,0.0011307149515696463,7.247339326652967,57.2945556640625,0.0,0.0,0.0,False,0,['worst_quality_percentile'],False,0.7035210870015244,worst_quality_percentile
5204,valid,28,male,caucasian,neutral,/home/fox/Desktop/Projects/Amrita RLHF/Diffusion_RL_Abi/datasets/appa-real-dataset_v2/valid_data/005204.jpg,False,60.34999465942383,27.057430267333984,True,0.14907552083333334,23.772993087768555,29.70598793029785,-0.05887198448181152,-0.0021758157269306916,7.2384432646389225,52.6580810546875,0.0,0.0,0.0,False,0,['worst_quality_percentile'],False,0.6599356380676366,worst_quality_percentile
5219,valid,32,female,caucasian,slightlyhappy,/home/fox/Desktop/Projects/Amrita RLHF/Diffusion_RL_Abi/datasets/appa-real-dataset_v2/valid_data/005219.jpg,False,303.46942138671875,54.05298614501953,True,0.16626302083333333,112.67951202392578,49.70713424682617,0.43238162994384766,0.007999218041064128,4.153285560365794,23.75323486328125,0.44593750000000004,0.10069010416666667,0.459375,True,2,['worst_quality_percentile'],False,0.6731844101097163,worst_quality_percentile
5222,valid,27,male,asian,neutral,/home/fox/Desktop/Projects/Amrita RLHF/Diffusion_RL_Abi/datasets/appa-real-dataset_v2/valid_data/005222.jpg,False,13.270602226257324,21.62698745727539,True,0.2707825203252033,19.212871551513672,31.734355926513672,-0.0005718469619750977,-2.644135881908821e-05,10.016450551425727,74.4676513671875,0.0,0.0,0.0,False,0,"['brisque', 'worst_quality_percentile']",False,0.7249562451775599,brisque;worst_quality_percentile
5223,valid,11,male,caucasian,happy,/home/fox/Desktop/Projects/Amrita RLHF/Diffusion_RL_Abi/datasets/appa-real-dataset_v2/valid_data/005223.jpg,False,63.80022048950195,42.930362701416016,True,0.19866122448979592,26.18233871459961,38.614166259765625,0.14055681228637695,0.00327406525749375,7.884158859241685,59.6046142578125,0.0,0.0,0.0,False,0,['worst_quality_percentile'],False,0.7555375726894631,worst_quality_percentile
5225,valid,65,female,caucasian,neutral,/home/fox/Desktop/Projects/Amrita RLHF/Diffusion_RL_Abi/datasets/appa-real-dataset_v2/valid_data/005225.jpg,False,98.73483276367188,50.92884063720703,True,0.140625,13.355703353881836,38.899837493896484,-0.39098119735717773,-0.007677009427042201,8.499353029436056,65.81591796875,0.0,0.0,0.0,False,0,['roi_blur_laplacian'],False,0.6114195381749062,roi_blur_laplacian
5235,valid,35,male,caucasian,neutral,/home/fox/Desktop/Projects/Amrita RLHF/Diffusion_RL_Abi/datasets/appa-real-dataset_v2/valid_data/005235.jpg,False,102.89271545410156,38.47874069213867,True,0.3136,166.8295440673828,54.506935119628906,0.2759082317352295,0.007170406816904786,7.051977405267516,39.3443603515625,0.0,0.0,0.0,False,0,['worst_quality_percentile'],False,0.6476278299489998,worst_quality_percentile
5236,valid,30,male,caucasian,happy,/home/fox/Desktop/Projects/Amrita RLHF/Diffusion_RL_Abi/datasets/appa-real-dataset_v2/valid_data/005236.jpg,False,241.75404357910156,40.77848434448242,True,0.27312441605009974,139.61090087890625,56.19514465332031,0.19846868515014648,0.004866995021358745,7.999180549026046,60.8572998046875,0.0,0.0,0.0,False,0,['worst_quality_percentile'],False,0.6773999284867418,worst_quality_percentile
5239,valid,20,female,caucasian,happy,/home/fox/Desktop/Projects/Amrita RLHF/Diffusion_RL_Abi/datasets/appa-real-dataset_v2/valid_data/005239.jpg,False,150.3641815185547,45.160667419433594,True,0.18906575520833332,57.7164192199707,36.83029556274414,0.46994638442993164,0.010406098954631588,4.995740925684324,41.32568359375,0.0,0.0,0.0,False,0,['worst_quality_percentile'],False,0.7328979806914202,worst_quality_percentile
5240,valid,22,female,caucasian,slightlyhappy,/home/fox/Desktop/Projects/Amrita RLHF/Diffusion_RL_Abi/datasets/appa-real-dataset_v2/valid_data/005240.jpg,False,311.2483825683594,41.5986442565918,True,0.016409505208333335,9.116671562194824,27.18901824951172,-0.05149507522583008,-0.0012379026987103642,5.525274216665076,47.53875732421875,0.0,0.0,0.0,False,0,"['roi_blur_laplacian', 'worst_quality_percentile']",False,0.6355082146150516,roi_blur_laplacian;worst_quality_percentile
5243,valid,29,male,caucasian,slightlyhappy,/home/fox/Desktop/Projects/Amrita RLHF/Diffusion_RL_Abi/datasets/appa-real-dataset_v2/valid_data/005243.jpg,False,362.006103515625,67.15428161621094,True,0.33615323675871434,145.32398986816406,58.4991455078125,1.0984597206115723,0.016357254933230512,6.777857129787046,53.6324462890625,0.0,0.0,0.0,False,0,['worst_quality_percentile'],False,0.7130060033498317,worst_quality_percentile
5245,valid,16,female,caucasian,slightlyhappy,/home/fox/Desktop/Projects/Amrita RLHF/Diffusion_RL_Abi/datasets/appa-real-dataset_v2/valid_data/005245.jpg,False,177.6766815185547,33.141929626464844,True,0.19063802083333334,105.1196060180664,34.270774841308594,0.3210489749908447,0.00968709332625533,4.4139739067534425,19.68475341796875,0.0,0.0,0.0,False,0,['worst_quality_percentile'],False,0.6413610102188682,worst_quality_percentile
5249,valid,32,male,asian,slightlyhappy,/home/fox/Desktop/Projects/Amrita RLHF/Diffusion_RL_Abi/datasets/appa-real-dataset_v2/valid_data/005249.jpg,False,754.8057250976562,64.45539093017578,True,0.04608107150450003,20.130578994750977,29.6149959564209,0.006482601165771484,0.00010057500189889553,6.520608587526721,45.75006103515625,0.0,0.0,0.0,False,0,['worst_quality_percentile'],False,0.6679150121384346,worst_quality_percentile
5251,valid,1,male,asian,neutral,/home/fox/Desktop/Projects/Amrita RLHF/Diffusion_RL_Abi/datasets/appa-real-dataset_v2/valid_data/005251.jpg,False,192.95640563964844,48.800025939941406,True,0.18942790410480817,28.89522933959961,34.72532653808594,-0.21761035919189453,-0.004459226210258232,7.421343863925266,61.14654541015625,0.0,0.0,0.0,False,0,['worst_quality_percentile'],False,0.6278111297212865,worst_quality_percentile
5256,valid,51,female,caucasian,happy,/home/fox/Desktop/Projects/Amrita RLHF/Diffusion_RL_Abi/datasets/appa-real-dataset_v2/valid_data/005256.jpg,False,1091.004150390625,74.20552062988281,True,0.005564985113664821,5.281625747680664,22.796297073364258,-0.16400432586669922,-0.0022101364192911237,3.2350900092703125,11.80426025390625,0.0,0.0,0.0,False,0,['roi_blur_laplacian'],False,0.4537328038842991,roi_blur_laplacian
5257,valid,35,female,caucasian,happy,/home/fox/Desktop/Projects/Amrita RLHF/Diffusion_RL_Abi/datasets/appa-real-dataset_v2/valid_data/005257.jpg,False,193.06924438476562,36.7232666015625,True,0.004160706426056338,2.9077324867248535,13.944402694702148,0.1280806064605713,0.003487723583048523,5.525432265086133,56.0858154296875,0.0,0.0,0.0,False,0,"['roi_blur_tenengrad', 'roi_blur_laplacian', 'worst_quality_percentile']",False,0.7447541261268043,roi_blur_tenengrad;roi_blur_laplacian;worst_quality_percentile
5268,valid,22,male,caucasian,happy,/home/fox/Desktop/Projects/Amrita RLHF/Diffusion_RL_Abi/datasets/appa-real-dataset_v2/valid_data/005268.jpg,False,909.8367919921875,62.30708312988281,True,0.011980613425925926,4.900100231170654,12.441385269165039,-0.1226954460144043,-0.0019692053917759714,3.550870106774809,29.7940673828125,0.0,0.0,0.0,False,0,"['roi_blur_tenengrad', 'roi_blur_laplacian']",False,0.5255848090784199,roi_blur_tenengrad;roi_blur_laplacian
5269,valid,20,male,caucasian,slightlyhappy,/home/fox/Desktop/Projects/Amrita RLHF/Diffusion_RL_Abi/datasets/appa-real-dataset_v2/valid_data/005269.jpg,False,145.53842163085938,39.01558303833008,True,0.21232218377547096,151.60569763183594,45.162723541259766,0.43618083000183105,0.0111796565591153,5.805033180546351,38.33135986328125,0.0,0.0,0.0,False,0,['worst_quality_percentile'],False,0.688823230517342,worst_quality_percentile
5272,valid,50,female,caucasian,happy,/home/fox/Desktop/Projects/Amrita RLHF/Diffusion_RL_Abi/datasets/appa-real-dataset_v2/valid_data/005272.jpg,False,345.53076171875,53.15894317626953,True,0.2396918402777778,118.33708190917969,53.23960876464844,0.20984935760498047,0.003947583249756463,6.917569197091983,51.69635009765625,0.0,0.0,0.0,False,0,['worst_quality_percentile'],False,0.657658505372904,worst_quality_percentile
5274,valid,15,male,caucasian,neutral,/home/fox/Desktop/Projects/Amrita RLHF/Diffusion_RL_Abi/datasets/appa-real-dataset_v2/valid_data/005274.jpg,False,107.974853515625,27.350263595581055,False,0.0,146.55947875976562,33.032588958740234,0.08502507209777832,0.003108747697874766,6.1133393259553115,46.888427734375,0.09296842105263159,0.11468875233769703,0.6484210526315789,False,1,['worst_quality_percentile'],False,0.7221521726856992,worst_quality_percentile
5279,valid,56,female,caucasian,slightlyhappy,/home/fox/Desktop/Projects/Amrita RLHF/Diffusion_RL_Abi/datasets/appa-real-dataset_v2/valid_data/005279.jpg,False,71.78418731689453,46.290103912353516,True,0.44812512806502286,94.9535903930664,53.68645477294922,0.08384251594543457,0.0018112405686740924,9.22961575457296,65.83843994140625,0.0,0.0,0.0,False,0,['worst_quality_percentile'],False,0.6608954212695485,worst_quality_percentile
5286,valid,24,male,caucasian,happy,/home/fox/Desktop/Projects/Amrita RLHF/Diffusion_RL_Abi/datasets/appa-real-dataset_v2/valid_data/005286.jpg,False,17.79511070251465,45.665496826171875,True,0.21692625258022144,8.079410552978516,38.785457611083984,0.264129638671875,0.0057840087428215154,11.142720706967804,77.4136962890625,0.0,0.0,0.0,False,0,"['roi_blur_laplacian', 'niqe', 'brisque', 'worst_quality_percentile']",False,0.814573649246288,roi_blur_laplacian;niqe;brisque;worst_quality_percentile
5301,valid,30,male,caucasian,happy,/home/fox/Desktop/Projects/Amrita RLHF/Diffusion_RL_Abi/datasets/appa-real-dataset_v2/valid_data/005301.jpg,False,489.6194763183594,48.72838592529297,True,0.05162782578336388,31.479995727539062,22.940786361694336,0.33164119720458984,0.006805913721565204,3.852671720208135,22.75164794921875,0.0,0.0,0.0,False,0,['worst_quality_percentile'],False,0.6578278788791238,worst_quality_percentile
5305,valid,25,male,caucasian,other,/home/fox/Desktop/Projects/Amrita RLHF/Diffusion_RL_Abi/datasets/appa-real-dataset_v2/valid_data/005305.jpg,False,67.08402252197266,33.0994987487793,True,0.18524956088992975,109.88507080078125,53.2164192199707,0.23201847076416016,0.007009727413560592,5.7763226689608675,40.21820068359375,0.4395784543325527,0.032490485948477754,0.3957845433255269,True,2,['worst_quality_percentile'],False,0.717070967499106,worst_quality_percentile
5309,valid,24,female,caucasian,happy,/home/fox/Desktop/Projects/Amrita RLHF/Diffusion_RL_Abi/datasets/appa-real-dataset_v2/valid_data/005309.jpg,False,710.1141357421875,52.73448181152344,True,0.21090057892249528,391.562255859375,62.081729888916016,0.4021596908569336,0.007626123731871595,4.201635531289119,3.23956298828125,0.5,0.21931120037807184,1.0,True,1,['black_bars_area'],False,0.5198167002277133,black_bars_area
5314,valid,14,male,caucasian,neutral,/home/fox/Desktop/Projects/Amrita RLHF/Diffusion_RL_Abi/datasets/appa-real-dataset_v2/valid_data/005314.jpg,False,373.1626892089844,53.133338928222656,True,0.30133091896785874,141.79623413085938,44.387516021728516,0.081695556640625,0.001537557336899709,7.003123729566668,46.4588623046875,0.0,0.0,0.0,False,0,['worst_quality_percentile'],False,0.62924139488492,worst_quality_percentile
5315,valid,24,female,caucasian,happy,/home/fox/Desktop/Projects/Amrita RLHF/Diffusion_RL_Abi/datasets/appa-real-dataset_v2/valid_data/005315.jpg,False,83.9580307006836,33.502159118652344,True,0.2772769149776257,127.58039093017578,38.60679626464844,0.09612178802490234,0.0028691221009175018,5.613669736027641,42.01934814453125,0.0,0.0,0.0,False,0,['worst_quality_percentile'],False,0.631876093870561,worst_quality_percentile
5316,valid,15,male,asian,neutral,/home/fox/Desktop/Projects/Amrita RLHF/Diffusion_RL_Abi/datasets/appa-real-dataset_v2/valid_data/005316.jpg,False,184.7482452392578,24.216407775878906,True,0.0008333333333333334,1.866365909576416,10.614116668701172,0.27378082275390625,0.01130559139828402,4.8014819783707905,0.802978515625,0.0,0.0,0.0,False,0,"['roi_blur_tenengrad', 'roi_blur_laplacian', 'worst_quality_percentile']",False,0.6665035662532698,roi_blur_tenengrad;roi_blur_laplacian;worst_quality_percentile
5327,valid,22,male,caucasian,happy,/home/fox/Desktop/Projects/Amrita RLHF/Diffusion_RL_Abi/datasets/appa-real-dataset_v2/valid_data/005327.jpg,False,353.5249938964844,48.02580261230469,True,0.22801904016692748,301.9897766113281,58.728633880615234,-0.22094392776489258,-0.0046005253664987,3.8963502934580982,39.26544189453125,0.5,0.3327350678142932,1.0,True,1,['black_bars_area'],False,0.4229915125054106,black_bars_area
5334,valid,27,male,caucasian,slightlyhappy,/home/fox/Desktop/Projects/Amrita RLHF/Diffusion_RL_Abi/datasets/appa-real-dataset_v2/valid_data/005334.jpg,False,106.94190216064453,31.149185180664062,True,0.051221333333333334,28.848691940307617,27.9659423828125,0.42887187004089355,0.01376831701327455,5.025995955255393,33.10614013671875,0.0,0.0,0.0,False,0,['worst_quality_percentile'],False,0.7507386566799029,worst_quality_percentile
5342,valid,90,female,caucasian,slightlyhappy,/home/fox/Desktop/Projects/Amrita RLHF/Diffusion_RL_Abi/datasets/appa-real-dataset_v2/valid_data/005342.jpg,False,721.551025390625,100.60164642333984,True,0.08959229950483595,32.3879508972168,51.101966857910156,0.2071371078491211,0.0020589832587678356,7.2594962524689635,53.1102294921875,0.0,0.0,0.0,False,0,['worst_quality_percentile'],False,0.6920036885785799,worst_quality_percentile
5343,valid,16,female,caucasian,neutral,/home/fox/Desktop/Projects/Amrita RLHF/Diffusion_RL_Abi/datasets/appa-real-dataset_v2/valid_data/005343.jpg,False,18.343441009521484,29.176101684570312,True,0.5809147708146896,23.632844924926758,34.44163513183594,-0.03383898735046387,-0.0011598186267818252,8.628655447488148,57.63702392578125,0.4421203438395416,0.06749534076074909,0.42120343839541546,True,1,['worst_quality_percentile'],False,0.7659258144042757,worst_quality_percentile
5362,valid,26,male,caucasian,neutral,/home/fox/Desktop/Projects/Amrita RLHF/Diffusion_RL_Abi/datasets/appa-real-dataset_v2/valid_data/005362.jpg,False,37.60906219482422,51.65615463256836,True,0.0719928895911515,3.918164014816284,32.31354522705078,-0.1877727508544922,-0.0036350508193084457,9.973139565065788,68.60198974609375,0.0,0.0,0.0,False,0,"['roi_blur_laplacian', 'worst_quality_percentile']",False,0.6666917590379585,roi_blur_laplacian;worst_quality_percentile
5364,valid,27,male,caucasian,neutral,/home/fox/Desktop/Projects/Amrita RLHF/Diffusion_RL_Abi/datasets/appa-real-dataset_v2/valid_data/005364.jpg,False,16.844738006591797,31.104339599609375,True,0.28444444444444444,11.388615608215332,36.598880767822266,0.03146243095397949,0.0010115125525076913,10.062748299275453,71.793701171875,0.0,0.0,0.0,False,0,"['roi_blur_laplacian', 'worst_quality_percentile']",False,0.7357773302971564,roi_blur_laplacian;worst_quality_percentile
5369,valid,51,male,caucasian,slightlyhappy,/home/fox/Desktop/Projects/Amrita RLHF/Diffusion_RL_Abi/datasets/appa-real-dataset_v2/valid_data/005369.jpg,False,436.6237487792969,38.97109603881836,True,0.2023950354563058,227.94891357421875,43.91261291503906,0.10853719711303711,0.002785069073239722,4.832315200362209,31.01531982421875,0.47037861915367485,0.14551955218652726,0.7037861915367484,True,2,['worst_quality_percentile'],False,0.6321960216045317,worst_quality_percentile
5376,valid,11,female,caucasian,slightlyhappy,/home/fox/Desktop/Projects/Amrita RLHF/Diffusion_RL_Abi/datasets/appa-real-dataset_v2/valid_data/005376.jpg,False,530.5609741210938,49.15563201904297,True,0.004181333333333333,5.219799995422363,18.78377342224121,-0.07294368743896484,-0.0014839334366969976,4.17050298901698,1.91534423828125,0.0,0.0,0.0,False,0,"['roi_blur_tenengrad', 'roi_blur_laplacian']",False,0.4902610233923631,roi_blur_tenengrad;roi_blur_laplacian
5379,valid,71,male,caucasian,neutral,/home/fox/Desktop/Projects/Amrita RLHF/Diffusion_RL_Abi/datasets/appa-real-dataset_v2/valid_data/005379.jpg,False,816.6243896484375,44.88190460205078,True,0.17432777128281432,568.7935180664062,62.84089660644531,0.18169736862182617,0.00404834345120863,4.724844829291535,5.24151611328125,0.5,0.4634591880114784,1.0,True,1,['black_bars_area'],False,0.47679582964789136,black_bars_area
5388,valid,27,male,caucasian,neutral,/home/fox/Desktop/Projects/Amrita RLHF/Diffusion_RL_Abi/datasets/appa-real-dataset_v2/valid_data/005388.jpg,False,174.3168182373047,23.111209869384766,True,0.2637455516014235,143.28521728515625,31.292613983154297,0.06064927577972412,0.0026242361822792124,6.3446990560613585,37.33837890625,0.0,0.0,0.0,False,0,['worst_quality_percentile'],False,0.6379735400944728,worst_quality_percentile
5391,valid,24,male,afroamerican,happy,/home/fox/Desktop/Projects/Amrita RLHF/Diffusion_RL_Abi/datasets/appa-real-dataset_v2/valid_data/005391.jpg,False,147.01744079589844,24.82132339477539,True,0.0961,94.36485290527344,28.274829864501953,0.33386874198913574,0.013450883469353124,5.284688751014561,11.97198486328125,0.0,0.0,0.0,False,0,['worst_quality_percentile'],False,0.6671810602781489,worst_quality_percentile
5395,valid,14,female,caucasian,slightlyhappy,/home/fox/Desktop/Projects/Amrita RLHF/Diffusion_RL_Abi/datasets/appa-real-dataset_v2/valid_data/005395.jpg,False,69.63581085205078,32.28957748413086,True,0.2968880208333333,86.23876190185547,39.638763427734375,0.19547653198242188,0.006053858277477714,6.075868557893944,43.3685302734375,0.0,0.0,0.0,False,0,['worst_quality_percentile'],False,0.6949394960197225,worst_quality_percentile
5399,valid,22,male,caucasian,neutral,/home/fox/Desktop/Projects/Amrita RLHF/Diffusion_RL_Abi/datasets/appa-real-dataset_v2/valid_data/005399.jpg,False,413.01312255859375,41.194915771484375,True,0.17002234778208805,221.5474090576172,64.40279388427734,0.16158723831176758,0.003922504303337257,5.057454040905035,56.5733642578125,0.5,0.4857691010288413,1.0,True,1,"['black_bars_area', 'worst_quality_percentile']",False,0.6397331426313115,black_bars_area;worst_quality_percentile
5408,valid,24,male,caucasian,slightlyhappy,/home/fox/Desktop/Projects/Amrita RLHF/Diffusion_RL_Abi/datasets/appa-real-dataset_v2/valid_data/005408.jpg,False,206.29351806640625,62.757198333740234,True,0.2766656085075989,84.13562774658203,53.69147491455078,0.3387918472290039,0.005398453895740673,4.916005316074645,38.48529052734375,0.0,0.0,0.0,False,0,['worst_quality_percentile'],False,0.627886406835162,worst_quality_percentile
5409,valid,19,female,caucasian,slightlyhappy,/home/fox/Desktop/Projects/Amrita RLHF/Diffusion_RL_Abi/datasets/appa-real-dataset_v2/valid_data/005409.jpg,False,271.0308837890625,41.19136047363281,True,0.07222877358490566,3.5952701568603516,12.561065673828125,0.8714091777801514,0.021155143860392987,6.459463836691946,55.509033203125,0.0,0.0,0.0,False,0,"['roi_blur_tenengrad', 'roi_blur_laplacian', 'worst_quality_percentile']",False,0.8603797730395017,roi_blur_tenengrad;roi_blur_laplacian;worst_quality_percentile
5416,valid,20,female,caucasian,neutral,/home/fox/Desktop/Projects/Amrita RLHF/Diffusion_RL_Abi/datasets/appa-real-dataset_v2/valid_data/005416.jpg,False,470.9879455566406,51.20813751220703,False,0.0,244.1171875,40.73023986816406,0.378098726272583,0.007383567090267333,5.7771144669616925,42.06353759765625,0.0,0.0,0.0,False,0,['worst_quality_percentile'],False,0.6682161205939364,worst_quality_percentile
5417,valid,23,male,caucasian,other,/home/fox/Desktop/Projects/Amrita RLHF/Diffusion_RL_Abi/datasets/appa-real-dataset_v2/valid_data/005417.jpg,False,55.959075927734375,25.66693115234375,True,0.21685254027261464,60.439430236816406,40.93706130981445,-0.040091514587402344,-0.0015619909052411402,7.833099653650266,56.43212890625,0.47249070631970264,0.059247211895910784,0.724907063197026,True,2,['worst_quality_percentile'],False,0.7262171368349737,worst_quality_percentile
5421,valid,18,female,caucasian,neutral,/home/fox/Desktop/Projects/Amrita RLHF/Diffusion_RL_Abi/datasets/appa-real-dataset_v2/valid_data/005421.jpg,False,29.43646812438965,23.400739669799805,True,0.3148470052083333,28.222518920898438,29.554855346679688,0.23056840896606445,0.009853038936653324,7.0005579917217355,31.82342529296875,0.0,0.0,0.0,False,0,['worst_quality_percentile'],False,0.7591132355985472,worst_quality_percentile
5422,valid,27,male,caucasian,neutral,/home/fox/Desktop/Projects/Amrita RLHF/Diffusion_RL_Abi/datasets/appa-real-dataset_v2/valid_data/005422.jpg,False,112.85482788085938,19.75847625732422,True,0.06504832841973869,40.838314056396484,39.8014030456543,0.23829948902130127,0.01206062015396286,7.860004144454026,63.4500732421875,0.0,0.0,0.0,False,0,['worst_quality_percentile'],False,0.8071400342510868,worst_quality_percentile
5426,valid,25,female,asian,slightlyhappy,/home/fox/Desktop/Projects/Amrita RLHF/Diffusion_RL_Abi/datasets/appa-real-dataset_v2/valid_data/005426.jpg,False,68.8656234741211,29.458887100219727,True,0.05591427206334039,12.600610733032227,35.74396514892578,-0.09447789192199707,-0.003207109908581118,8.046384360936225,60.3057861328125,0.0,0.0,0.0,False,0,"['roi_blur_laplacian', 'worst_quality_percentile']",False,0.6635301202551894,roi_blur_laplacian;worst_quality_percentile
5438,valid,17,female,caucasian,slightlyhappy,/home/fox/Desktop/Projects/Amrita RLHF/Diffusion_RL_Abi/datasets/appa-real-dataset_v2/valid_data/005438.jpg,False,380.8500671386719,52.745967864990234,True,0.226875,164.6913604736328,52.6728401184082,0.6426215171813965,0.012183329475400574,3.8528806244747957,24.4508056640625,0.08890625000000002,0.052158203125,0.4453125,False,1,['worst_quality_percentile'],False,0.6414927451681504,worst_quality_percentile
5441,valid,37,male,caucasian,neutral,/home/fox/Desktop/Projects/Amrita RLHF/Diffusion_RL_Abi/datasets/appa-real-dataset_v2/valid_data/005441.jpg,False,201.67576599121094,27.082218170166016,True,0.005610389610389611,14.927148818969727,27.96202850341797,0.01186990737915039,0.0004382915338129444,3.9211263616283762,-4.0909423828125,0.1,0.20072619047619047,1.0,False,1,['roi_blur_laplacian'],False,0.5737057041233039,roi_blur_laplacian
5450,valid,23,male,asian,slightlyhappy,/home/fox/Desktop/Projects/Amrita RLHF/Diffusion_RL_Abi/datasets/appa-real-dataset_v2/valid_data/005450.jpg,False,739.6115112304688,64.1030044555664,True,0.05518018018018018,42.410484313964844,49.169063568115234,0.6137189865112305,0.00957395027190473,4.558336559708736,30.374755859375,0.0,0.0,0.0,False,0,['worst_quality_percentile'],False,0.6708508195795773,worst_quality_percentile
5459,valid,19,female,caucasian,happy,/home/fox/Desktop/Projects/Amrita RLHF/Diffusion_RL_Abi/datasets/appa-real-dataset_v2/valid_data/005459.jpg,False,122.76449584960938,44.96786117553711,True,0.10125523012552301,11.677482604980469,30.259077072143555,-0.28276896476745605,-0.006288245673401942,7.5536863256431035,54.83880615234375,0.0,0.0,0.0,False,0,['roi_blur_laplacian'],False,0.6220336112313454,roi_blur_laplacian
5463,valid,38,male,caucasian,neutral,/home/fox/Desktop/Projects/Amrita RLHF/Diffusion_RL_Abi/datasets/appa-real-dataset_v2/valid_data/005463.jpg,False,678.2573852539062,58.7217903137207,True,0.017443930224279102,6.003631114959717,19.198896408081055,-0.18674659729003906,-0.003180192448359534,4.357820007391503,18.9803466796875,0.0,0.0,0.0,False,0,"['roi_blur_tenengrad', 'roi_blur_laplacian']",False,0.5103411935186405,roi_blur_tenengrad;roi_blur_laplacian
5472,valid,40,male,asian,neutral,/home/fox/Desktop/Projects/Amrita RLHF/Diffusion_RL_Abi/datasets/appa-real-dataset_v2/valid_data/005472.jpg,False,64.47144317626953,34.3277702331543,True,0.14987313034188035,26.560678482055664,35.308326721191406,1.1121110916137695,0.032396833574201735,8.119258642461325,61.9791259765625,0.0,0.0,0.0,False,0,['worst_quality_percentile'],False,0.8702222556787172,worst_quality_percentile
5478,valid,5,male,caucasian,neutral,/home/fox/Desktop/Projects/Amrita RLHF/Diffusion_RL_Abi/datasets/appa-real-dataset_v2/valid_data/005478.jpg,False,280.5649108886719,50.02309799194336,True,0.017421692037470727,3.2676050662994385,17.396276473999023,-0.02774667739868164,-0.0005546772982447664,4.392084926802018,21.06536865234375,0.0,0.0,0.0,False,0,"['roi_blur_tenengrad', 'roi_blur_laplacian']",False,0.5675141615070478,roi_blur_tenengrad;roi_blur_laplacian
5479,valid,44,male,caucasian,neutral,/home/fox/Desktop/Projects/Amrita RLHF/Diffusion_RL_Abi/datasets/appa-real-dataset_v2/valid_data/005479.jpg,False,129.79725646972656,40.61390686035156,True,0.15328450520833334,65.90219116210938,39.32281494140625,0.3633739948272705,0.008947033515629912,4.850437469710755,38.22637939453125,0.0,0.0,0.0,False,0,['worst_quality_percentile'],False,0.7022225567871727,worst_quality_percentile
5482,valid,14,female,caucasian,neutral,/home/fox/Desktop/Projects/Amrita RLHF/Diffusion_RL_Abi/datasets/appa-real-dataset_v2/valid_data/005482.jpg,False,460.47369384765625,60.180137634277344,True,0.0991900054914882,61.69278335571289,40.578514099121094,-0.21988201141357422,-0.003653730556352259,4.443022393950309,36.82635498046875,0.5,0.2085224845933248,1.0,True,1,['black_bars_area'],False,0.5756723187233002,black_bars_area
5485,valid,28,male,caucasian,neutral,/home/fox/Desktop/Projects/Amrita RLHF/Diffusion_RL_Abi/datasets/appa-real-dataset_v2/valid_data/005485.jpg,False,86.90165710449219,29.095455169677734,True,0.5676274944567627,115.40140533447266,38.13642883300781,-0.040289878845214844,-0.0013847481410930254,6.284667099696195,39.9466552734375,0.44633838383838387,0.07646245654375736,0.4633838383838384,True,2,['worst_quality_percentile'],False,0.653518264109754,worst_quality_percentile
5487,valid,28,female,caucasian,happy,/home/fox/Desktop/Projects/Amrita RLHF/Diffusion_RL_Abi/datasets/appa-real-dataset_v2/valid_data/005487.jpg,False,213.44801330566406,44.50204086303711,True,0.23767605633802816,278.6903991699219,66.41337585449219,0.2869257926940918,0.006447474782778655,5.493668719578396,38.12579345703125,0.5,0.11133607198748044,1.0,True,1,['worst_quality_percentile'],False,0.634162636204528,worst_quality_percentile
5496,valid,16,male,asian,neutral,/home/fox/Desktop/Projects/Amrita RLHF/Diffusion_RL_Abi/datasets/appa-real-dataset_v2/valid_data/005496.jpg,False,385.84344482421875,39.11573028564453,True,0.19506944444444443,405.1785888671875,57.583248138427734,5.836339950561523,0.14920697526888524,6.629939172238034,26.26947021484375,0.0,0.0,0.0,False,0,['jpeg_blockiness'],False,0.6155785987165252,jpeg_blockiness
5512,valid,27,female,caucasian,slightlyhappy,/home/fox/Desktop/Projects/Amrita RLHF/Diffusion_RL_Abi/datasets/appa-real-dataset_v2/valid_data/005512.jpg,False,128.30960083007812,39.05723571777344,True,0.15470052083333333,46.145172119140625,32.4342041015625,0.5310282707214355,0.01359615567682455,5.626761063920331,30.86767578125,0.0,0.0,0.0,False,0,['worst_quality_percentile'],False,0.7510585844138736,worst_quality_percentile
5522,valid,42,male,caucasian,neutral,/home/fox/Desktop/Projects/Amrita RLHF/Diffusion_RL_Abi/datasets/appa-real-dataset_v2/valid_data/005522.jpg,False,503.3056335449219,58.59989547729492,True,0.004277838693957115,6.303162097930908,24.28118896484375,-0.12239837646484375,-0.0020887131859058513,4.826260577139945,35.72076416015625,1.0,0.06111111111111111,1.0,True,2,"['roi_blur_laplacian', 'black_bars_score', 'worst_quality_percentile']",False,0.6646028191279146,roi_blur_laplacian;black_bars_score;worst_quality_percentile
5523,valid,27,male,caucasian,slightlyhappy,/home/fox/Desktop/Projects/Amrita RLHF/Diffusion_RL_Abi/datasets/appa-real-dataset_v2/valid_data/005523.jpg,False,261.37945556640625,41.400115966796875,True,0.04627501352082206,11.1021089553833,19.13357162475586,0.37113285064697266,0.008964536282460828,5.28043730495921,24.36773681640625,0.0,0.0,0.0,False,0,"['roi_blur_tenengrad', 'roi_blur_laplacian', 'worst_quality_percentile']",False,0.7357396917402187,roi_blur_tenengrad;roi_blur_laplacian;worst_quality_percentile
5524,valid,26,male,caucasian,other,/home/fox/Desktop/Projects/Amrita RLHF/Diffusion_RL_Abi/datasets/appa-real-dataset_v2/valid_data/005524.jpg,False,26.28816795349121,20.487655639648438,False,0.0,41.174110412597656,25.079212188720703,0.02668154239654541,0.0013023228017649585,6.934419657727617,42.46630859375,0.0,0.0,0.0,False,0,['worst_quality_percentile'],False,0.6814648926360164,worst_quality_percentile
5526,valid,34,male,caucasian,neutral,/home/fox/Desktop/Projects/Amrita RLHF/Diffusion_RL_Abi/datasets/appa-real-dataset_v2/valid_data/005526.jpg,False,684.917236328125,48.675148010253906,True,0.034168962350780534,14.993657112121582,24.7324275970459,0.3054485321044922,0.006275245958469412,5.009011275401556,39.368408203125,0.0,0.0,0.0,False,0,"['roi_blur_laplacian', 'worst_quality_percentile']",False,0.7367935713344751,roi_blur_laplacian;worst_quality_percentile
5528,valid,30,male,asian,neutral,/home/fox/Desktop/Projects/Amrita RLHF/Diffusion_RL_Abi/datasets/appa-real-dataset_v2/valid_data/005528.jpg,False,45.10929870605469,24.027008056640625,True,0.11232761150234742,26.177133560180664,32.7761116027832,0.08712887763977051,0.0036262889581626756,6.24181049690439,35.41998291015625,0.0,0.0,0.0,False,0,['worst_quality_percentile'],False,0.6874117846321772,worst_quality_percentile
5531,valid,27,male,caucasian,happy,/home/fox/Desktop/Projects/Amrita RLHF/Diffusion_RL_Abi/datasets/appa-real-dataset_v2/valid_data/005531.jpg,False,38.72772216796875,37.322959899902344,True,0.4356,75.044677734375,56.906837463378906,0.15192627906799316,0.004070584846562661,9.547447163690872,68.26513671875,0.0,0.0,0.0,False,0,['worst_quality_percentile'],False,0.6907992547565726,worst_quality_percentile
5538,valid,14,male,caucasian,slightlyhappy,/home/fox/Desktop/Projects/Amrita RLHF/Diffusion_RL_Abi/datasets/appa-real-dataset_v2/valid_data/005538.jpg,False,21.26511573791504,17.48111915588379,True,0.20671875,24.29071807861328,26.4890193939209,0.0058596134185791016,0.00033519667883564515,7.712150652763495,30.60595703125,0.0,0.0,0.0,False,0,['worst_quality_percentile'],False,0.6668234939872405,worst_quality_percentile
5551,valid,22,male,afroamerican,neutral,/home/fox/Desktop/Projects/Amrita RLHF/Diffusion_RL_Abi/datasets/appa-real-dataset_v2/valid_data/005551.jpg,False,17.88541603088379,17.28183937072754,True,0.020315755208333335,2.4029250144958496,8.778996467590332,0.00493168830871582,0.0002853682364216979,6.7277288253242595,46.33697509765625,0.4866666666666667,0.125439453125,0.8666666666666667,True,1,"['roi_blur_tenengrad', 'roi_blur_laplacian', 'worst_quality_percentile']",False,0.7744885861076086,roi_blur_tenengrad;roi_blur_laplacian;worst_quality_percentile
5554,valid,29,female,caucasian,neutral,/home/fox/Desktop/Projects/Amrita RLHF/Diffusion_RL_Abi/datasets/appa-real-dataset_v2/valid_data/005554.jpg,False,492.7794189453125,51.418582916259766,True,0.06870533333333333,79.26704406738281,38.090126037597656,2.482853651046753,0.04828708731244573,5.029631531699927,25.609619140625,1.0,0.12266666666666666,1.0,True,2,"['jpeg_blockiness', 'black_bars_score', 'worst_quality_percentile']",False,0.8052392871257316,jpeg_blockiness;black_bars_score;worst_quality_percentile
5557,valid,12,male,caucasian,slightlyhappy,/home/fox/Desktop/Projects/Amrita RLHF/Diffusion_RL_Abi/datasets/appa-real-dataset_v2/valid_data/005557.jpg,False,38.7959098815918,27.76156997680664,True,0.50887542573396,69.71117401123047,37.076560974121094,0.2153182029724121,0.007755980493765981,7.581027510767685,51.55181884765625,0.0,0.0,0.0,False,0,['worst_quality_percentile'],False,0.7649848504808325,worst_quality_percentile
5558,valid,67,female,caucasian,neutral,/home/fox/Desktop/Projects/Amrita RLHF/Diffusion_RL_Abi/datasets/appa-real-dataset_v2/valid_data/005558.jpg,False,246.4903106689453,45.98290252685547,True,0.32711085311181853,254.18539428710938,56.82807540893555,0.8096470832824707,0.017607567621509834,6.503664649102505,41.75665283203125,0.0,0.0,0.0,False,0,['worst_quality_percentile'],False,0.6596909874475412,worst_quality_percentile
5561,valid,32,male,caucasian,neutral,/home/fox/Desktop/Projects/Amrita RLHF/Diffusion_RL_Abi/datasets/appa-real-dataset_v2/valid_data/005561.jpg,False,104.82904052734375,31.80968475341797,True,0.020756756756756756,10.59042739868164,24.18032455444336,-0.12694334983825684,-0.003990713734876073,6.624518755418594,52.72149658203125,0.0,0.0,0.0,False,0,"['roi_blur_laplacian', 'worst_quality_percentile']",False,0.6333439975911324,roi_blur_laplacian;worst_quality_percentile
5564,valid,45,male,caucasian,neutral,/home/fox/Desktop/Projects/Amrita RLHF/Diffusion_RL_Abi/datasets/appa-real-dataset_v2/valid_data/005564.jpg,False,79.84538269042969,41.25725555419922,True,0.1111111111111111,17.669921875,43.27573776245117,0.3440074920654297,0.008338108754602011,8.33654526545821,67.52435302734375,0.0,0.0,0.0,False,0,['worst_quality_percentile'],False,0.8140467094491596,worst_quality_percentile
5566,valid,35,female,asian,slightlyhappy,/home/fox/Desktop/Projects/Amrita RLHF/Diffusion_RL_Abi/datasets/appa-real-dataset_v2/valid_data/005566.jpg,False,1881.99365234375,99.51286315917969,True,0.30078369140625,718.22509765625,63.52920913696289,3.775297164916992,0.03793778017360719,2.5885595234434375,2.4210205078125,0.0,0.0,0.0,False,0,['jpeg_blockiness'],False,0.40184805314564237,jpeg_blockiness
5569,valid,27,male,caucasian,neutral,/home/fox/Desktop/Projects/Amrita RLHF/Diffusion_RL_Abi/datasets/appa-real-dataset_v2/valid_data/005569.jpg,False,419.3468322753906,29.76453971862793,False,0.0,573.94287109375,27.67731475830078,0.10794520378112793,0.003626637642474059,6.173836072376479,77.375732421875,0.0,0.0,0.0,False,0,"['brisque', 'worst_quality_percentile']",False,0.6372960460695937,brisque;worst_quality_percentile
5586,valid,33,male,caucasian,happy,/home/fox/Desktop/Projects/Amrita RLHF/Diffusion_RL_Abi/datasets/appa-real-dataset_v2/valid_data/005586.jpg,False,160.32533264160156,36.66553497314453,True,0.019080338266384778,3.335594415664673,11.30191421508789,-0.019780874252319336,-0.0005394950251595321,3.8809525642441756,26.6182861328125,0.0,0.0,0.0,False,0,"['roi_blur_tenengrad', 'roi_blur_laplacian']",False,0.564446619116623,roi_blur_tenengrad;roi_blur_laplacian
5587,valid,16,female,afroamerican,slightlyhappy,/home/fox/Desktop/Projects/Amrita RLHF/Diffusion_RL_Abi/datasets/appa-real-dataset_v2/valid_data/005587.jpg,False,985.6965942382812,77.24634552001953,True,0.13680013020833334,252.62924194335938,51.924659729003906,0.5949339866638184,0.007701775080192724,5.858564973855623,65.531982421875,0.0,0.0,0.0,False,0,['worst_quality_percentile'],False,0.6791877599412839,worst_quality_percentile
5592,valid,28,male,caucasian,neutral,/home/fox/Desktop/Projects/Amrita RLHF/Diffusion_RL_Abi/datasets/appa-real-dataset_v2/valid_data/005592.jpg,False,120.23204803466797,26.35950469970703,True,0.30914826498422715,36.642940521240234,30.120580673217773,0.03940320014953613,0.0014948383554086932,6.549996939185569,50.7784423828125,0.0,0.0,0.0,False,0,['worst_quality_percentile'],False,0.6906298812503529,worst_quality_percentile
5597,valid,47,male,caucasian,neutral,/home/fox/Desktop/Projects/Amrita RLHF/Diffusion_RL_Abi/datasets/appa-real-dataset_v2/valid_data/005597.jpg,False,146.8758087158203,42.61408233642578,True,0.3828515625,192.48660278320312,55.3547248840332,0.856921911239624,0.020108889929051743,5.485230961920582,35.99267578125,0.0,0.0,0.0,False,0,['worst_quality_percentile'],False,0.6535370833882228,worst_quality_percentile
5606,valid,17,female,caucasian,happy,/home/fox/Desktop/Projects/Amrita RLHF/Diffusion_RL_Abi/datasets/appa-real-dataset_v2/valid_data/005606.jpg,False,87.38565063476562,36.90155792236328,True,0.09988116458704693,18.855388641357422,34.73768615722656,-0.04895472526550293,-0.0013266302751192207,7.154450392645856,53.7591552734375,0.0,0.0,0.0,False,0,['worst_quality_percentile'],False,0.6652803131527937,worst_quality_percentile
5612,valid,24,female,caucasian,slightlyhappy,/home/fox/Desktop/Projects/Amrita RLHF/Diffusion_RL_Abi/datasets/appa-real-dataset_v2/valid_data/005612.jpg,False,966.6600341796875,87.01637268066406,True,0.06354328265591064,80.28262329101562,63.10171890258789,0.4944925308227539,0.005682752680977733,6.237465314458114,43.8172607421875,0.0,0.0,0.0,False,0,['worst_quality_percentile'],False,0.6480983119107213,worst_quality_percentile
5615,test,40,male,asian,happy,/home/fox/Desktop/Projects/Amrita RLHF/Diffusion_RL_Abi/datasets/appa-real-dataset_v2/test_data/005615.jpg,False,532.1068725585938,38.53956604003906,True,0.44696610999205516,693.1090698242188,52.678977966308594,0.08056259155273438,0.002090386523258999,4.347462872686497,22.96954345703125,0.4985835694050992,0.2436661878355496,0.9858356940509915,True,2,['black_bars_area'],False,0.4999717710822967,black_bars_area
5619,test,36,female,caucasian,other,/home/fox/Desktop/Projects/Amrita RLHF/Diffusion_RL_Abi/datasets/appa-real-dataset_v2/test_data/005619.jpg,False,34.809226989746094,15.694635391235352,True,0.178625845496618,9.674644470214844,15.298931121826172,-0.01856827735900879,-0.0011830970081841603,8.537162518467728,66.14080810546875,0.0,0.0,0.0,False,0,"['roi_blur_tenengrad', 'roi_blur_laplacian', 'worst_quality_percentile']",False,0.7219451606225417,roi_blur_tenengrad;roi_blur_laplacian;worst_quality_percentile
5627,test,32,male,caucasian,neutral,/home/fox/Desktop/Projects/Amrita RLHF/Diffusion_RL_Abi/datasets/appa-real-dataset_v2/test_data/005627.jpg,False,20.35728645324707,22.58855628967285,True,0.32075909054261065,41.100608825683594,35.486392974853516,0.11762428283691406,0.005207250792005655,8.223131370169426,59.03466796875,0.0,0.0,0.0,False,0,['worst_quality_percentile'],False,0.7690874531870447,worst_quality_percentile
5630,test,35,male,caucasian,slightlyhappy,/home/fox/Desktop/Projects/Amrita RLHF/Diffusion_RL_Abi/datasets/appa-real-dataset_v2/test_data/005630.jpg,False,107.01696014404297,30.98585319519043,True,0.14240145819093186,84.25788116455078,41.0554084777832,0.11622500419616699,0.003750905282908329,6.062050726074473,33.84765625,0.0,0.0,0.0,False,0,['worst_quality_percentile'],False,0.6437322393059449,worst_quality_percentile
5635,test,33,male,afroamerican,happy,/home/fox/Desktop/Projects/Amrita RLHF/Diffusion_RL_Abi/datasets/appa-real-dataset_v2/test_data/005635.jpg,False,499.0876770019531,41.492801666259766,True,0.007415029811446385,2.2295050621032715,8.726388931274414,0.7455344200134277,0.017967800970447957,4.5080634119652245,26.68853759765625,0.0,0.0,0.0,False,0,"['roi_blur_tenengrad', 'roi_blur_laplacian', 'worst_quality_percentile']",False,0.7551611871200858,roi_blur_tenengrad;roi_blur_laplacian;worst_quality_percentile
5637,test,51,female,caucasian,neutral,/home/fox/Desktop/Projects/Amrita RLHF/Diffusion_RL_Abi/datasets/appa-real-dataset_v2/test_data/005637.jpg,False,595.2610473632812,91.93351745605469,True,0.0736505196533247,45.515785217285156,58.74586868286133,0.5902986526489258,0.00642092963004669,6.34326541596343,48.897705078125,0.08903010033444816,0.1116984931851692,0.451505016722408,False,1,['worst_quality_percentile'],False,0.7587180307507009,worst_quality_percentile
5639,test,69,female,caucasian,happy,/home/fox/Desktop/Projects/Amrita RLHF/Diffusion_RL_Abi/datasets/appa-real-dataset_v2/test_data/005639.jpg,False,35.3735466003418,36.1515007019043,True,0.13337285121517486,23.172998428344727,37.15863800048828,0.16011714935302734,0.004429059425340362,8.688425367687076,66.2347412109375,0.0,0.0,0.0,False,0,['worst_quality_percentile'],False,0.7829196228616595,worst_quality_percentile
5646,test,14,male,caucasian,neutral,/home/fox/Desktop/Projects/Amrita RLHF/Diffusion_RL_Abi/datasets/appa-real-dataset_v2/test_data/005646.jpg,False,184.764892578125,45.14870071411133,True,0.11703601108033242,12.745309829711914,33.813655853271484,-0.18374896049499512,-0.004069861447146861,7.7762091847992805,58.67138671875,0.0,0.0,0.0,False,0,"['roi_blur_laplacian', 'worst_quality_percentile']",False,0.644842576735608,roi_blur_laplacian;worst_quality_percentile
5652,test,58,male,caucasian,neutral,/home/fox/Desktop/Projects/Amrita RLHF/Diffusion_RL_Abi/datasets/appa-real-dataset_v2/test_data/005652.jpg,False,894.3225708007812,63.83907699584961,True,0.007760479041916167,340.0062255859375,61.49764633178711,0.41877317428588867,0.0065598249134035825,4.11345354502185,25.459716796875,0.5,0.31322222222222224,1.0,True,2,['black_bars_area'],False,0.5787210418352561,black_bars_area
5656,test,28,male,caucasian,neutral,/home/fox/Desktop/Projects/Amrita RLHF/Diffusion_RL_Abi/datasets/appa-real-dataset_v2/test_data/005656.jpg,False,34.13943099975586,29.876419067382812,True,0.3606947916803016,28.143722534179688,34.226768493652344,0.04337596893310547,0.0014518462665632623,9.050864037477314,71.32391357421875,0.0,0.0,0.0,False,0,['worst_quality_percentile'],False,0.7387884148521746,worst_quality_percentile
5663,test,53,male,caucasian,slightlyhappy,/home/fox/Desktop/Projects/Amrita RLHF/Diffusion_RL_Abi/datasets/appa-real-dataset_v2/test_data/005663.jpg,False,159.26296997070312,14.604405403137207,True,0.037446,202.3187713623047,47.736934661865234,0.12747514247894287,0.00872853979546609,5.3235464025115595,58.43243408203125,0.5,0.7826773333333333,1.0,True,1,"['black_bars_area', 'worst_quality_percentile']",False,0.7328885710521859,black_bars_area;worst_quality_percentile
5671,test,14,male,caucasian,neutral,/home/fox/Desktop/Projects/Amrita RLHF/Diffusion_RL_Abi/datasets/appa-real-dataset_v2/test_data/005671.jpg,False,61.887664794921875,28.790681838989258,True,0.21215794306703398,34.203887939453125,32.6273307800293,0.04480719566345215,0.001556308890415507,8.290990723844004,61.81146240234375,0.0,0.0,0.0,False,0,['worst_quality_percentile'],False,0.7342906072981161,worst_quality_percentile
5678,test,43,male,caucasian,neutral,/home/fox/Desktop/Projects/Amrita RLHF/Diffusion_RL_Abi/datasets/appa-real-dataset_v2/test_data/005678.jpg,False,102.357421875,36.51844024658203,True,0.2336448598130841,96.71634674072266,47.516258239746094,0.13123536109924316,0.00359367367881635,6.829953625517357,50.10137939453125,0.0,0.0,0.0,False,0,['worst_quality_percentile'],False,0.6651862167604493,worst_quality_percentile
5684,test,34,male,caucasian,happy,/home/fox/Desktop/Projects/Amrita RLHF/Diffusion_RL_Abi/datasets/appa-real-dataset_v2/test_data/005684.jpg,False,266.1973571777344,37.813720703125,True,0.0011815137307434696,1.8861688375473022,8.529051780700684,0.29060864448547363,0.007685269563441495,4.540624305865369,1.6478271484375,0.0,0.0,0.0,False,0,"['roi_blur_tenengrad', 'roi_blur_laplacian', 'worst_quality_percentile']",False,0.6494156614035418,roi_blur_tenengrad;roi_blur_laplacian;worst_quality_percentile
5689,test,24,male,asian,happy,/home/fox/Desktop/Projects/Amrita RLHF/Diffusion_RL_Abi/datasets/appa-real-dataset_v2/test_data/005689.jpg,False,355.244873046875,49.345489501953125,True,0.15311909262759923,112.80650329589844,60.493995666503906,0.5213842391967773,0.010565995674440417,7.109085998702044,51.19329833984375,0.0,0.0,0.0,False,0,['worst_quality_percentile'],False,0.6995502192445942,worst_quality_percentile
5692,test,58,male,caucasian,slightlyhappy,/home/fox/Desktop/Projects/Amrita RLHF/Diffusion_RL_Abi/datasets/appa-real-dataset_v2/test_data/005692.jpg,False,185.22964477539062,46.278526306152344,True,0.4198263406696685,222.0087127685547,54.32637023925781,0.2773733139038086,0.005993563971231517,6.536525490384372,45.7894287109375,0.0,0.0,0.0,False,0,['worst_quality_percentile'],False,0.6279428646705686,worst_quality_percentile
5703,test,89,female,caucasian,happy,/home/fox/Desktop/Projects/Amrita RLHF/Diffusion_RL_Abi/datasets/appa-real-dataset_v2/test_data/005703.jpg,False,670.0416259765625,45.749237060546875,True,0.010950520833333333,7.591445446014404,19.003379821777344,0.1116480827331543,0.002440435895028318,3.2476074371075794,4.2530517578125,0.09095833333333335,0.12177408854166667,0.5479166666666667,False,2,"['roi_blur_tenengrad', 'roi_blur_laplacian']",False,0.6000056457835407,roi_blur_tenengrad;roi_blur_laplacian
5717,test,14,male,caucasian,happy,/home/fox/Desktop/Projects/Amrita RLHF/Diffusion_RL_Abi/datasets/appa-real-dataset_v2/test_data/005717.jpg,False,851.6776123046875,80.82782745361328,True,0.14829674781065547,178.0947723388672,81.3537368774414,0.41982412338256836,0.005194054218882096,6.965106525643122,53.6165771484375,0.08968944099378884,0.06434936923729795,0.484472049689441,False,2,['worst_quality_percentile'],False,0.6825564107872104,worst_quality_percentile
5721,test,48,female,caucasian,slightlyhappy,/home/fox/Desktop/Projects/Amrita RLHF/Diffusion_RL_Abi/datasets/appa-real-dataset_v2/test_data/005721.jpg,False,248.95968627929688,44.54865646362305,True,0.10083333333333333,99.47185516357422,60.27252960205078,0.6324331760406494,0.01419645870489079,6.7341794844318015,50.225341796875,0.08666666666666667,0.03885416666666667,0.3333333333333333,False,1,['worst_quality_percentile'],False,0.7646743323860964,worst_quality_percentile
5722,test,24,female,asian,neutral,/home/fox/Desktop/Projects/Amrita RLHF/Diffusion_RL_Abi/datasets/appa-real-dataset_v2/test_data/005722.jpg,False,128.45535278320312,30.342754364013672,True,0.021768790849673203,29.374448776245117,39.84413146972656,0.032900333404541016,0.0010842895778529267,5.558430023096914,45.59991455078125,0.09441176470588236,0.11572712418300654,0.7205882352941176,False,1,['worst_quality_percentile'],False,0.708112990947927,worst_quality_percentile
5723,test,20,female,caucasian,neutral,/home/fox/Desktop/Projects/Amrita RLHF/Diffusion_RL_Abi/datasets/appa-real-dataset_v2/test_data/005723.jpg,False,23.689594268798828,34.607215881347656,True,0.1128404413408556,9.640424728393555,33.20553970336914,0.0713655948638916,0.0020621593209466005,8.096354218794502,66.212646484375,0.5,0.19574308596678108,1.0,True,1,"['roi_blur_laplacian', 'worst_quality_percentile']",False,0.8394809642998288,roi_blur_laplacian;worst_quality_percentile
5729,test,35,male,caucasian,happy,/home/fox/Desktop/Projects/Amrita RLHF/Diffusion_RL_Abi/datasets/appa-real-dataset_v2/test_data/005729.jpg,False,32.82362365722656,22.377445220947266,True,0.139440794744432,12.156586647033691,30.94021224975586,-0.08058321475982666,-0.003601090757371306,8.769991065465529,67.6331787109375,0.0,0.0,0.0,False,0,"['roi_blur_laplacian', 'worst_quality_percentile']",False,0.6792818563336281,roi_blur_laplacian;worst_quality_percentile
5730,test,28,male,caucasian,neutral,/home/fox/Desktop/Projects/Amrita RLHF/Diffusion_RL_Abi/datasets/appa-real-dataset_v2/test_data/005730.jpg,False,197.13198852539062,43.920684814453125,True,0.40657286114921876,130.94918823242188,48.000877380371094,0.46004772186279297,0.010474511345435403,5.301412549020519,32.29638671875,0.0,0.0,0.0,False,0,['worst_quality_percentile'],False,0.6646969155202589,worst_quality_percentile
5731,test,14,male,caucasian,neutral,/home/fox/Desktop/Projects/Amrita RLHF/Diffusion_RL_Abi/datasets/appa-real-dataset_v2/test_data/005731.jpg,False,46.195716857910156,25.10184097290039,True,0.18211692157896872,44.81086730957031,38.301082611083984,-0.01909160614013672,-0.0007605659441545269,8.156495525583715,62.72894287109375,0.0,0.0,0.0,False,0,['worst_quality_percentile'],False,0.6808626757250126,worst_quality_percentile
5734,test,41,male,caucasian,neutral,/home/fox/Desktop/Projects/Amrita RLHF/Diffusion_RL_Abi/datasets/appa-real-dataset_v2/test_data/005734.jpg,False,157.1549835205078,49.30952835083008,True,0.34393900808556693,208.88128662109375,56.51701354980469,0.35463905334472656,0.007192099742455898,6.3990880310825355,45.72039794921875,0.0,0.0,0.0,False,0,['worst_quality_percentile'],False,0.6357905037920846,worst_quality_percentile
5735,test,21,male,caucasian,neutral,/home/fox/Desktop/Projects/Amrita RLHF/Diffusion_RL_Abi/datasets/appa-real-dataset_v2/test_data/005735.jpg,False,102.3497085571289,30.587934494018555,True,0.17384829682157782,61.431488037109375,30.886507034301758,0.1223297119140625,0.003999279779375237,5.380469505846164,26.7791748046875,0.0,0.0,0.0,False,0,['worst_quality_percentile'],False,0.6496038541882304,worst_quality_percentile
5740,test,32,female,caucasian,slightlyhappy,/home/fox/Desktop/Projects/Amrita RLHF/Diffusion_RL_Abi/datasets/appa-real-dataset_v2/test_data/005740.jpg,False,118.04638671875,52.17772674560547,True,0.4490861304012346,177.3005828857422,62.3812370300293,0.7273745536804199,0.01394032636351592,6.8053058991030975,48.52069091796875,0.09652777777777778,0.05618248456790124,0.8263888888888888,False,2,['worst_quality_percentile'],False,0.7449234996330241,worst_quality_percentile
5744,test,24,male,caucasian,neutral,/home/fox/Desktop/Projects/Amrita RLHF/Diffusion_RL_Abi/datasets/appa-real-dataset_v2/test_data/005744.jpg,False,1532.322021484375,65.88090515136719,True,0.2822265625,558.440673828125,61.20537185668945,1.2334599494934082,0.018722571099119754,6.810102324268462,43.0045166015625,0.1,0.22614397321428573,1.0,False,1,['worst_quality_percentile'],False,0.6946948453996272,worst_quality_percentile
5746,test,74,male,caucasian,happy,/home/fox/Desktop/Projects/Amrita RLHF/Diffusion_RL_Abi/datasets/appa-real-dataset_v2/test_data/005746.jpg,False,160.47857666015625,36.97968292236328,True,0.16617306990141587,61.64238739013672,42.55126953125,0.21673822402954102,0.005861008019553938,7.2894831940351,60.5947265625,0.09847133757961785,0.13842346545498804,0.9235668789808917,False,1,['worst_quality_percentile'],False,0.8255452885936354,worst_quality_percentile
5753,test,34,female,caucasian,slightlyhappy,/home/fox/Desktop/Projects/Amrita RLHF/Diffusion_RL_Abi/datasets/appa-real-dataset_v2/test_data/005753.jpg,False,96.67296600341797,48.706207275390625,True,0.001999919756306074,1.7082016468048096,8.995543479919434,0.09110236167907715,0.0018704466002357173,7.585074889046683,55.26318359375,0.0,0.0,0.0,False,0,"['roi_blur_tenengrad', 'roi_blur_laplacian', 'worst_quality_percentile']",False,0.7624066093305982,roi_blur_tenengrad;roi_blur_laplacian;worst_quality_percentile
5755,test,17,female,afroamerican,neutral,/home/fox/Desktop/Projects/Amrita RLHF/Diffusion_RL_Abi/datasets/appa-real-dataset_v2/test_data/005755.jpg,False,532.8906860351562,49.62894821166992,True,0.005321344339622641,1.6569128036499023,7.311230659484863,0.1460418701171875,0.002942675040213157,4.211768515218191,32.75775146484375,0.1,0.1300228478773585,1.0,False,1,"['roi_blur_tenengrad', 'roi_blur_laplacian', 'worst_quality_percentile']",False,0.7344035229689293,roi_blur_tenengrad;roi_blur_laplacian;worst_quality_percentile
5757,test,22,female,caucasian,neutral,/home/fox/Desktop/Projects/Amrita RLHF/Diffusion_RL_Abi/datasets/appa-real-dataset_v2/test_data/005757.jpg,False,71.90352630615234,40.92057418823242,True,0.2418490523465704,12.958701133728027,27.748212814331055,-0.12006855010986328,-0.0029341852981673517,7.643271123825396,58.58636474609375,0.0,0.0,0.0,False,0,"['roi_blur_laplacian', 'worst_quality_percentile']",False,0.6679338314169033,roi_blur_laplacian;worst_quality_percentile
5766,test,22,female,caucasian,neutral,/home/fox/Desktop/Projects/Amrita RLHF/Diffusion_RL_Abi/datasets/appa-real-dataset_v2/test_data/005766.jpg,False,330.2427673339844,63.814571380615234,True,0.037084610395391134,8.208335876464844,27.04412841796875,-0.12348604202270508,-0.0019350759147328562,6.699087514700698,53.3975830078125,0.0,0.0,0.0,False,0,"['roi_blur_laplacian', 'worst_quality_percentile']",False,0.6508082880102377,roi_blur_laplacian;worst_quality_percentile
5775,test,44,male,caucasian,neutral,/home/fox/Desktop/Projects/Amrita RLHF/Diffusion_RL_Abi/datasets/appa-real-dataset_v2/test_data/005775.jpg,False,73.84476470947266,41.007362365722656,True,0.19382175360429352,39.24433517456055,43.26470184326172,0.2852358818054199,0.006955723518763063,7.3925053458425944,54.45257568359375,0.0,0.0,0.0,False,0,['worst_quality_percentile'],False,0.7697084893765174,worst_quality_percentile
5781,test,23,female,caucasian,neutral,/home/fox/Desktop/Projects/Amrita RLHF/Diffusion_RL_Abi/datasets/appa-real-dataset_v2/test_data/005781.jpg,False,242.6923370361328,61.91621780395508,True,0.03930406758993119,8.051567077636719,31.906782150268555,-0.2850229740142822,-0.0046033653139696505,7.294961433851913,56.44500732421875,0.0,0.0,0.0,False,0,['roi_blur_laplacian'],False,0.6276793947720044,roi_blur_laplacian
5783,test,21,female,caucasian,neutral,/home/fox/Desktop/Projects/Amrita RLHF/Diffusion_RL_Abi/datasets/appa-real-dataset_v2/test_data/005783.jpg,False,410.47412109375,66.66636657714844,True,0.21796931164629763,157.6126708984375,53.640804290771484,0.4655182361602783,0.006982804869660341,6.874952910987227,57.12353515625,0.4588785046728972,0.08628010424155284,0.5887850467289719,True,2,['worst_quality_percentile'],False,0.7783277189152569,worst_quality_percentile
5785,test,26,male,caucasian,slightlyhappy,/home/fox/Desktop/Projects/Amrita RLHF/Diffusion_RL_Abi/datasets/appa-real-dataset_v2/test_data/005785.jpg,False,161.50479125976562,42.74494171142578,True,0.24228838358076726,73.95820617675781,45.075321197509766,-0.1742236614227295,-0.004075889458992286,7.2191382238183746,53.19268798828125,0.09699481865284976,0.09313001691320573,0.8497409326424871,False,3,['worst_quality_percentile'],False,0.6411916367126483,worst_quality_percentile
5787,test,34,male,caucasian,other,/home/fox/Desktop/Projects/Amrita RLHF/Diffusion_RL_Abi/datasets/appa-real-dataset_v2/test_data/005787.jpg,False,1212.401123046875,77.55583953857422,True,0.11864118968799849,862.5927124023438,83.99566650390625,-0.2912721633911133,-0.0037556444668566547,4.216531354729201,29.5806884765625,0.5,0.4467882197560934,1.0,True,1,['black_bars_area'],False,0.3346538193725653,black_bars_area
5800,test,4,female,caucasian,happy,/home/fox/Desktop/Projects/Amrita RLHF/Diffusion_RL_Abi/datasets/appa-real-dataset_v2/test_data/005800.jpg,False,152.92025756835938,56.13621520996094,True,0.19262345679012347,37.9363899230957,43.047672271728516,0.14302873611450195,0.002547887010758709,7.626423956768967,51.74273681640625,0.0,0.0,0.0,False,0,['worst_quality_percentile'],False,0.7150573047029376,worst_quality_percentile
5805,test,54,male,caucasian,neutral,/home/fox/Desktop/Projects/Amrita RLHF/Diffusion_RL_Abi/datasets/appa-real-dataset_v2/test_data/005805.jpg,False,909.1066284179688,45.91845703125,True,0.20839540374849216,807.0491333007812,63.4552001953125,0.12038421630859375,0.0026216955331266954,4.0154905245900325,50.72314453125,0.45764993880048965,0.20854065294829305,0.576499388004896,True,2,['black_bars_area'],False,0.5137474829215047,black_bars_area
5813,test,34,male,caucasian,neutral,/home/fox/Desktop/Projects/Amrita RLHF/Diffusion_RL_Abi/datasets/appa-real-dataset_v2/test_data/005813.jpg,False,479.805908203125,53.32771301269531,True,0.00718324607329843,6.455227851867676,14.091623306274414,0.0030069351196289062,5.63859744468527e-05,3.3820310744736766,1.4805908203125,0.0,0.0,0.0,False,0,"['roi_blur_tenengrad', 'roi_blur_laplacian']",False,0.49097615597418,roi_blur_tenengrad;roi_blur_laplacian
5822,test,28,male,caucasian,neutral,/home/fox/Desktop/Projects/Amrita RLHF/Diffusion_RL_Abi/datasets/appa-real-dataset_v2/test_data/005822.jpg,False,527.4546508789062,73.36625671386719,False,0.0,430.2193298339844,82.48601531982422,0.41671085357666016,0.0056798706457382294,6.072844733613183,58.37908935546875,0.1,0.1767506172839506,1.0,False,2,['worst_quality_percentile'],False,0.6394226245365752,worst_quality_percentile
5824,test,61,male,caucasian,neutral,/home/fox/Desktop/Projects/Amrita RLHF/Diffusion_RL_Abi/datasets/appa-real-dataset_v2/test_data/005824.jpg,False,38.494834899902344,23.666053771972656,True,0.021821851856903208,2.173349142074585,12.812857627868652,0.030653834342956543,0.0012952659257452325,8.512873973151379,62.29962158203125,0.0,0.0,0.0,False,0,"['roi_blur_tenengrad', 'roi_blur_laplacian', 'worst_quality_percentile']",False,0.7576076933210381,roi_blur_tenengrad;roi_blur_laplacian;worst_quality_percentile
5830,test,39,male,caucasian,other,/home/fox/Desktop/Projects/Amrita RLHF/Diffusion_RL_Abi/datasets/appa-real-dataset_v2/test_data/005830.jpg,False,60.443870544433594,41.75218963623047,True,0.22411158895427796,33.84404373168945,49.909034729003906,0.08141541481018066,0.0019499675003766732,7.9691018185367275,59.19171142578125,0.0,0.0,0.0,False,0,['worst_quality_percentile'],False,0.6914579295029829,worst_quality_percentile
5848,test,40,male,caucasian,neutral,/home/fox/Desktop/Projects/Amrita RLHF/Diffusion_RL_Abi/datasets/appa-real-dataset_v2/test_data/005848.jpg,False,471.0714111328125,68.26349639892578,True,0.17015625,78.1839370727539,50.390769958496094,0.35062122344970703,0.005136291529288456,7.311629605535933,47.51922607421875,0.0,0.0,0.0,False,0,['worst_quality_percentile'],False,0.7081882680618025,worst_quality_percentile
5850,test,24,female,caucasian,neutral,/home/fox/Desktop/Projects/Amrita RLHF/Diffusion_RL_Abi/datasets/appa-real-dataset_v2/test_data/005850.jpg,False,2935.057861328125,89.0400390625,True,0.36187744140625,1334.7137451171875,79.50867462158203,2.8741979598999023,0.03227983677772845,4.147071695095355,37.54833984375,0.0,0.0,0.0,False,0,['jpeg_blockiness'],False,0.5005551687148314,jpeg_blockiness
5852,test,24,male,caucasian,slightlyhappy,/home/fox/Desktop/Projects/Amrita RLHF/Diffusion_RL_Abi/datasets/appa-real-dataset_v2/test_data/005852.jpg,False,322.476806640625,67.26766204833984,True,0.16,41.037010192871094,58.95002746582031,0.40401697158813477,0.006006109819777749,7.022813251100182,47.65380859375,0.0,0.0,0.0,False,0,['worst_quality_percentile'],False,0.6969155202589532,worst_quality_percentile
5864,test,33,male,caucasian,neutral,/home/fox/Desktop/Projects/Amrita RLHF/Diffusion_RL_Abi/datasets/appa-real-dataset_v2/test_data/005864.jpg,False,394.5637512207031,46.26884078979492,True,0.07195361015531825,45.87147521972656,35.009334564208984,0.425203800201416,0.009189851825839288,3.9798839853711674,5.42169189453125,0.09008403361344539,0.05931703839774083,0.5042016806722689,False,2,['worst_quality_percentile'],False,0.6768353501326759,worst_quality_percentile
5865,test,22,female,caucasian,neutral,/home/fox/Desktop/Projects/Amrita RLHF/Diffusion_RL_Abi/datasets/appa-real-dataset_v2/test_data/005865.jpg,False,256.65380859375,69.3307113647461,False,0.0,205.94398498535156,64.34235382080078,1.6858878135681152,0.024316608845712233,7.437580878566866,62.2569580078125,0.5,0.42629903040592576,1.0,True,1,"['black_bars_area', 'worst_quality_percentile']",False,0.7938065754558971,black_bars_area;worst_quality_percentile
5868,test,39,male,caucasian,slightlyhappy,/home/fox/Desktop/Projects/Amrita RLHF/Diffusion_RL_Abi/datasets/appa-real-dataset_v2/test_data/005868.jpg,False,334.43414306640625,48.14858627319336,True,0.182841796875,45.3271484375,32.2097282409668,0.3778872489929199,0.007848355899806597,3.9497256517028583,14.56939697265625,0.09278125000000001,0.076142578125,0.6390625,False,1,['worst_quality_percentile'],False,0.6979693998532096,worst_quality_percentile
5869,test,27,female,caucasian,other,/home/fox/Desktop/Projects/Amrita RLHF/Diffusion_RL_Abi/datasets/appa-real-dataset_v2/test_data/005869.jpg,False,686.019287109375,67.64338684082031,True,0.03587372448979592,64.6729507446289,65.36004638671875,1.386246681213379,0.02049345435618217,5.386005131792725,32.29962158203125,0.0,0.0,0.0,False,0,['worst_quality_percentile'],False,0.6573385776389333,worst_quality_percentile
5873,test,42,female,caucasian,slightlyhappy,/home/fox/Desktop/Projects/Amrita RLHF/Diffusion_RL_Abi/datasets/appa-real-dataset_v2/test_data/005873.jpg,False,349.2042541503906,70.57418060302734,True,0.17732890276878546,33.921409606933594,46.3281364440918,-0.19564437866210938,-0.0027721806221231056,7.245747521793443,54.6904296875,0.09024793388429753,0.07458011197014129,0.512396694214876,False,1,['worst_quality_percentile'],False,0.65722566196812,worst_quality_percentile
5877,test,42,male,caucasian,neutral,/home/fox/Desktop/Projects/Amrita RLHF/Diffusion_RL_Abi/datasets/appa-real-dataset_v2/test_data/005877.jpg,False,18.15119743347168,42.11474609375,True,0.3834723420573291,32.93482208251953,48.04795455932617,0.06857967376708984,0.0016284004653863242,9.054506151399982,67.18243408203125,0.0,0.0,0.0,False,0,['worst_quality_percentile'],False,0.7025989423565501,worst_quality_percentile
5896,test,18,female,caucasian,happy,/home/fox/Desktop/Projects/Amrita RLHF/Diffusion_RL_Abi/datasets/appa-real-dataset_v2/test_data/005896.jpg,False,1144.0443115234375,95.27616882324219,True,0.14231417404711535,85.57768249511719,59.29042053222656,0.3021507263183594,0.0031713147881460187,6.808620017897705,46.9263916015625,0.08898203592814373,0.04309942988274947,0.4491017964071856,False,1,['worst_quality_percentile'],False,0.7027118580273631,worst_quality_percentile
5904,test,37,female,caucasian,slightlyhappy,/home/fox/Desktop/Projects/Amrita RLHF/Diffusion_RL_Abi/datasets/appa-real-dataset_v2/test_data/005904.jpg,False,19141.849609375,106.541015625,True,0.4107869590495073,21513.599609375,124.46442413330078,0.6579952239990234,0.0061759803392435805,8.11596591296297,146.861572265625,0.0,0.0,0.0,False,0,['brisque'],False,0.5848467169768712,brisque
5906,test,35,male,caucasian,neutral,/home/fox/Desktop/Projects/Amrita RLHF/Diffusion_RL_Abi/datasets/appa-real-dataset_v2/test_data/005906.jpg,False,182.7266082763672,61.194252014160156,True,0.05408328826392644,8.628632545471191,37.546199798583984,0.09677457809448242,0.0015814324602032334,7.748275404829868,61.9930419921875,0.0,0.0,0.0,False,0,"['roi_blur_laplacian', 'worst_quality_percentile']",False,0.7433238609631706,roi_blur_laplacian;worst_quality_percentile
5908,test,36,male,caucasian,neutral,/home/fox/Desktop/Projects/Amrita RLHF/Diffusion_RL_Abi/datasets/appa-real-dataset_v2/test_data/005908.jpg,False,115.16588592529297,44.022029876708984,True,0.007907752472969863,2.3345694541931152,11.341971397399902,0.14234161376953125,0.003233417698701421,6.548912431663338,45.61724853515625,0.43412384716732544,0.04519051801660497,0.3412384716732543,True,1,"['roi_blur_tenengrad', 'roi_blur_laplacian', 'worst_quality_percentile']",False,0.8187891676233132,roi_blur_tenengrad;roi_blur_laplacian;worst_quality_percentile
5915,test,27,female,caucasian,slightlyhappy,/home/fox/Desktop/Projects/Amrita RLHF/Diffusion_RL_Abi/datasets/appa-real-dataset_v2/test_data/005915.jpg,False,851.13330078125,90.669189453125,True,0.14403396719407752,113.86416625976562,56.77341842651367,0.36432743072509766,0.0040182054003608985,6.907611632490717,56.5052490234375,0.0,0.0,0.0,False,0,['worst_quality_percentile'],False,0.6747275909441631,worst_quality_percentile
5925,test,18,female,caucasian,neutral,/home/fox/Desktop/Projects/Amrita RLHF/Diffusion_RL_Abi/datasets/appa-real-dataset_v2/test_data/005925.jpg,False,221.6431121826172,58.785030364990234,True,0.12319635103723521,34.664554595947266,51.32054138183594,0.06978082656860352,0.0011870509370887552,7.778443392875464,59.7977294921875,0.08874172185430465,0.05490987237401868,0.4370860927152318,False,1,['worst_quality_percentile'],False,0.7362854508158156,worst_quality_percentile
5926,test,66,female,caucasian,slightlyhappy,/home/fox/Desktop/Projects/Amrita RLHF/Diffusion_RL_Abi/datasets/appa-real-dataset_v2/test_data/005926.jpg,False,241.25442504882812,49.94245529174805,True,0.17677104642014163,169.3052520751953,65.49671936035156,-0.01977062225341797,-0.00039586803936763227,4.1464144049029,0.39703369140625,1.0,0.037554681353265146,1.0,True,1,['black_bars_score'],False,0.4187854037676196,black_bars_score
5931,test,28,female,caucasian,happy,/home/fox/Desktop/Projects/Amrita RLHF/Diffusion_RL_Abi/datasets/appa-real-dataset_v2/test_data/005931.jpg,False,102.31852722167969,32.719261169433594,True,0.2602030405060708,24.336410522460938,27.2372989654541,-0.08735322952270508,-0.00266977993178314,7.183934552169419,53.18255615234375,0.0,0.0,0.0,False,0,['worst_quality_percentile'],False,0.6536499990590361,worst_quality_percentile
5937,test,29,male,caucasian,other,/home/fox/Desktop/Projects/Amrita RLHF/Diffusion_RL_Abi/datasets/appa-real-dataset_v2/test_data/005937.jpg,False,14.723800659179688,17.157787322998047,True,0.15044995408631773,10.443816184997559,25.896747589111328,0.0809708833694458,0.004719191182753643,8.702446580317035,68.6229248046875,0.09527272727272729,0.18471992653810837,0.7636363636363637,False,1,"['roi_blur_laplacian', 'worst_quality_percentile']",False,0.8624028454749045,roi_blur_laplacian;worst_quality_percentile
5938,test,44,female,caucasian,neutral,/home/fox/Desktop/Projects/Amrita RLHF/Diffusion_RL_Abi/datasets/appa-real-dataset_v2/test_data/005938.jpg,False,70.62057495117188,59.661415100097656,True,0.13575879589684595,21.1466064453125,45.423526763916016,0.046100616455078125,0.0007727040266314206,7.3448555323315725,58.39678955078125,0.0,0.0,0.0,False,0,['worst_quality_percentile'],False,0.6856615917345729,worst_quality_percentile
5940,test,94,female,caucasian,other,/home/fox/Desktop/Projects/Amrita RLHF/Diffusion_RL_Abi/datasets/appa-real-dataset_v2/test_data/005940.jpg,False,121.04669189453125,28.211414337158203,True,0.14512471655328799,52.614601135253906,41.23023986816406,-0.00041222572326660156,-1.4612018515910657e-05,7.337050564022855,55.511474609375,0.0,0.0,0.0,False,0,['worst_quality_percentile'],False,0.6632101925212187,worst_quality_percentile
5944,test,19,female,caucasian,slightlyhappy,/home/fox/Desktop/Projects/Amrita RLHF/Diffusion_RL_Abi/datasets/appa-real-dataset_v2/test_data/005944.jpg,False,360.4944152832031,52.68651580810547,True,0.15449898092151426,128.82296752929688,64.4677963256836,0.7080526351928711,0.013438972209374485,6.7237641479143,53.79498291015625,0.09075144508670521,0.07374118747702897,0.5375722543352601,False,1,['worst_quality_percentile'],False,0.7564032594990308,worst_quality_percentile
5955,test,34,female,caucasian,happy,/home/fox/Desktop/Projects/Amrita RLHF/Diffusion_RL_Abi/datasets/appa-real-dataset_v2/test_data/005955.jpg,False,298.8323974609375,68.79122924804688,True,0.20454028938663166,73.48868560791016,55.0949592590332,0.2989678382873535,0.0043460167409324945,7.113437585786772,55.03582763671875,0.0,0.0,0.0,False,0,['worst_quality_percentile'],False,0.6923800741479572,worst_quality_percentile
5959,test,32,male,caucasian,neutral,/home/fox/Desktop/Projects/Amrita RLHF/Diffusion_RL_Abi/datasets/appa-real-dataset_v2/test_data/005959.jpg,False,75.70097351074219,44.313629150390625,True,0.17003608655406946,33.79915237426758,43.14679718017578,0.051140546798706055,0.0011540590699779367,6.048596519326588,42.39019775390625,0.09093167701863356,0.13271534550527883,0.546583850931677,False,2,['worst_quality_percentile'],False,0.7000583397632535,worst_quality_percentile
5969,test,14,male,caucasian,neutral,/home/fox/Desktop/Projects/Amrita RLHF/Diffusion_RL_Abi/datasets/appa-real-dataset_v2/test_data/005969.jpg,False,1240.8607177734375,109.78466033935547,True,0.140625,127.9657974243164,77.15833282470703,0.9413995742797852,0.00857496450592332,6.760350076086777,52.51568603515625,0.09162500000000001,0.0549609375,0.58125,False,1,['worst_quality_percentile'],False,0.7293223177823362,worst_quality_percentile
5976,test,23,female,caucasian,slightlyhappy,/home/fox/Desktop/Projects/Amrita RLHF/Diffusion_RL_Abi/datasets/appa-real-dataset_v2/test_data/005976.jpg,False,40.07162094116211,42.984779357910156,True,0.22084863686583656,24.527494430541992,41.760009765625,0.11970782279968262,0.0027848885536448653,8.680832605594393,63.81982421875,0.0,0.0,0.0,False,0,['worst_quality_percentile'],False,0.7466736925306284,worst_quality_percentile
5977,test,37,male,caucasian,neutral,/home/fox/Desktop/Projects/Amrita RLHF/Diffusion_RL_Abi/datasets/appa-real-dataset_v2/test_data/005977.jpg,False,84.88282012939453,43.667579650878906,True,0.32395444390632566,84.09447479248047,50.16398620605469,0.10332179069519043,0.002366098353862223,7.4038399017604615,58.233642578125,0.0,0.0,0.0,False,0,['worst_quality_percentile'],False,0.6701168677192916,worst_quality_percentile
5986,test,20,male,caucasian,slightlyhappy,/home/fox/Desktop/Projects/Amrita RLHF/Diffusion_RL_Abi/datasets/appa-real-dataset_v2/test_data/005986.jpg,False,309.614990234375,44.96287155151367,True,0.041115339578454334,35.5806999206543,37.09280776977539,0.23726224899291992,0.005276848108872273,3.791578915928757,19.08843994140625,0.08810304449648713,0.03773785128805621,0.405152224824356,False,1,['worst_quality_percentile'],False,0.6662212770762369,worst_quality_percentile
5988,test,8,female,caucasian,happy,/home/fox/Desktop/Projects/Amrita RLHF/Diffusion_RL_Abi/datasets/appa-real-dataset_v2/test_data/005988.jpg,False,131.1988067626953,46.56247329711914,True,0.13888353072798118,38.951595306396484,46.874210357666016,-0.03269004821777344,-0.0007020685371910315,7.2312400597811495,54.10797119140625,0.0,0.0,0.0,False,0,['worst_quality_percentile'],False,0.6326288650093156,worst_quality_percentile
5996,test,16,female,caucasian,other,/home/fox/Desktop/Projects/Amrita RLHF/Diffusion_RL_Abi/datasets/appa-real-dataset_v2/test_data/005996.jpg,False,279.101806640625,43.96413803100586,True,0.2975206611570248,81.31704711914062,36.80319595336914,0.10112762451171875,0.0023002298405161116,6.763530074931276,53.1002197265625,0.08881818181818182,0.030103305785123966,0.4409090909090909,False,3,['worst_quality_percentile'],False,0.753203982159324,worst_quality_percentile
5997,test,16,male,caucasian,neutral,/home/fox/Desktop/Projects/Amrita RLHF/Diffusion_RL_Abi/datasets/appa-real-dataset_v2/test_data/005997.jpg,False,416.7070617675781,70.294189453125,True,0.1863597002000657,38.458839416503906,36.88197326660156,0.6720762252807617,0.009560907109797775,6.914804600359814,44.8680419921875,0.0,0.0,0.0,False,0,['worst_quality_percentile'],False,0.7938536236520691,worst_quality_percentile
6000,test,57,male,caucasian,neutral,/home/fox/Desktop/Projects/Amrita RLHF/Diffusion_RL_Abi/datasets/appa-real-dataset_v2/test_data/006000.jpg,False,229.74586486816406,42.46934127807617,True,0.28949909926956086,196.78025817871094,39.66578674316406,0.21067571640014648,0.00496065408832345,5.610435155559235,43.01995849609375,0.0,0.0,0.0,False,0,['worst_quality_percentile'],False,0.6483053239738789,worst_quality_percentile
6001,test,57,female,caucasian,happy,/home/fox/Desktop/Projects/Amrita RLHF/Diffusion_RL_Abi/datasets/appa-real-dataset_v2/test_data/006001.jpg,False,90.29443359375,51.04270935058594,True,0.16843195562832036,43.883663177490234,59.844200134277344,0.0255584716796875,0.0005007271656254066,8.558186962808849,62.419921875,0.0,0.0,0.0,False,0,['worst_quality_percentile'],False,0.6304834672638651,worst_quality_percentile
6005,test,37,male,caucasian,neutral,/home/fox/Desktop/Projects/Amrita RLHF/Diffusion_RL_Abi/datasets/appa-real-dataset_v2/test_data/006005.jpg,False,283.50311279296875,38.447105407714844,True,0.01375,6.137341499328613,20.85512924194336,0.4475703239440918,0.011641196588315469,4.111897636546297,52.7860107421875,0.0,0.0,0.0,False,0,"['roi_blur_laplacian', 'worst_quality_percentile']",False,0.7676195494664734,roi_blur_laplacian;worst_quality_percentile
6006,test,32,female,caucasian,other,/home/fox/Desktop/Projects/Amrita RLHF/Diffusion_RL_Abi/datasets/appa-real-dataset_v2/test_data/006006.jpg,False,556.7008056640625,67.36893463134766,True,0.17636516243704947,29.293481826782227,32.433006286621094,0.12255716323852539,0.0018191939963127148,6.024124711645576,39.3714599609375,0.0,0.0,0.0,False,0,['worst_quality_percentile'],False,0.679865253966163,worst_quality_percentile
6009,test,54,male,caucasian,neutral,/home/fox/Desktop/Projects/Amrita RLHF/Diffusion_RL_Abi/datasets/appa-real-dataset_v2/test_data/006009.jpg,False,103.26981353759766,31.830730438232422,True,0.042238156880427036,29.660724639892578,40.603294372558594,0.03787040710449219,0.0011897435400747786,5.567548854391858,36.9375,0.5,0.2804532165869126,1.0,True,3,"['black_bars_area', 'worst_quality_percentile']",False,0.7083105933718501,black_bars_area;worst_quality_percentile
6012,test,32,female,caucasian,neutral,/home/fox/Desktop/Projects/Amrita RLHF/Diffusion_RL_Abi/datasets/appa-real-dataset_v2/test_data/006012.jpg,False,265.9067687988281,69.91587829589844,True,0.10795605911021265,36.056034088134766,47.0265998840332,0.12152624130249023,0.0017381779722481369,6.611645922719403,50.5908203125,0.0,0.0,0.0,False,0,['worst_quality_percentile'],False,0.6682913977078119,worst_quality_percentile
6023,test,18,male,caucasian,slightlyhappy,/home/fox/Desktop/Projects/Amrita RLHF/Diffusion_RL_Abi/datasets/appa-real-dataset_v2/test_data/006023.jpg,False,188.71572875976562,37.417781829833984,True,0.42401297998918336,147.28994750976562,39.532081604003906,0.25162315368652344,0.006724694374085121,6.126665180718293,48.6912841796875,0.4558139534883721,0.0474881317228532,0.5581395348837209,True,1,['worst_quality_percentile'],False,0.7773114778779382,worst_quality_percentile
6028,test,45,male,caucasian,neutral,/home/fox/Desktop/Projects/Amrita RLHF/Diffusion_RL_Abi/datasets/appa-real-dataset_v2/test_data/006028.jpg,False,253.43621826171875,74.94169616699219,True,0.4067828135656271,177.1134033203125,78.2276382446289,0.5981535911560059,0.007981585869654691,7.795900880090338,52.73779296875,0.0,0.0,0.0,False,0,['worst_quality_percentile'],False,0.657921975271468,worst_quality_percentile
6029,test,34,female,caucasian,slightlyhappy,/home/fox/Desktop/Projects/Amrita RLHF/Diffusion_RL_Abi/datasets/appa-real-dataset_v2/test_data/006029.jpg,False,108.51106262207031,53.476871490478516,True,0.28296491228070175,53.33973693847656,43.919044494628906,0.0003590583801269531,6.7142741040228744e-06,8.070244908897628,63.509521484375,0.0,0.0,0.0,False,0,['worst_quality_percentile'],False,0.672563373920244,worst_quality_percentile
6031,test,39,male,caucasian,neutral,/home/fox/Desktop/Projects/Amrita RLHF/Diffusion_RL_Abi/datasets/appa-real-dataset_v2/test_data/006031.jpg,False,614.2825317382812,61.881507873535156,True,0.12,51.332401275634766,41.361289978027344,1.0507965087890625,0.016980783563900075,7.26187409118193,39.22406005859375,0.0,0.0,0.0,False,0,['worst_quality_percentile'],False,0.7896945631104503,worst_quality_percentile
6032,test,18,female,caucasian,happy,/home/fox/Desktop/Projects/Amrita RLHF/Diffusion_RL_Abi/datasets/appa-real-dataset_v2/test_data/006032.jpg,False,46.80396270751953,22.103193283081055,True,0.25,42.44289016723633,34.00531768798828,-0.03104221820831299,-0.0014044222663361526,8.440166683748046,64.28411865234375,0.1,0.3057179296418323,1.0,False,2,['worst_quality_percentile'],False,0.7586051150798878,worst_quality_percentile
6034,test,30,female,caucasian,slightlyhappy,/home/fox/Desktop/Projects/Amrita RLHF/Diffusion_RL_Abi/datasets/appa-real-dataset_v2/test_data/006034.jpg,False,605.8104248046875,72.90518188476562,True,0.1571723679142887,141.15829467773438,71.63976287841797,0.5322623252868652,0.0073007474122678264,6.609659366781645,45.7493896484375,0.0,0.0,0.0,False,0,['worst_quality_percentile'],False,0.6329111541863485,worst_quality_percentile
6056,test,35,female,afroamerican,happy,/home/fox/Desktop/Projects/Amrita RLHF/Diffusion_RL_Abi/datasets/appa-real-dataset_v2/test_data/006056.jpg,False,130.92611694335938,63.701080322265625,True,0.24746837073874617,91.66716766357422,69.01338195800781,0.5894918441772461,0.009254031987227811,7.398503848377158,53.10858154296875,0.0,0.0,0.0,False,0,['worst_quality_percentile'],False,0.6956358093230707,worst_quality_percentile
6058,test,29,female,caucasian,neutral,/home/fox/Desktop/Projects/Amrita RLHF/Diffusion_RL_Abi/datasets/appa-real-dataset_v2/test_data/006058.jpg,False,417.9545593261719,39.125980377197266,True,0.27210694777130395,623.229248046875,68.94279479980469,0.013862133026123047,0.0003542948326965656,5.0968078920239135,46.80352783203125,0.5,0.5332133784587033,1.0,True,2,['black_bars_area'],False,0.5006022169110036,black_bars_area
6059,test,39,female,caucasian,neutral,/home/fox/Desktop/Projects/Amrita RLHF/Diffusion_RL_Abi/datasets/appa-real-dataset_v2/test_data/006059.jpg,False,370.5738525390625,72.9099349975586,True,0.2548779338297672,173.4093780517578,75.59398651123047,0.9067926406860352,0.012437161386568757,6.579597459849911,50.59088134765625,0.0,0.0,0.0,False,0,['worst_quality_percentile'],False,0.652690215857124,worst_quality_percentile
6060,test,26,male,caucasian,slightlyhappy,/home/fox/Desktop/Projects/Amrita RLHF/Diffusion_RL_Abi/datasets/appa-real-dataset_v2/test_data/006060.jpg,False,430.16912841796875,58.292747497558594,True,0.2387654958677686,119.51821899414062,47.218849182128906,-0.16190052032470703,-0.002777369818674577,6.913771393662012,57.2445068359375,0.19681818181818184,0.06417871900826447,0.9204545454545454,False,1,['worst_quality_percentile'],False,0.6339085759451982,worst_quality_percentile
6063,test,29,female,caucasian,neutral,/home/fox/Desktop/Projects/Amrita RLHF/Diffusion_RL_Abi/datasets/appa-real-dataset_v2/test_data/006063.jpg,False,11.11422348022461,31.101306915283203,True,0.234173413737597,11.251773834228516,33.79633331298828,0.022167444229125977,0.0007127495824133133,9.15989867196488,80.68780517578125,0.5,0.49498274191352537,1.0,True,1,"['roi_blur_laplacian', 'brisque', 'black_bars_area', 'worst_quality_percentile']",False,0.81958898695824,roi_blur_laplacian;brisque;black_bars_area;worst_quality_percentile
6066,test,34,male,caucasian,happy,/home/fox/Desktop/Projects/Amrita RLHF/Diffusion_RL_Abi/datasets/appa-real-dataset_v2/test_data/006066.jpg,False,96.17556762695312,32.71604919433594,True,0.32510003077870114,131.5015869140625,48.3200798034668,0.19303345680236816,0.0059002677785287075,7.3923946687824,54.95172119140625,0.0,0.0,0.0,False,0,['worst_quality_percentile'],False,0.7001336168771289,worst_quality_percentile
6077,test,33,female,caucasian,neutral,/home/fox/Desktop/Projects/Amrita RLHF/Diffusion_RL_Abi/datasets/appa-real-dataset_v2/test_data/006077.jpg,False,27.883556365966797,21.561744689941406,True,0.24017402390043754,43.68083190917969,33.586341857910156,-0.14948415756225586,-0.00693284113966665,7.901773697413551,51.4178466796875,0.5,0.2849486654248176,1.0,True,1,"['black_bars_area', 'worst_quality_percentile']",False,0.6937632911154186,black_bars_area;worst_quality_percentile
6080,test,29,male,caucasian,happy,/home/fox/Desktop/Projects/Amrita RLHF/Diffusion_RL_Abi/datasets/appa-real-dataset_v2/test_data/006080.jpg,False,239.6580810546875,62.094425201416016,True,0.3121294275827107,123.30496215820312,57.92594909667969,0.33072853088378906,0.005326219293999162,6.7755890565992845,51.1456298828125,0.0,0.0,0.0,False,0,['worst_quality_percentile'],False,0.6608954212695485,worst_quality_percentile
6091,test,55,male,caucasian,slightlyhappy,/home/fox/Desktop/Projects/Amrita RLHF/Diffusion_RL_Abi/datasets/appa-real-dataset_v2/test_data/006091.jpg,False,16.588701248168945,27.686403274536133,True,0.46901744719926536,26.5448055267334,35.12423324584961,0.11339926719665527,0.004095846686055631,8.601249715892791,57.90325927734375,0.0,0.0,0.0,False,0,['worst_quality_percentile'],False,0.7659822722396823,worst_quality_percentile
6092,test,27,female,asian,slightlyhappy,/home/fox/Desktop/Projects/Amrita RLHF/Diffusion_RL_Abi/datasets/appa-real-dataset_v2/test_data/006092.jpg,False,694.7786865234375,99.03170776367188,True,0.1269140625,23.040502548217773,36.838802337646484,1.4447870254516602,0.014589135575752643,6.911437465422048,52.0045166015625,0.0,0.0,0.0,False,0,['worst_quality_percentile'],False,0.8313980841974519,worst_quality_percentile
6095,test,32,female,caucasian,happy,/home/fox/Desktop/Projects/Amrita RLHF/Diffusion_RL_Abi/datasets/appa-real-dataset_v2/test_data/006095.jpg,False,419.4920959472656,68.61616516113281,True,0.091243459526008,16.896230697631836,30.495725631713867,-0.24005913734436035,-0.003498579864993103,7.108519825541345,56.004638671875,0.43026315789473685,0.05564789165897199,0.3026315789473684,True,1,['worst_quality_percentile'],False,0.7075107740369234,worst_quality_percentile
6097,test,35,male,caucasian,happy,/home/fox/Desktop/Projects/Amrita RLHF/Diffusion_RL_Abi/datasets/appa-real-dataset_v2/test_data/006097.jpg,False,283.41925048828125,47.25570297241211,True,0.1770378086419753,530.2261962890625,55.911563873291016,-0.19869661331176758,-0.004204711740783011,8.885309076063855,90.81317138671875,0.0,0.0,0.0,False,0,['brisque'],False,0.4712911906957486,brisque
6100,test,84,female,caucasian,other,/home/fox/Desktop/Projects/Amrita RLHF/Diffusion_RL_Abi/datasets/appa-real-dataset_v2/test_data/006100.jpg,False,533.8828735351562,58.29911422729492,True,0.2734618298123054,264.8457946777344,52.364070892333984,0.3621511459350586,0.006211949264120289,6.612629903628184,50.8446044921875,0.0,0.0,0.0,False,0,['worst_quality_percentile'],False,0.6474396371643112,worst_quality_percentile
6102,test,24,female,caucasian,neutral,/home/fox/Desktop/Projects/Amrita RLHF/Diffusion_RL_Abi/datasets/appa-real-dataset_v2/test_data/006102.jpg,False,892.7162475585938,68.56610107421875,True,0.002586783439490446,10.7348051071167,28.440996170043945,0.009658336639404297,0.00014086168452378582,3.705644651074773,-6.9381103515625,0.0,0.0,0.0,False,0,['roi_blur_laplacian'],False,0.4877768786344731,roi_blur_laplacian
6103,test,14,male,caucasian,neutral,/home/fox/Desktop/Projects/Amrita RLHF/Diffusion_RL_Abi/datasets/appa-real-dataset_v2/test_data/006103.jpg,False,198.16690063476562,49.53401184082031,True,0.19299007651441746,48.05510711669922,51.3013801574707,0.20493173599243164,0.004137192289487804,6.732709972468832,46.64215087890625,0.08913294797687862,0.07881987370109259,0.45664739884393063,False,1,['worst_quality_percentile'],False,0.7403315956866213,worst_quality_percentile
6111,test,28,female,caucasian,happy,/home/fox/Desktop/Projects/Amrita RLHF/Diffusion_RL_Abi/datasets/appa-real-dataset_v2/test_data/006111.jpg,False,76.56266021728516,47.477134704589844,True,0.24492399000416493,52.71369552612305,50.973087310791016,0.41542792320251465,0.00875006288895295,8.526631083958842,60.9278564453125,0.1,0.23622969596001667,1.0,False,1,['worst_quality_percentile'],False,0.8475638444022054,worst_quality_percentile
6113,test,28,male,caucasian,slightlyhappy,/home/fox/Desktop/Projects/Amrita RLHF/Diffusion_RL_Abi/datasets/appa-real-dataset_v2/test_data/006113.jpg,False,165.71791076660156,34.941261291503906,True,0.11240316901408451,104.25654602050781,48.68987274169922,0.4334557056427002,0.012405267503689943,5.705483345881153,47.39898681640625,0.0,0.0,0.0,False,0,['worst_quality_percentile'],False,0.7080188945555828,worst_quality_percentile
6116,test,23,female,caucasian,slightlyhappy,/home/fox/Desktop/Projects/Amrita RLHF/Diffusion_RL_Abi/datasets/appa-real-dataset_v2/test_data/006116.jpg,False,91.8072738647461,45.2473258972168,True,0.09812903225806452,12.166376113891602,35.372406005859375,-0.43557238578796387,-0.009626477753645075,8.775385287430515,61.6162109375,0.0,0.0,0.0,False,0,['roi_blur_laplacian'],False,0.6134520202495436,roi_blur_laplacian
6120,test,45,male,caucasian,neutral,/home/fox/Desktop/Projects/Amrita RLHF/Diffusion_RL_Abi/datasets/appa-real-dataset_v2/test_data/006120.jpg,False,613.1888427734375,68.9878921508789,True,0.10635504201680672,18.89441680908203,28.565147399902344,1.147629737854004,0.016635233885808023,6.871434554857135,49.83807373046875,0.0,0.0,0.0,False,0,['worst_quality_percentile'],False,0.8425767356079569,worst_quality_percentile
6133,test,27,female,asian,happy,/home/fox/Desktop/Projects/Amrita RLHF/Diffusion_RL_Abi/datasets/appa-real-dataset_v2/test_data/006133.jpg,False,97.11589050292969,35.48301696777344,True,0.12534238648200302,13.587185859680176,30.62390899658203,-0.13315248489379883,-0.00375256932808622,7.871431749711743,56.531005859375,0.0,0.0,0.0,False,0,"['roi_blur_laplacian', 'worst_quality_percentile']",False,0.6559083124752997,roi_blur_laplacian;worst_quality_percentile
6138,test,52,female,caucasian,happy,/home/fox/Desktop/Projects/Amrita RLHF/Diffusion_RL_Abi/datasets/appa-real-dataset_v2/test_data/006138.jpg,False,122.77064514160156,39.530826568603516,True,0.022711261077533466,7.515812873840332,22.043310165405273,0.169630765914917,0.004291100802798333,4.751600917014279,22.35406494140625,0.0,0.0,0.0,False,0,"['roi_blur_laplacian', 'worst_quality_percentile']",False,0.6649039275834164,roi_blur_laplacian;worst_quality_percentile
6143,test,26,female,asian,slightlyhappy,/home/fox/Desktop/Projects/Amrita RLHF/Diffusion_RL_Abi/datasets/appa-real-dataset_v2/test_data/006143.jpg,False,387.96929931640625,51.66297149658203,True,0.24204295232920586,202.46360778808594,51.8634033203125,0.09581327438354492,0.0018545830747521126,7.063522447807041,56.6146240234375,0.09347593582887702,0.06897537819211301,0.6737967914438503,False,2,['worst_quality_percentile'],False,0.6809944106742948,worst_quality_percentile
6153,test,20,female,caucasian,happy,/home/fox/Desktop/Projects/Amrita RLHF/Diffusion_RL_Abi/datasets/appa-real-dataset_v2/test_data/006153.jpg,False,8.851215362548828,36.276023864746094,True,0.23920265780730898,9.262630462646484,37.907527923583984,0.21209955215454102,0.005846824533430741,11.11538647431331,75.677734375,0.0,0.0,0.0,False,0,"['roi_blur_laplacian', 'niqe', 'brisque', 'worst_quality_percentile']",False,0.8095300826166323,roi_blur_laplacian;niqe;brisque;worst_quality_percentile
6154,test,42,male,caucasian,neutral,/home/fox/Desktop/Projects/Amrita RLHF/Diffusion_RL_Abi/datasets/appa-real-dataset_v2/test_data/006154.jpg,False,236.0739288330078,37.00679397583008,True,0.3651873897707231,413.6454772949219,56.5697135925293,-0.12555789947509766,-0.0033928336554706288,3.961403053690722,29.61492919921875,0.5,0.44560185185185186,1.0,True,1,['black_bars_area'],False,0.41768447597719105,black_bars_area
6155,test,16,female,caucasian,other,/home/fox/Desktop/Projects/Amrita RLHF/Diffusion_RL_Abi/datasets/appa-real-dataset_v2/test_data/006155.jpg,False,197.40460205078125,38.46342086791992,True,0.3590289957219427,200.50047302246094,42.54964828491211,-0.009487390518188477,-0.00024666007488276416,6.913100421232458,43.74517822265625,0.08582995951417005,0.03011031159337147,0.291497975708502,False,1,['worst_quality_percentile'],False,0.6341344072868246,worst_quality_percentile
6156,test,42,male,caucasian,neutral,/home/fox/Desktop/Projects/Amrita RLHF/Diffusion_RL_Abi/datasets/appa-real-dataset_v2/test_data/006156.jpg,False,111.20719146728516,52.443519592285156,True,0.3052688642855654,60.37939453125,60.4490852355957,0.39481067657470703,0.007528302297706282,7.808396082357501,58.8529052734375,0.0,0.0,0.0,False,0,['worst_quality_percentile'],False,0.7246363174435891,worst_quality_percentile
6158,test,54,male,caucasian,neutral,/home/fox/Desktop/Projects/Amrita RLHF/Diffusion_RL_Abi/datasets/appa-real-dataset_v2/test_data/006158.jpg,False,350.64190673828125,50.66496658325195,True,0.08626608538152103,107.94730377197266,42.89848709106445,0.4826536178588867,0.009526377709919525,3.5166133551404823,10.07684326171875,0.09529411764705883,0.12616625597607464,0.7647058823529411,False,1,['worst_quality_percentile'],False,0.6361857086399307,worst_quality_percentile
6161,test,16,female,caucasian,happy,/home/fox/Desktop/Projects/Amrita RLHF/Diffusion_RL_Abi/datasets/appa-real-dataset_v2/test_data/006161.jpg,False,436.21728515625,49.995357513427734,True,0.007677730154794375,3.1987104415893555,15.506089210510254,-0.2603425979614258,-0.005207335354771045,3.2970934325653927,14.54742431640625,0.0,0.0,0.0,False,0,"['roi_blur_tenengrad', 'roi_blur_laplacian']",False,0.43901612812164786,roi_blur_tenengrad;roi_blur_laplacian
6172,test,25,male,caucasian,neutral,/home/fox/Desktop/Projects/Amrita RLHF/Diffusion_RL_Abi/datasets/appa-real-dataset_v2/test_data/006172.jpg,False,301.6768798828125,26.127656936645508,True,0.029378255208333332,108.79423522949219,41.771583557128906,0.5370643138885498,0.020555394409664515,5.24775975368166,24.624267578125,0.09554166666666668,0.1778125,0.7770833333333333,False,1,['worst_quality_percentile'],False,0.7569866571315655,worst_quality_percentile
6183,test,13,male,caucasian,other,/home/fox/Desktop/Projects/Amrita RLHF/Diffusion_RL_Abi/datasets/appa-real-dataset_v2/test_data/006183.jpg,False,224.83250427246094,46.96711730957031,True,0.19634981533938112,68.69154357910156,53.026241302490234,0.04587411880493164,0.0009767284103437115,7.692804245994927,52.19268798828125,0.08550898203592816,0.030872386962601743,0.2754491017964072,False,1,['worst_quality_percentile'],False,0.690065302896287,worst_quality_percentile
6191,test,16,female,caucasian,slightlyhappy,/home/fox/Desktop/Projects/Amrita RLHF/Diffusion_RL_Abi/datasets/appa-real-dataset_v2/test_data/006191.jpg,False,578.6664428710938,78.449462890625,True,0.18013115197404003,128.20167541503906,61.14085006713867,0.7192320823669434,0.009168094295324997,6.849875744283584,51.67510986328125,0.0,0.0,0.0,False,0,['worst_quality_percentile'],False,0.6909309897058546,worst_quality_percentile
6195,test,31,male,caucasian,happy,/home/fox/Desktop/Projects/Amrita RLHF/Diffusion_RL_Abi/datasets/appa-real-dataset_v2/test_data/006195.jpg,False,441.9317626953125,58.690887451171875,True,0.2280330766317384,269.22479248046875,69.68922424316406,0.14453840255737305,0.002462705990174648,7.294345606292992,54.17401123046875,0.09696629213483147,0.18495139502588057,0.848314606741573,False,2,['worst_quality_percentile'],False,0.6324594915030958,worst_quality_percentile
6198,test,18,male,asian,slightlyhappy,/home/fox/Desktop/Projects/Amrita RLHF/Diffusion_RL_Abi/datasets/appa-real-dataset_v2/test_data/006198.jpg,False,308.8482666015625,58.580474853515625,True,0.13475404582598943,21.635679244995117,38.376712799072266,-0.11775875091552734,-0.002010204751664888,7.442342503372927,53.36956787109375,0.0,0.0,0.0,False,0,['worst_quality_percentile'],False,0.6406082390801136,worst_quality_percentile
6200,test,61,male,caucasian,neutral,/home/fox/Desktop/Projects/Amrita RLHF/Diffusion_RL_Abi/datasets/appa-real-dataset_v2/test_data/006200.jpg,False,321.7381286621094,38.19356155395508,True,0.00399774943735934,6.341829776763916,16.262893676757812,-0.20737791061401367,-0.00542965611864712,3.9313912696508893,-1.8251953125,0.4567891972993249,0.10980720180045012,0.5678919729932483,True,1,"['roi_blur_tenengrad', 'roi_blur_laplacian']",False,0.5092120368105088,roi_blur_tenengrad;roi_blur_laplacian
6201,test,28,female,caucasian,slightlyhappy,/home/fox/Desktop/Projects/Amrita RLHF/Diffusion_RL_Abi/datasets/appa-real-dataset_v2/test_data/006201.jpg,False,18.39188575744629,32.36100769042969,True,0.4746703057012785,33.05561828613281,46.68507766723633,0.045473337173461914,0.0014051891153476319,9.479090989666615,64.58612060546875,0.0,0.0,0.0,False,0,['worst_quality_percentile'],False,0.6996066770800008,worst_quality_percentile
6209,test,24,female,asian,happy,/home/fox/Desktop/Projects/Amrita RLHF/Diffusion_RL_Abi/datasets/appa-real-dataset_v2/test_data/006209.jpg,False,506.4172058105469,63.220252990722656,True,0.18013115197404003,121.54192352294922,57.37932586669922,0.3645491600036621,0.005766334947929162,6.624674669757478,58.90234375,0.0,0.0,0.0,False,0,['worst_quality_percentile'],False,0.679996988915445,worst_quality_percentile
6210,test,34,male,caucasian,neutral,/home/fox/Desktop/Projects/Amrita RLHF/Diffusion_RL_Abi/datasets/appa-real-dataset_v2/test_data/006210.jpg,False,78.99762725830078,45.95272445678711,True,0.11000479729002066,52.09077072143555,55.64597702026367,0.5590918064117432,0.012166673485721763,7.495848000211519,58.6959228515625,0.4807560137457045,0.11529160670054141,0.8075601374570447,True,1,['worst_quality_percentile'],False,0.8452867117074732,worst_quality_percentile
6215,test,66,male,caucasian,slightlyhappy,/home/fox/Desktop/Projects/Amrita RLHF/Diffusion_RL_Abi/datasets/appa-real-dataset_v2/test_data/006215.jpg,False,868.5941772460938,45.10369873046875,True,0.03862251655629139,404.4535217285156,33.59013366699219,0.387134313583374,0.008583205277988637,4.649048935178125,9.511474609375,0.09430463576158941,0.06872599337748345,0.7152317880794702,False,1,['worst_quality_percentile'],False,0.6277546718858799,worst_quality_percentile
6219,test,18,male,caucasian,slightlyhappy,/home/fox/Desktop/Projects/Amrita RLHF/Diffusion_RL_Abi/datasets/appa-real-dataset_v2/test_data/006219.jpg,False,253.2486572265625,45.46808624267578,True,0.22203338724267427,167.48191833496094,60.198402404785156,0.23885059356689453,0.005253148044079416,6.683907020830278,52.01885986328125,0.0,0.0,0.0,False,0,['worst_quality_percentile'],False,0.6286768165308542,worst_quality_percentile
6220,test,25,female,caucasian,neutral,/home/fox/Desktop/Projects/Amrita RLHF/Diffusion_RL_Abi/datasets/appa-real-dataset_v2/test_data/006220.jpg,False,367.29852294921875,61.710636138916016,True,0.16911193159735716,36.80659103393555,44.36729049682617,0.32198047637939453,0.005217584703502387,7.376362325137089,49.91864013671875,0.0,0.0,0.0,False,0,['worst_quality_percentile'],False,0.7510209458569358,worst_quality_percentile
6222,test,55,male,caucasian,neutral,/home/fox/Desktop/Projects/Amrita RLHF/Diffusion_RL_Abi/datasets/appa-real-dataset_v2/test_data/006222.jpg,False,22.829927444458008,20.305753707885742,True,0.3812126951331497,18.92675018310547,25.00135040283203,0.1673945188522339,0.00824369846185654,7.7060430056351334,60.60491943359375,0.44583333333333336,0.03981577134986226,0.4583333333333333,True,2,['worst_quality_percentile'],False,0.8938780887140788,worst_quality_percentile
6231,test,26,female,caucasian,neutral,/home/fox/Desktop/Projects/Amrita RLHF/Diffusion_RL_Abi/datasets/appa-real-dataset_v2/test_data/006231.jpg,False,37.783634185791016,36.05632400512695,True,0.1158151690072083,21.90764617919922,36.562381744384766,0.022225618362426758,0.0006164138569104431,7.689718338853163,61.03216552734375,0.4505241090146751,0.10905488067545446,0.5052410901467506,True,1,['worst_quality_percentile'],False,0.7915764909573368,worst_quality_percentile
6237,test,9,male,asian,slightlyhappy,/home/fox/Desktop/Projects/Amrita RLHF/Diffusion_RL_Abi/datasets/appa-real-dataset_v2/test_data/006237.jpg,False,815.4356079101562,61.660587310791016,True,0.4072128268406789,246.4384765625,53.4777946472168,0.29920053482055664,0.004852378853611985,6.383554430263229,54.49505615234375,0.0,0.0,0.0,False,0,['worst_quality_percentile'],False,0.6358093230705535,worst_quality_percentile
6243,test,25,female,caucasian,happy,/home/fox/Desktop/Projects/Amrita RLHF/Diffusion_RL_Abi/datasets/appa-real-dataset_v2/test_data/006243.jpg,False,193.8290557861328,41.467933654785156,True,0.1111111111111111,28.639570236206055,43.99360275268555,-0.14574646949768066,-0.0035146787683302764,7.8097800046455585,60.17218017578125,0.1,0.36848888888888887,1.0,False,1,['worst_quality_percentile'],False,0.6950147731335982,worst_quality_percentile
6244,test,26,male,asian,slightlyhappy,/home/fox/Desktop/Projects/Amrita RLHF/Diffusion_RL_Abi/datasets/appa-real-dataset_v2/test_data/006244.jpg,False,240.06556701660156,33.26298141479492,True,0.22895710486761475,148.2873077392578,47.355682373046875,0.2193448543548584,0.006594263004429116,7.297395180715655,59.997802734375,0.1,0.4282576020349173,1.0,False,1,['worst_quality_percentile'],False,0.786288273707586,worst_quality_percentile
6246,test,31,female,caucasian,neutral,/home/fox/Desktop/Projects/Amrita RLHF/Diffusion_RL_Abi/datasets/appa-real-dataset_v2/test_data/006246.jpg,False,41.43704605102539,40.02925109863281,True,0.28046879444728906,45.803890228271484,41.790077209472656,0.05807828903198242,0.0014508961818441286,8.185325470247843,66.09698486328125,0.08653968253968254,0.04139500483586505,0.326984126984127,False,1,['worst_quality_percentile'],False,0.7698966821612059,worst_quality_percentile
6248,test,16,male,caucasian,neutral,/home/fox/Desktop/Projects/Amrita RLHF/Diffusion_RL_Abi/datasets/appa-real-dataset_v2/test_data/006248.jpg,False,731.17626953125,63.209571838378906,True,0.15621315192743765,72.728759765625,33.0238151550293,0.27788496017456055,0.004396248031687968,6.7778741123115225,48.7569580078125,0.0,0.0,0.0,False,0,['worst_quality_percentile'],False,0.7389389690799254,worst_quality_percentile
6250,test,3,male,caucasian,neutral,/home/fox/Desktop/Projects/Amrita RLHF/Diffusion_RL_Abi/datasets/appa-real-dataset_v2/test_data/006250.jpg,False,331.94342041015625,60.359535217285156,True,0.2964831007921932,126.722412109375,43.48015594482422,0.24167442321777344,0.0040039145156414435,6.916575730439909,46.74395751953125,0.0,0.0,0.0,False,0,['worst_quality_percentile'],False,0.6857180495699795,worst_quality_percentile
6253,test,55,female,caucasian,happy,/home/fox/Desktop/Projects/Amrita RLHF/Diffusion_RL_Abi/datasets/appa-real-dataset_v2/test_data/006253.jpg,False,88.82553100585938,30.467605590820312,True,0.15299128635061565,58.928348541259766,34.66501235961914,0.07466006278991699,0.0024504735075715324,5.822711492635621,29.8868408203125,0.0,0.0,0.0,False,0,['worst_quality_percentile'],False,0.6373336846265314,worst_quality_percentile
6258,test,81,male,caucasian,happy,/home/fox/Desktop/Projects/Amrita RLHF/Diffusion_RL_Abi/datasets/appa-real-dataset_v2/test_data/006258.jpg,False,53.70704650878906,28.00704574584961,True,0.1024,9.687989234924316,28.026287078857422,-0.1705334186553955,-0.006088946835519779,7.654960343983775,61.82098388671875,0.0,0.0,0.0,False,0,"['roi_blur_laplacian', 'worst_quality_percentile']",False,0.6483429625308166,roi_blur_laplacian;worst_quality_percentile
6265,test,48,female,caucasian,slightlyhappy,/home/fox/Desktop/Projects/Amrita RLHF/Diffusion_RL_Abi/datasets/appa-real-dataset_v2/test_data/006265.jpg,False,56.82937240600586,39.78919219970703,True,0.2986055122577563,55.30097961425781,43.09022521972656,0.22019457817077637,0.005534029731781485,9.187610723700672,58.88885498046875,0.0,0.0,0.0,False,0,['worst_quality_percentile'],False,0.7641568022282026,worst_quality_percentile
6268,test,24,male,caucasian,slightlyhappy,/home/fox/Desktop/Projects/Amrita RLHF/Diffusion_RL_Abi/datasets/appa-real-dataset_v2/test_data/006268.jpg,False,261.9630126953125,44.083831787109375,True,0.20765902900176253,216.73648071289062,69.69842529296875,0.33504438400268555,0.007600164568736329,7.4331220483856635,61.18475341796875,0.0,0.0,0.0,False,0,['worst_quality_percentile'],False,0.6480794926322525,worst_quality_percentile
6271,test,35,female,caucasian,slightlyhappy,/home/fox/Desktop/Projects/Amrita RLHF/Diffusion_RL_Abi/datasets/appa-real-dataset_v2/test_data/006271.jpg,False,100.92095947265625,48.12370300292969,True,0.41202520087655226,125.5063247680664,49.178096771240234,0.21608877182006836,0.004490277219868888,6.571883330460592,42.79962158203125,0.0,0.0,0.0,False,0,['worst_quality_percentile'],False,0.6515046013135857,worst_quality_percentile
6273,test,87,female,caucasian,neutral,/home/fox/Desktop/Projects/Amrita RLHF/Diffusion_RL_Abi/datasets/appa-real-dataset_v2/test_data/006273.jpg,False,181.02459716796875,52.57387161254883,True,0.26098771266540643,96.823486328125,47.66069412231445,0.17972707748413086,0.0034185626538995326,6.761100219852506,50.461181640625,0.0,0.0,0.0,False,0,['worst_quality_percentile'],False,0.6709072774149839,worst_quality_percentile
6274,test,25,female,caucasian,neutral,/home/fox/Desktop/Projects/Amrita RLHF/Diffusion_RL_Abi/datasets/appa-real-dataset_v2/test_data/006274.jpg,False,452.8951416015625,63.39493942260742,True,0.1571723679142887,145.52975463867188,62.497676849365234,0.516507625579834,0.008147458174684884,7.263527854776663,45.8370361328125,0.0,0.0,0.0,False,0,['worst_quality_percentile'],False,0.6673692530628375,worst_quality_percentile
6277,test,50,male,caucasian,happy,/home/fox/Desktop/Projects/Amrita RLHF/Diffusion_RL_Abi/datasets/appa-real-dataset_v2/test_data/006277.jpg,False,589.5338134765625,45.4879035949707,True,0.25249375015469916,122.447021484375,42.368690490722656,-0.0749979019165039,-0.0016487438272721829,6.6429577771396335,53.0751953125,0.09771144278606966,0.15541694512512066,0.8855721393034826,False,1,['worst_quality_percentile'],False,0.6549108907164499,worst_quality_percentile
6294,test,27,female,caucasian,neutral,/home/fox/Desktop/Projects/Amrita RLHF/Diffusion_RL_Abi/datasets/appa-real-dataset_v2/test_data/006294.jpg,False,16.482961654663086,33.400508880615234,True,0.06009700866250373,6.09367561340332,30.33525848388672,-0.1432933807373047,-0.004290155487131302,9.317049546204958,71.71661376953125,0.0,0.0,0.0,False,0,"['roi_blur_laplacian', 'worst_quality_percentile']",False,0.6703991568963247,roi_blur_laplacian;worst_quality_percentile
6296,test,51,female,caucasian,neutral,/home/fox/Desktop/Projects/Amrita RLHF/Diffusion_RL_Abi/datasets/appa-real-dataset_v2/test_data/006296.jpg,False,274.4673156738281,62.85659408569336,True,0.19567697768762676,65.62625122070312,46.81536102294922,0.20063543319702148,0.0031919551627556685,5.241675900962053,36.20989990234375,0.0,0.0,0.0,False,0,['worst_quality_percentile'],False,0.6308786721117112,worst_quality_percentile
6309,test,81,female,caucasian,neutral,/home/fox/Desktop/Projects/Amrita RLHF/Diffusion_RL_Abi/datasets/appa-real-dataset_v2/test_data/006309.jpg,False,365.3475341796875,50.060428619384766,True,0.13380266666666665,243.80410766601562,59.232810974121094,-0.37607526779174805,-0.007512425895085036,3.810751876748227,19.4464111328125,0.49150000000000005,0.38484866666666667,0.915,True,1,['black_bars_area'],False,0.3598810621600768,black_bars_area
6321,test,25,female,asian,slightlyhappy,/home/fox/Desktop/Projects/Amrita RLHF/Diffusion_RL_Abi/datasets/appa-real-dataset_v2/test_data/006321.jpg,False,93.12782287597656,26.854013442993164,True,0.252518875785965,113.04955291748047,43.893821716308594,-0.034960269927978516,-0.001301863823831392,7.325248221326333,52.9976806640625,0.09286432160804022,0.08865937728845232,0.6432160804020101,False,1,['worst_quality_percentile'],False,0.6750475186781338,worst_quality_percentile
6323,test,44,male,caucasian,neutral,/home/fox/Desktop/Projects/Amrita RLHF/Diffusion_RL_Abi/datasets/appa-real-dataset_v2/test_data/006323.jpg,False,295.7480773925781,66.82576751708984,True,0.023822633052352406,4.738527297973633,25.499340057373047,0.8024158477783203,0.012007581290638097,5.892123361027068,58.1064453125,0.0,0.0,0.0,False,0,"['roi_blur_laplacian', 'worst_quality_percentile']",False,0.8387752413572463,roi_blur_laplacian;worst_quality_percentile
6330,test,18,male,asian,neutral,/home/fox/Desktop/Projects/Amrita RLHF/Diffusion_RL_Abi/datasets/appa-real-dataset_v2/test_data/006330.jpg,False,220.41290283203125,48.779388427734375,True,0.08103788161329853,13.109539031982422,38.6100959777832,0.0020754337310791016,4.254734951436431e-05,7.4100221146117695,61.74365234375,0.09065693430656935,0.08162395439288188,0.5328467153284672,False,2,"['roi_blur_laplacian', 'worst_quality_percentile']",False,0.7631781997478216,roi_blur_laplacian;worst_quality_percentile
6331,test,39,male,caucasian,neutral,/home/fox/Desktop/Projects/Amrita RLHF/Diffusion_RL_Abi/datasets/appa-real-dataset_v2/test_data/006331.jpg,False,52.13579177856445,42.23963165283203,True,0.2424437630446546,40.180782318115234,54.979427337646484,0.07802319526672363,0.0018471561035579326,8.093189242232135,61.579833984375,0.0,0.0,0.0,False,0,['worst_quality_percentile'],False,0.6710578316427348,worst_quality_percentile
6333,test,25,female,asian,slightlyhappy,/home/fox/Desktop/Projects/Amrita RLHF/Diffusion_RL_Abi/datasets/appa-real-dataset_v2/test_data/006333.jpg,False,219.0350799560547,50.70463180541992,True,0.060893588992974236,110.7909927368164,50.640377044677734,0.5303277969360352,0.01045915861320166,4.313620250412092,22.6644287109375,0.09559718969555037,0.07328015222482435,0.7798594847775175,False,1,['worst_quality_percentile'],False,0.6791407117451117,worst_quality_percentile
6337,test,44,male,caucasian,slightlyhappy,/home/fox/Desktop/Projects/Amrita RLHF/Diffusion_RL_Abi/datasets/appa-real-dataset_v2/test_data/006337.jpg,False,742.729248046875,83.03430938720703,True,0.15983819459229295,451.8128967285156,76.1762466430664,-0.0682520866394043,-0.0008219745105502772,4.931355664447531,77.461181640625,0.0,0.0,0.0,False,0,['brisque'],False,0.4180702711858028,brisque
6344,test,26,female,caucasian,neutral,/home/fox/Desktop/Projects/Amrita RLHF/Diffusion_RL_Abi/datasets/appa-real-dataset_v2/test_data/006344.jpg,False,63.22013473510742,27.710487365722656,True,0.056808567603748326,23.738109588623047,25.342138290405273,0.0845954418182373,0.0030528311411097413,5.510702990777087,38.009521484375,0.0,0.0,0.0,False,0,['worst_quality_percentile'],False,0.6839490373939064,worst_quality_percentile
6346,test,60,female,caucasian,slightlyhappy,/home/fox/Desktop/Projects/Amrita RLHF/Diffusion_RL_Abi/datasets/appa-real-dataset_v2/test_data/006346.jpg,False,94.84812927246094,48.53159713745117,True,0.16460408163265305,33.541500091552734,43.34891128540039,0.043048858642578125,0.0008870274273815416,7.587071883094562,52.3438720703125,0.0,0.0,0.0,False,0,['worst_quality_percentile'],False,0.6802792780924779,worst_quality_percentile
6352,test,18,female,caucasian,happy,/home/fox/Desktop/Projects/Amrita RLHF/Diffusion_RL_Abi/datasets/appa-real-dataset_v2/test_data/006352.jpg,False,359.351318359375,75.90132904052734,True,0.14864276382638988,104.1815414428711,68.88864135742188,0.05217695236206055,0.0006874313313640325,7.262243454881177,52.11444091796875,0.09493975903614459,0.06905937001016113,0.7469879518072289,False,1,['worst_quality_percentile'],False,0.6348119013117037,worst_quality_percentile
6359,test,18,male,caucasian,neutral,/home/fox/Desktop/Projects/Amrita RLHF/Diffusion_RL_Abi/datasets/appa-real-dataset_v2/test_data/006359.jpg,False,545.1173095703125,66.25108337402344,True,0.2550760126517702,252.08741760253906,60.96273422241211,0.28891563415527344,0.004360919325096438,6.517271140196639,45.614013671875,0.09090909090909093,0.130114274053668,0.5454545454545454,False,1,['worst_quality_percentile'],False,0.653235974932721,worst_quality_percentile
6362,test,15,female,caucasian,neutral,/home/fox/Desktop/Projects/Amrita RLHF/Diffusion_RL_Abi/datasets/appa-real-dataset_v2/test_data/006362.jpg,False,36.431907653808594,21.790712356567383,True,0.13367433930093778,9.27099609375,18.098360061645508,-0.08310651779174805,-0.003813850259596987,7.1477785786765295,50.9521484375,0.0,0.0,0.0,False,0,"['roi_blur_tenengrad', 'roi_blur_laplacian', 'worst_quality_percentile']",False,0.6532547942111899,roi_blur_tenengrad;roi_blur_laplacian;worst_quality_percentile
6365,test,21,female,caucasian,neutral,/home/fox/Desktop/Projects/Amrita RLHF/Diffusion_RL_Abi/datasets/appa-real-dataset_v2/test_data/006365.jpg,False,23.15538787841797,30.966842651367188,True,0.21977659477659478,17.053865432739258,32.04190444946289,-0.06303095817565918,-0.00203543373310106,8.646213889286551,67.083740234375,0.0,0.0,0.0,False,0,['worst_quality_percentile'],False,0.6897077366053787,worst_quality_percentile
6367,test,37,female,caucasian,neutral,/home/fox/Desktop/Projects/Amrita RLHF/Diffusion_RL_Abi/datasets/appa-real-dataset_v2/test_data/006367.jpg,False,115.06563568115234,54.60630798339844,False,0.0,102.888427734375,42.50397872924805,0.41836977005004883,0.007661564713653193,6.8553693381544765,50.4237060546875,0.0,0.0,0.0,False,0,['worst_quality_percentile'],False,0.7440954513803941,worst_quality_percentile
6370,test,33,male,caucasian,slightlyhappy,/home/fox/Desktop/Projects/Amrita RLHF/Diffusion_RL_Abi/datasets/appa-real-dataset_v2/test_data/006370.jpg,False,383.50225830078125,38.3144416809082,True,0.24180048477503407,148.24008178710938,38.10956573486328,0.21905159950256348,0.005717206989721274,4.230546170632874,30.31298828125,0.46219512195121953,0.1312301166489926,0.6219512195121951,True,2,['worst_quality_percentile'],False,0.6877693509230857,worst_quality_percentile
6371,test,30,male,asian,neutral,/home/fox/Desktop/Projects/Amrita RLHF/Diffusion_RL_Abi/datasets/appa-real-dataset_v2/test_data/006371.jpg,False,78.30673217773438,45.09148406982422,True,0.5338344159892981,133.73004150390625,59.78834533691406,0.16672325134277344,0.003697444231091575,6.39064156242535,48.3353271484375,0.0853872053872054,0.031776802820573866,0.26936026936026936,False,1,['worst_quality_percentile'],False,0.6609518791049551,worst_quality_percentile
6373,test,31,female,caucasian,slightlyhappy,/home/fox/Desktop/Projects/Amrita RLHF/Diffusion_RL_Abi/datasets/appa-real-dataset_v2/test_data/006373.jpg,False,145.01612854003906,49.95417785644531,True,0.17182304326689354,75.85600280761719,52.70370101928711,0.2139434814453125,0.004282794479719659,7.381889267558962,56.71368408203125,0.0,0.0,0.0,False,0,['worst_quality_percentile'],False,0.6969719780943598,worst_quality_percentile
6375,test,19,female,caucasian,happy,/home/fox/Desktop/Projects/Amrita RLHF/Diffusion_RL_Abi/datasets/appa-real-dataset_v2/test_data/006375.jpg,False,57.77411651611328,40.39411926269531,True,0.16868622448979592,6.584959030151367,20.969932556152344,-0.029687881469726562,-0.0007349555152249187,7.815033376806184,56.75634765625,0.0,0.0,0.0,False,0,"['roi_blur_laplacian', 'worst_quality_percentile']",False,0.7111052562244763,roi_blur_laplacian;worst_quality_percentile
6387,test,52,male,caucasian,neutral,/home/fox/Desktop/Projects/Amrita RLHF/Diffusion_RL_Abi/datasets/appa-real-dataset_v2/test_data/006387.jpg,False,283.1467590332031,35.3193244934082,True,0.40422400450260304,208.7572784423828,44.3961296081543,0.4165377616882324,0.011793480081208592,6.051479771298725,46.25146484375,0.0,0.0,0.0,False,0,['worst_quality_percentile'],False,0.6945254718934076,worst_quality_percentile
6389,test,25,male,caucasian,neutral,/home/fox/Desktop/Projects/Amrita RLHF/Diffusion_RL_Abi/datasets/appa-real-dataset_v2/test_data/006389.jpg,False,309.6198425292969,34.603538513183594,True,0.025819672131147543,82.62202453613281,53.636295318603516,0.4549736976623535,0.01314818380035988,3.720534196604548,19.32342529296875,0.08758782201405153,0.03093530444964871,0.3793911007025761,False,1,['worst_quality_percentile'],False,0.6366750098801212,worst_quality_percentile
6391,test,50,female,caucasian,happy,/home/fox/Desktop/Projects/Amrita RLHF/Diffusion_RL_Abi/datasets/appa-real-dataset_v2/test_data/006391.jpg,False,302.0191955566406,68.75828552246094,True,0.1012396694214876,30.997060775756836,48.98915481567383,1.9964327812194824,0.029035522584864262,6.867313530632357,54.416015625,0.0,0.0,0.0,False,0,['worst_quality_percentile'],False,0.8005909253439223,worst_quality_percentile
6395,test,52,male,caucasian,other,/home/fox/Desktop/Projects/Amrita RLHF/Diffusion_RL_Abi/datasets/appa-real-dataset_v2/test_data/006395.jpg,False,1235.920654296875,114.82221984863281,True,0.004090421215215058,2.858593702316284,12.899321556091309,-0.7235469818115234,-0.006301454339272508,3.0102414917225944,26.99896240234375,0.0,0.0,0.0,False,0,"['roi_blur_tenengrad', 'roi_blur_laplacian']",False,0.4444548995991494,roi_blur_tenengrad;roi_blur_laplacian
6398,test,13,male,caucasian,slightlyhappy,/home/fox/Desktop/Projects/Amrita RLHF/Diffusion_RL_Abi/datasets/appa-real-dataset_v2/test_data/006398.jpg,False,297.43878173828125,56.28181076049805,True,0.03469069069069069,7.447566032409668,23.54119873046875,0.531365156173706,0.00944115229330002,4.998180511303848,31.2548828125,0.0,0.0,0.0,False,0,"['roi_blur_laplacian', 'worst_quality_percentile']",False,0.7561586088789356,roi_blur_laplacian;worst_quality_percentile
6404,test,25,female,caucasian,neutral,/home/fox/Desktop/Projects/Amrita RLHF/Diffusion_RL_Abi/datasets/appa-real-dataset_v2/test_data/006404.jpg,False,69.13409423828125,23.144716262817383,True,0.24746837073874617,53.5396842956543,31.533926010131836,0.03713798522949219,0.0016045987863137722,7.941562075854942,56.77392578125,0.1,0.2347651317993249,1.0,False,2,['worst_quality_percentile'],False,0.791952876526714,worst_quality_percentile
6406,test,30,female,caucasian,happy,/home/fox/Desktop/Projects/Amrita RLHF/Diffusion_RL_Abi/datasets/appa-real-dataset_v2/test_data/006406.jpg,False,48.54226303100586,35.40249252319336,True,0.1322314049586777,5.557686805725098,24.426679611206055,0.13415813446044922,0.003789510882123536,8.491390583741078,65.60748291015625,0.0,0.0,0.0,False,0,"['roi_blur_laplacian', 'worst_quality_percentile']",False,0.7979750456367503,roi_blur_laplacian;worst_quality_percentile
6410,test,40,female,caucasian,slightlyhappy,/home/fox/Desktop/Projects/Amrita RLHF/Diffusion_RL_Abi/datasets/appa-real-dataset_v2/test_data/006410.jpg,False,514.9942626953125,60.7269287109375,True,0.28027681660899656,154.30853271484375,46.045433044433594,0.11648988723754883,0.0019182574813520975,5.895555112817119,43.2259521484375,0.09475113122171946,0.08718085215290432,0.7375565610859729,False,1,['worst_quality_percentile'],False,0.6701733255546982,worst_quality_percentile
6413,test,69,female,caucasian,happy,/home/fox/Desktop/Projects/Amrita RLHF/Diffusion_RL_Abi/datasets/appa-real-dataset_v2/test_data/006413.jpg,False,269.944091796875,48.19037628173828,True,0.23429719330013582,109.6469497680664,42.70073318481445,0.020853519439697266,0.00043273202278081555,7.131395305247507,48.3209228515625,0.08606382978723405,0.05520031688546854,0.30319148936170215,False,1,['worst_quality_percentile'],False,0.6867907484427046,worst_quality_percentile
6414,test,44,male,caucasian,neutral,/home/fox/Desktop/Projects/Amrita RLHF/Diffusion_RL_Abi/datasets/appa-real-dataset_v2/test_data/006414.jpg,False,207.186279296875,44.47157287597656,True,0.14341028790307472,94.8364486694336,56.75554656982422,0.1460895538330078,0.0032850097511823175,5.3888280501468335,35.627685546875,0.08670025188916877,0.061660803130919914,0.3350125944584383,False,1,['worst_quality_percentile'],False,0.6368632026648099,worst_quality_percentile
6428,test,33,male,caucasian,slightlyhappy,/home/fox/Desktop/Projects/Amrita RLHF/Diffusion_RL_Abi/datasets/appa-real-dataset_v2/test_data/006428.jpg,False,130.32699584960938,46.385494232177734,True,0.252518875785965,65.50128936767578,54.213016510009766,0.06825804710388184,0.0014715386083995296,7.2389422690842595,55.7767333984375,0.0,0.0,0.0,False,0,['worst_quality_percentile'],False,0.6389897811317914,worst_quality_percentile
6429,test,40,female,caucasian,happy,/home/fox/Desktop/Projects/Amrita RLHF/Diffusion_RL_Abi/datasets/appa-real-dataset_v2/test_data/006429.jpg,False,484.24639892578125,69.25374603271484,True,0.19700305985301267,101.64712524414062,47.7273063659668,0.5259590148925781,0.007594665089300076,7.214578326339818,52.91949462890625,0.0,0.0,0.0,False,0,['worst_quality_percentile'],False,0.7451869695315881,worst_quality_percentile
6431,test,24,female,asian,slightlyhappy,/home/fox/Desktop/Projects/Amrita RLHF/Diffusion_RL_Abi/datasets/appa-real-dataset_v2/test_data/006431.jpg,False,412.06951904296875,32.54265594482422,True,0.044560546875,24.38501739501953,16.614704132080078,0.663083553314209,0.020375827162436713,3.867932124165598,13.03363037109375,0.09065625000000001,0.0863671875,0.5328125,False,2,"['roi_blur_tenengrad', 'worst_quality_percentile']",False,0.7440578128234564,roi_blur_tenengrad;worst_quality_percentile
6436,test,31,male,caucasian,neutral,/home/fox/Desktop/Projects/Amrita RLHF/Diffusion_RL_Abi/datasets/appa-real-dataset_v2/test_data/006436.jpg,False,424.3193054199219,57.276702880859375,True,0.3536843330939859,314.9336853027344,66.6619644165039,0.5479202270507812,0.009566196899013323,6.303355856881231,44.91058349609375,0.1,0.27803760988957676,1.0,False,1,['worst_quality_percentile'],False,0.6775504827144926,worst_quality_percentile
6440,test,40,female,caucasian,happy,/home/fox/Desktop/Projects/Amrita RLHF/Diffusion_RL_Abi/datasets/appa-real-dataset_v2/test_data/006440.jpg,False,795.5577392578125,93.27496337890625,True,0.18150624978117014,113.3650131225586,64.01043701171875,0.5330572128295898,0.005714901274731964,6.861454410198698,53.7186279296875,0.0,0.0,0.0,False,0,['worst_quality_percentile'],False,0.6703238797824491,worst_quality_percentile
6444,test,61,female,caucasian,other,/home/fox/Desktop/Projects/Amrita RLHF/Diffusion_RL_Abi/datasets/appa-real-dataset_v2/test_data/006444.jpg,False,123.72447967529297,35.089195251464844,True,0.2129225035342501,48.960262298583984,31.7657527923584,0.28017687797546387,0.007984704920785056,6.8254369921138345,46.19195556640625,0.0,0.0,0.0,False,0,['worst_quality_percentile'],False,0.7685416941114477,worst_quality_percentile
6451,test,50,male,caucasian,other,/home/fox/Desktop/Projects/Amrita RLHF/Diffusion_RL_Abi/datasets/appa-real-dataset_v2/test_data/006451.jpg,False,111.83921813964844,39.15814971923828,True,0.1050653983353151,19.093046188354492,40.06959533691406,0.10695028305053711,0.0027312393738244834,7.987028713399561,60.426025390625,0.0,0.0,0.0,False,0,['worst_quality_percentile'],False,0.7454880779870899,worst_quality_percentile
6462,test,33,male,caucasian,slightlyhappy,/home/fox/Desktop/Projects/Amrita RLHF/Diffusion_RL_Abi/datasets/appa-real-dataset_v2/test_data/006462.jpg,False,237.4174346923828,65.83132934570312,True,0.48431127838759447,241.39605712890625,74.43879699707031,0.5103397369384766,0.007752231866779933,5.9218632593008795,49.51202392578125,0.09373040752351099,0.08507188412063561,0.6865203761755486,False,1,['worst_quality_percentile'],False,0.6666164819240831,worst_quality_percentile
6467,test,24,male,asian,neutral,/home/fox/Desktop/Projects/Amrita RLHF/Diffusion_RL_Abi/datasets/appa-real-dataset_v2/test_data/006467.jpg,False,144.69805908203125,34.19795227050781,True,0.17437507547397657,73.25679016113281,44.943084716796875,0.009250164031982422,0.00027048882015871193,7.407880173135372,56.2137451171875,0.0,0.0,0.0,False,0,['worst_quality_percentile'],False,0.6499426012006699,worst_quality_percentile
6468,test,25,male,caucasian,neutral,/home/fox/Desktop/Projects/Amrita RLHF/Diffusion_RL_Abi/datasets/appa-real-dataset_v2/test_data/006468.jpg,False,783.1251220703125,76.00137329101562,True,0.2552354600694444,400.6825866699219,75.52415466308594,1.0531964302062988,0.013857597182039388,6.576712377180113,49.2166748046875,0.09239583333333334,0.12532552083333334,0.6197916666666666,False,2,['worst_quality_percentile'],False,0.6765906995125807,worst_quality_percentile
6471,test,32,male,caucasian,other,/home/fox/Desktop/Projects/Amrita RLHF/Diffusion_RL_Abi/datasets/appa-real-dataset_v2/test_data/006471.jpg,False,55.73338317871094,24.47737693786621,True,0.28528935185185184,150.82962036132812,51.91978454589844,0.26785755157470703,0.010943065562604016,4.739705781245678,40.76739501953125,0.5,0.5200925925925926,1.0,True,1,"['black_bars_area', 'worst_quality_percentile']",False,0.7091198223460112,black_bars_area;worst_quality_percentile
6472,test,41,female,caucasian,neutral,/home/fox/Desktop/Projects/Amrita RLHF/Diffusion_RL_Abi/datasets/appa-real-dataset_v2/test_data/006472.jpg,False,107.69034576416016,29.845638275146484,True,0.06027648150935822,5.0748372077941895,9.877720832824707,-0.15520334243774414,-0.005200201644432104,6.9008560713494225,46.18048095703125,0.0,0.0,0.0,False,0,"['roi_blur_tenengrad', 'roi_blur_laplacian']",False,0.623463876394979,roi_blur_tenengrad;roi_blur_laplacian
6474,test,19,female,asian,happy,/home/fox/Desktop/Projects/Amrita RLHF/Diffusion_RL_Abi/datasets/appa-real-dataset_v2/test_data/006474.jpg,False,164.6798858642578,34.671966552734375,True,0.19299007651441746,128.55348205566406,44.706268310546875,0.044385671615600586,0.0012801601624739681,7.213836108791095,53.2138671875,0.0,0.0,0.0,False,0,['worst_quality_percentile'],False,0.6401942149537988,worst_quality_percentile
6476,test,25,male,caucasian,happy,/home/fox/Desktop/Projects/Amrita RLHF/Diffusion_RL_Abi/datasets/appa-real-dataset_v2/test_data/006476.jpg,False,216.94613647460938,58.27232360839844,True,0.2417813864045664,82.51809692382812,50.59055709838867,0.12685585021972656,0.0021769485098153026,7.160874675088802,55.37054443359375,0.0,0.0,0.0,False,0,['worst_quality_percentile'],False,0.6628338069518415,worst_quality_percentile
6479,test,16,male,caucasian,neutral,/home/fox/Desktop/Projects/Amrita RLHF/Diffusion_RL_Abi/datasets/appa-real-dataset_v2/test_data/006479.jpg,False,166.76902770996094,50.30682373046875,True,0.15416462794986638,41.17327117919922,43.44655227661133,0.2110152244567871,0.004194564566286052,7.484171205181984,58.76171875,0.0,0.0,0.0,False,0,['worst_quality_percentile'],False,0.7487249938837345,worst_quality_percentile
6483,test,32,male,afroamerican,neutral,/home/fox/Desktop/Projects/Amrita RLHF/Diffusion_RL_Abi/datasets/appa-real-dataset_v2/test_data/006483.jpg,False,68.60952758789062,50.635108947753906,True,0.06728971962616823,12.910534858703613,32.98820495605469,0.32898545265197754,0.006497180572757319,7.1199428615654226,51.6085205078125,0.0,0.0,0.0,False,0,"['roi_blur_laplacian', 'worst_quality_percentile']",False,0.7984643468769407,roi_blur_laplacian;worst_quality_percentile
6485,test,50,male,caucasian,neutral,/home/fox/Desktop/Projects/Amrita RLHF/Diffusion_RL_Abi/datasets/appa-real-dataset_v2/test_data/006485.jpg,False,128.37014770507812,23.924636840820312,True,0.1460505497180413,6.935898303985596,20.246498107910156,-0.055251359939575195,-0.0023093916951714565,7.72880093799627,56.4732666015625,0.09974522292993632,0.3811107955698,0.9872611464968153,False,1,"['roi_blur_laplacian', 'worst_quality_percentile']",False,0.7611457176731845,roi_blur_laplacian;worst_quality_percentile
6504,test,42,male,caucasian,neutral,/home/fox/Desktop/Projects/Amrita RLHF/Diffusion_RL_Abi/datasets/appa-real-dataset_v2/test_data/006504.jpg,False,175.6769256591797,58.26323318481445,True,0.05311017027077811,24.541494369506836,42.645870208740234,0.1627969741821289,0.0027941630165213144,6.620190910239403,48.70123291015625,0.0,0.0,0.0,False,0,['worst_quality_percentile'],False,0.7024295688503303,worst_quality_percentile
6514,test,30,male,caucasian,neutral,/home/fox/Desktop/Projects/Amrita RLHF/Diffusion_RL_Abi/datasets/appa-real-dataset_v2/test_data/006514.jpg,False,85.60961151123047,36.968814849853516,True,0.13523413111342353,23.13898468017578,37.54134750366211,0.02555704116821289,0.0006913134916739336,7.853318366286773,62.87335205078125,0.0,0.0,0.0,False,0,['worst_quality_percentile'],False,0.7148314733613113,worst_quality_percentile
6517,test,22,female,caucasian,neutral,/home/fox/Desktop/Projects/Amrita RLHF/Diffusion_RL_Abi/datasets/appa-real-dataset_v2/test_data/006517.jpg,False,272.2595520019531,31.87810516357422,True,0.10629757785467128,17.024375915527344,15.718884468078613,0.031083345413208008,0.0009750687589065642,4.306690590938383,27.0599365234375,0.47222222222222227,0.0849122132513136,0.7222222222222222,True,2,"['roi_blur_tenengrad', 'worst_quality_percentile']",False,0.6819730131546756,roi_blur_tenengrad;worst_quality_percentile
6519,test,28,female,caucasian,neutral,/home/fox/Desktop/Projects/Amrita RLHF/Diffusion_RL_Abi/datasets/appa-real-dataset_v2/test_data/006519.jpg,False,76.70999145507812,68.70625305175781,True,0.15332413993322688,27.119062423706055,54.74250030517578,0.40877246856689453,0.005949567098490888,8.46576950370957,66.472412109375,0.09590361445783134,0.18529539846131515,0.7951807228915663,False,1,['worst_quality_percentile'],False,0.830833505843386,worst_quality_percentile
6521,test,50,female,caucasian,neutral,/home/fox/Desktop/Projects/Amrita RLHF/Diffusion_RL_Abi/datasets/appa-real-dataset_v2/test_data/006521.jpg,False,325.0077209472656,55.96550369262695,True,0.20797608984422172,68.7134780883789,45.19987487792969,0.21015596389770508,0.0037550981636263452,6.947867967716688,49.658447265625,0.0,0.0,0.0,False,0,['worst_quality_percentile'],False,0.6991361951182792,worst_quality_percentile
6527,test,34,male,caucasian,neutral,/home/fox/Desktop/Projects/Amrita RLHF/Diffusion_RL_Abi/datasets/appa-real-dataset_v2/test_data/006527.jpg,False,1641.4852294921875,89.82189178466797,True,0.1306122448979592,1851.3070068359375,89.94611358642578,0.1886892318725586,0.002100704249518628,4.300973383605876,28.86181640625,0.5,0.3004873469387755,1.0,True,1,['black_bars_area'],False,0.4570544065340535,black_bars_area
6531,test,80,female,caucasian,slightlyhappy,/home/fox/Desktop/Projects/Amrita RLHF/Diffusion_RL_Abi/datasets/appa-real-dataset_v2/test_data/006531.jpg,False,263.3205871582031,55.728511810302734,True,0.1522903033908388,36.96562576293945,39.743289947509766,-0.14266681671142578,-0.0025600327286151884,7.137611281182856,54.37542724609375,0.08731707317073172,0.056030636525877454,0.36585365853658536,False,1,['worst_quality_percentile'],False,0.6787078683403278,worst_quality_percentile
6538,test,6,male,caucasian,slightlyhappy,/home/fox/Desktop/Projects/Amrita RLHF/Diffusion_RL_Abi/datasets/appa-real-dataset_v2/test_data/006538.jpg,False,269.5220642089844,65.5248794555664,True,0.10964431384588395,14.373459815979004,41.856300354003906,0.01945972442626953,0.0002969822194405302,7.610218650737195,55.34796142578125,0.0,0.0,0.0,False,0,"['roi_blur_laplacian', 'worst_quality_percentile']",False,0.6895948209345654,roi_blur_laplacian;worst_quality_percentile
6539,test,16,female,caucasian,slightlyhappy,/home/fox/Desktop/Projects/Amrita RLHF/Diffusion_RL_Abi/datasets/appa-real-dataset_v2/test_data/006539.jpg,False,1040.3616943359375,110.71728515625,True,0.09660336011687363,59.017520904541016,68.31127166748047,0.41531944274902344,0.0037511707265196425,7.294934237479083,53.631591796875,0.0,0.0,0.0,False,0,['worst_quality_percentile'],False,0.667444530176713,worst_quality_percentile
6540,test,80,male,caucasian,neutral,/home/fox/Desktop/Projects/Amrita RLHF/Diffusion_RL_Abi/datasets/appa-real-dataset_v2/test_data/006540.jpg,False,377.0672607421875,69.92074584960938,True,0.1671215537360073,34.374568939208984,40.608646392822266,0.2632412910461426,0.003764852392271225,7.106225621332248,56.55316162109375,0.0,0.0,0.0,False,0,['worst_quality_percentile'],False,0.7535615484502325,worst_quality_percentile
6546,test,26,male,caucasian,neutral,/home/fox/Desktop/Projects/Amrita RLHF/Diffusion_RL_Abi/datasets/appa-real-dataset_v2/test_data/006546.jpg,False,105.69439697265625,60.31242752075195,True,0.31867845993756505,74.94677734375,50.20587921142578,-0.06665945053100586,-0.0011052357228173969,7.485807464282898,53.92041015625,0.08750000000000001,0.03432297086368366,0.375,False,1,['worst_quality_percentile'],False,0.6585712403786438,worst_quality_percentile
6550,test,20,female,caucasian,happy,/home/fox/Desktop/Projects/Amrita RLHF/Diffusion_RL_Abi/datasets/appa-real-dataset_v2/test_data/006550.jpg,False,769.7538452148438,107.53335571289062,True,0.1701388888888889,96.76892852783203,47.394893646240234,0.36830997467041016,0.0034250765151299213,7.834229419767459,47.87481689453125,0.0,0.0,0.0,False,0,['worst_quality_percentile'],False,0.7089974970359636,worst_quality_percentile
6558,test,8,female,caucasian,slightlyhappy,/home/fox/Desktop/Projects/Amrita RLHF/Diffusion_RL_Abi/datasets/appa-real-dataset_v2/test_data/006558.jpg,False,1539.6551513671875,87.7615966796875,True,0.020906906906906907,11.810155868530273,19.581754684448242,0.7588567733764648,0.008646797613531857,3.723735351298337,25.0220947265625,0.0,0.0,0.0,False,0,"['roi_blur_tenengrad', 'roi_blur_laplacian', 'worst_quality_percentile']",False,0.6985716167642132,roi_blur_tenengrad;roi_blur_laplacian;worst_quality_percentile
6560,test,18,male,asian,neutral,/home/fox/Desktop/Projects/Amrita RLHF/Diffusion_RL_Abi/datasets/appa-real-dataset_v2/test_data/006560.jpg,False,407.1905822753906,71.49833679199219,True,0.15619061278640325,61.71174621582031,53.08571243286133,0.15667390823364258,0.0021912944142764403,7.198845878323583,54.241455078125,0.0,0.0,0.0,False,0,['worst_quality_percentile'],False,0.6648851083049475,worst_quality_percentile
6562,test,50,male,caucasian,happy,/home/fox/Desktop/Projects/Amrita RLHF/Diffusion_RL_Abi/datasets/appa-real-dataset_v2/test_data/006562.jpg,False,548.543212890625,55.22492980957031,True,0.2321941528631641,154.03240966796875,50.59754943847656,0.43239450454711914,0.0078296975334949,6.840400062034556,51.37384033203125,0.0,0.0,0.0,False,0,['worst_quality_percentile'],False,0.7019779061670777,worst_quality_percentile
6564,test,14,male,caucasian,happy,/home/fox/Desktop/Projects/Amrita RLHF/Diffusion_RL_Abi/datasets/appa-real-dataset_v2/test_data/006564.jpg,False,668.6890258789062,82.08613586425781,True,0.13647612479208082,129.5067138671875,76.2548828125,0.7591338157653809,0.009248014887346041,6.74465984446536,52.3773193359375,0.0,0.0,0.0,False,0,['worst_quality_percentile'],False,0.6627961683949037,worst_quality_percentile
6569,test,50,male,caucasian,neutral,/home/fox/Desktop/Projects/Amrita RLHF/Diffusion_RL_Abi/datasets/appa-real-dataset_v2/test_data/006569.jpg,False,55.571990966796875,39.287925720214844,True,0.1322314049586777,10.738883018493652,31.960987091064453,0.3239316940307617,0.008245069696286338,7.892771760611265,65.5517578125,0.0,0.0,0.0,False,0,"['roi_blur_laplacian', 'worst_quality_percentile']",False,0.8385117714586823,roi_blur_laplacian;worst_quality_percentile
6573,test,40,male,caucasian,neutral,/home/fox/Desktop/Projects/Amrita RLHF/Diffusion_RL_Abi/datasets/appa-real-dataset_v2/test_data/006573.jpg,False,1339.8143310546875,98.77669525146484,True,0.2006293402777778,141.2024688720703,46.1192626953125,1.263763427734375,0.012794145539319287,6.431931875773234,42.84716796875,0.0,0.0,0.0,False,0,['worst_quality_percentile'],False,0.727967329732578,worst_quality_percentile
6577,test,30,female,caucasian,happy,/home/fox/Desktop/Projects/Amrita RLHF/Diffusion_RL_Abi/datasets/appa-real-dataset_v2/test_data/006577.jpg,False,864.4798583984375,81.55722045898438,True,0.1322314049586777,98.61177825927734,63.80020523071289,0.618525505065918,0.0075839452840724625,7.5492371398340286,58.73590087890625,0.0,0.0,0.0,False,0,['worst_quality_percentile'],False,0.7104842200350038,worst_quality_percentile
6579,test,30,female,caucasian,happy,/home/fox/Desktop/Projects/Amrita RLHF/Diffusion_RL_Abi/datasets/appa-real-dataset_v2/test_data/006579.jpg,False,175.91165161132812,48.62776565551758,True,0.20395421436004163,61.55069351196289,46.45030212402344,0.4577357769012451,0.009413053660141883,7.668119756470748,53.09649658203125,0.0,0.0,0.0,False,0,['worst_quality_percentile'],False,0.7748649716769859,worst_quality_percentile
6580,test,85,female,asian,happy,/home/fox/Desktop/Projects/Amrita RLHF/Diffusion_RL_Abi/datasets/appa-real-dataset_v2/test_data/006580.jpg,False,312.7383117675781,50.296630859375,True,0.38989177632303995,390.0013427734375,60.41194152832031,0.2297353744506836,0.004567609518923726,6.657806081236798,51.5303955078125,0.0915492957746479,0.0371178558046243,0.5774647887323944,False,1,['worst_quality_percentile'],False,0.6426030825978132,worst_quality_percentile
6583,test,30,male,caucasian,other,/home/fox/Desktop/Projects/Amrita RLHF/Diffusion_RL_Abi/datasets/appa-real-dataset_v2/test_data/006583.jpg,False,674.0674438476562,64.94367218017578,True,0.2369474538786708,150.6575469970703,48.218746185302734,0.26926422119140625,0.004146119367846287,6.398894773283874,47.7291259765625,0.0,0.0,0.0,False,0,['worst_quality_percentile'],False,0.6570751077403693,worst_quality_percentile
6594,test,30,female,caucasian,neutral,/home/fox/Desktop/Projects/Amrita RLHF/Diffusion_RL_Abi/datasets/appa-real-dataset_v2/test_data/006594.jpg,False,1126.5858154296875,64.21383666992188,True,0.3144379421783562,636.6515502929688,58.54020690917969,0.4263596534729004,0.006639684979809417,5.831629582783898,46.544189453125,0.1,0.31904533146999736,1.0,False,3,['worst_quality_percentile'],False,0.6434687694073808,worst_quality_percentile
6596,test,66,female,caucasian,neutral,/home/fox/Desktop/Projects/Amrita RLHF/Diffusion_RL_Abi/datasets/appa-real-dataset_v2/test_data/006596.jpg,False,105.12349700927734,22.632648468017578,True,0.0546007419570638,35.30409622192383,37.01692199707031,0.04936695098876953,0.002181227215953239,6.879820354651742,40.1890869140625,0.0,0.0,0.0,False,0,['worst_quality_percentile'],False,0.6755368199183244,worst_quality_percentile
6597,test,40,female,caucasian,happy,/home/fox/Desktop/Projects/Amrita RLHF/Diffusion_RL_Abi/datasets/appa-real-dataset_v2/test_data/006597.jpg,False,159.66001892089844,28.517541885375977,True,0.17921556886227544,257.3404541015625,52.580623626708984,-0.003607511520385742,-0.000126501484888998,4.876147878106152,15.1849365234375,0.49161676646706587,0.256125748502994,0.9161676646706587,True,1,['black_bars_area'],False,0.5023430001693735,black_bars_area
6600,test,31,male,caucasian,neutral,/home/fox/Desktop/Projects/Amrita RLHF/Diffusion_RL_Abi/datasets/appa-real-dataset_v2/test_data/006600.jpg,False,408.3270263671875,29.95246696472168,True,0.314928,394.45269775390625,44.935848236083984,-0.007474660873413086,-0.0002495507509503663,5.639414450207085,8.898193359375,0.5,0.5151093333333333,1.0,True,1,['black_bars_area'],False,0.5088638801588347,black_bars_area
6603,test,35,male,caucasian,happy,/home/fox/Desktop/Projects/Amrita RLHF/Diffusion_RL_Abi/datasets/appa-real-dataset_v2/test_data/006603.jpg,False,448.5511779785156,78.4283218383789,True,0.12995214146658016,30.243608474731445,45.4189453125,-0.19219636917114258,-0.002450598995559437,7.754613864352101,57.912109375,0.09078260869565219,0.05369484101232966,0.5391304347826087,False,2,['worst_quality_percentile'],False,0.6774752056006174,worst_quality_percentile
6608,test,30,female,caucasian,happy,/home/fox/Desktop/Projects/Amrita RLHF/Diffusion_RL_Abi/datasets/appa-real-dataset_v2/test_data/006608.jpg,False,79.37321472167969,30.14741325378418,True,0.20616508400292183,59.05972671508789,49.8189697265625,0.11673474311828613,0.0038721311929308592,7.861630118246303,64.74981689453125,0.5,0.42468955441928413,1.0,True,1,"['black_bars_area', 'worst_quality_percentile']",False,0.7914165270903514,black_bars_area;worst_quality_percentile
6610,test,3,male,caucasian,neutral,/home/fox/Desktop/Projects/Amrita RLHF/Diffusion_RL_Abi/datasets/appa-real-dataset_v2/test_data/006610.jpg,False,374.76470947265625,51.736385345458984,True,0.31228373702422146,246.56507873535156,53.97154235839844,0.8212714195251465,0.015874155068374453,6.875747605042584,53.75323486328125,0.0,0.0,0.0,False,0,['worst_quality_percentile'],False,0.7018273519393267,worst_quality_percentile
6623,test,25,female,caucasian,neutral,/home/fox/Desktop/Projects/Amrita RLHF/Diffusion_RL_Abi/datasets/appa-real-dataset_v2/test_data/006623.jpg,False,30.27594566345215,28.820741653442383,True,0.2710724914965986,35.851898193359375,37.821014404296875,0.0964651107788086,0.0033470723478142813,7.775376299362988,57.7291259765625,0.0,0.0,0.0,False,0,['worst_quality_percentile'],False,0.7418371379641305,worst_quality_percentile
6637,test,27,female,asian,slightlyhappy,/home/fox/Desktop/Projects/Amrita RLHF/Diffusion_RL_Abi/datasets/appa-real-dataset_v2/test_data/006637.jpg,False,693.814697265625,54.33441162109375,True,0.29705082994541904,963.1543579101562,82.11540222167969,0.7427983283996582,0.013670863317868803,6.204004365998374,46.14080810546875,0.09592417061611375,0.12434581433480829,0.7962085308056872,False,3,['worst_quality_percentile'],False,0.6282063345691327,worst_quality_percentile
6641,test,25,female,caucasian,happy,/home/fox/Desktop/Projects/Amrita RLHF/Diffusion_RL_Abi/datasets/appa-real-dataset_v2/test_data/006641.jpg,False,100.99993133544922,40.19087219238281,True,0.2089795918367347,69.9834213256836,48.019309997558594,-0.025446653366088867,-0.0006331450736161575,7.633441120348197,58.6005859375,0.1,0.33639183673469386,1.0,False,1,['worst_quality_percentile'],False,0.7042644485010445,worst_quality_percentile
6642,test,9,female,caucasian,happy,/home/fox/Desktop/Projects/Amrita RLHF/Diffusion_RL_Abi/datasets/appa-real-dataset_v2/test_data/006642.jpg,False,154.87210083007812,35.42632293701172,True,0.26298487836949375,18.95050048828125,42.473751068115234,-0.17103099822998047,-0.004827794115304623,8.294184497672367,70.03472900390625,0.0,0.0,0.0,False,0,['worst_quality_percentile'],False,0.628432165910759,worst_quality_percentile
6650,test,30,male,caucasian,neutral,/home/fox/Desktop/Projects/Amrita RLHF/Diffusion_RL_Abi/datasets/appa-real-dataset_v2/test_data/006650.jpg,False,430.33575439453125,52.8572998046875,True,0.15095947097245324,154.0621337890625,61.240867614746094,0.5864343643188477,0.011094671036755653,7.335562412157313,58.25555419921875,0.0,0.0,0.0,False,0,['worst_quality_percentile'],False,0.7055723883546304,worst_quality_percentile
6651,test,23,male,afroamerican,happy,/home/fox/Desktop/Projects/Amrita RLHF/Diffusion_RL_Abi/datasets/appa-real-dataset_v2/test_data/006651.jpg,False,213.84461975097656,73.01795196533203,True,0.2686603985636359,174.75625610351562,89.20894622802734,0.42100000381469727,0.005765705374054824,7.488922775211265,55.24822998046875,0.0,0.0,0.0,False,0,['worst_quality_percentile'],False,0.6340779494514182,worst_quality_percentile
6653,test,25,male,caucasian,happy,/home/fox/Desktop/Projects/Amrita RLHF/Diffusion_RL_Abi/datasets/appa-real-dataset_v2/test_data/006653.jpg,False,109.53050231933594,37.55575180053711,True,0.3074728779677006,116.16134643554688,54.28782653808594,0.1811680793762207,0.004823976777630449,7.249066896414368,48.93646240234375,0.0,0.0,0.0,False,0,['worst_quality_percentile'],False,0.6585241921824717,worst_quality_percentile
6658,test,32,male,caucasian,neutral,/home/fox/Desktop/Projects/Amrita RLHF/Diffusion_RL_Abi/datasets/appa-real-dataset_v2/test_data/006658.jpg,False,213.94520568847656,42.97889709472656,False,0.0,420.3388366699219,67.6039810180664,0.26715564727783203,0.006215972468373069,6.658065234351385,51.12115478515625,0.09072100313479625,0.1416848871209926,0.5360501567398119,False,1,['worst_quality_percentile'],False,0.634096768729887,worst_quality_percentile
6661,test,4,female,caucasian,slightlyhappy,/home/fox/Desktop/Projects/Amrita RLHF/Diffusion_RL_Abi/datasets/appa-real-dataset_v2/test_data/006661.jpg,False,349.60125732421875,60.746116638183594,True,0.2778276590065277,196.56378173828125,60.9438362121582,0.600428581237793,0.00988422971841706,6.743882083897679,47.38348388671875,0.0,0.0,0.0,False,0,['worst_quality_percentile'],False,0.6599168187891676,worst_quality_percentile
6663,test,52,female,caucasian,neutral,/home/fox/Desktop/Projects/Amrita RLHF/Diffusion_RL_Abi/datasets/appa-real-dataset_v2/test_data/006663.jpg,False,252.6262664794922,55.66634750366211,True,0.060071428571428574,9.273268699645996,25.43799591064453,-0.0420079231262207,-0.0007546376627067094,6.449035889942388,50.7457275390625,0.0,0.0,0.0,False,0,"['roi_blur_laplacian', 'worst_quality_percentile']",False,0.6667105783164274,roi_blur_laplacian;worst_quality_percentile
6664,test,40,male,caucasian,neutral,/home/fox/Desktop/Projects/Amrita RLHF/Diffusion_RL_Abi/datasets/appa-real-dataset_v2/test_data/006664.jpg,False,40.075870513916016,43.137821197509766,True,0.17103090687996347,44.720882415771484,40.25173568725586,0.297008752822876,0.006885112360633299,9.7562053011151,49.09405517578125,0.0,0.0,0.0,False,0,['worst_quality_percentile'],False,0.7771609236501872,worst_quality_percentile
6666,test,36,male,caucasian,neutral,/home/fox/Desktop/Projects/Amrita RLHF/Diffusion_RL_Abi/datasets/appa-real-dataset_v2/test_data/006666.jpg,False,306.2719421386719,46.7005729675293,True,0.07135735735735736,28.964698791503906,27.981151580810547,0.24712467193603516,0.005291683826152969,5.558337829212628,29.4951171875,0.0,0.0,0.0,False,0,['worst_quality_percentile'],False,0.7088093042512751,worst_quality_percentile
6673,test,26,female,caucasian,neutral,/home/fox/Desktop/Projects/Amrita RLHF/Diffusion_RL_Abi/datasets/appa-real-dataset_v2/test_data/006673.jpg,False,23.522953033447266,48.074127197265625,True,0.19382144693643447,8.892241477966309,35.617767333984375,-0.0790410041809082,-0.0016441484670626626,9.347078401317164,72.600830078125,0.0,0.0,0.0,False,0,"['roi_blur_laplacian', 'worst_quality_percentile']",False,0.6901782185671,roi_blur_laplacian;worst_quality_percentile
6677,test,8,female,caucasian,other,/home/fox/Desktop/Projects/Amrita RLHF/Diffusion_RL_Abi/datasets/appa-real-dataset_v2/test_data/006677.jpg,False,408.4858703613281,76.0320816040039,True,0.07779166088203988,13.728706359863281,38.93498992919922,-0.439028263092041,-0.005774250133047407,6.979237130604817,54.915283203125,0.0,0.0,0.0,False,0,['roi_blur_laplacian'],False,0.5865969098744754,roi_blur_laplacian
6678,test,40,male,caucasian,slightlyhappy,/home/fox/Desktop/Projects/Amrita RLHF/Diffusion_RL_Abi/datasets/appa-real-dataset_v2/test_data/006678.jpg,False,484.5625,52.68364715576172,True,0.22853063652587746,231.9696044921875,51.944881439208984,0.7287192344665527,0.013831981268876059,6.7486600219315545,40.8052978515625,0.08731707317073172,0.03405116002379536,0.36585365853658536,False,1,['worst_quality_percentile'],False,0.7412443306923614,worst_quality_percentile
6685,test,20,female,caucasian,happy,/home/fox/Desktop/Projects/Amrita RLHF/Diffusion_RL_Abi/datasets/appa-real-dataset_v2/test_data/006685.jpg,False,369.6069030761719,23.712913513183594,True,0.01699712643678161,37.51581954956055,44.30427551269531,0.7076985836029053,0.02984443701382419,9.181485234050578,64.581787109375,0.0,0.0,0.0,False,0,['worst_quality_percentile'],False,0.840224325799349,worst_quality_percentile
6688,test,50,female,caucasian,slightlyhappy,/home/fox/Desktop/Projects/Amrita RLHF/Diffusion_RL_Abi/datasets/appa-real-dataset_v2/test_data/006688.jpg,False,321.5506286621094,76.956787109375,True,0.10222592438335878,30.766746520996094,51.73991394042969,0.007129192352294922,9.263890200514271e-05,7.440306953322009,57.0833740234375,0.0,0.0,0.0,False,0,['worst_quality_percentile'],False,0.6430735645595348,worst_quality_percentile
6693,test,45,male,caucasian,neutral,/home/fox/Desktop/Projects/Amrita RLHF/Diffusion_RL_Abi/datasets/appa-real-dataset_v2/test_data/006693.jpg,False,748.3787841796875,54.08799743652344,True,0.1315037744397178,772.6196899414062,86.68875122070312,0.019205570220947266,0.00035508006907459383,4.1923257536940906,27.2667236328125,0.5,0.3960352202590036,1.0,True,1,['black_bars_area'],False,0.4098932946910815,black_bars_area
6696,test,35,female,caucasian,neutral,/home/fox/Desktop/Projects/Amrita RLHF/Diffusion_RL_Abi/datasets/appa-real-dataset_v2/test_data/006696.jpg,False,1494.3802490234375,123.08944702148438,True,0.002990283599855095,2.411952257156372,14.555950164794922,0.4291515350341797,0.003486501417727329,4.388958039975487,20.8719482421875,0.0,0.0,0.0,False,0,"['roi_blur_tenengrad', 'roi_blur_laplacian', 'worst_quality_percentile']",False,0.6762143139432034,roi_blur_tenengrad;roi_blur_laplacian;worst_quality_percentile
6719,test,26,male,caucasian,slightlyhappy,/home/fox/Desktop/Projects/Amrita RLHF/Diffusion_RL_Abi/datasets/appa-real-dataset_v2/test_data/006719.jpg,False,192.59645080566406,48.8472785949707,True,0.25,57.580291748046875,35.97626495361328,0.7836809158325195,0.01604349151745202,6.863993838723173,53.516357421875,0.0,0.0,0.0,False,0,['worst_quality_percentile'],False,0.8159662758529836,worst_quality_percentile
6720,test,28,male,caucasian,neutral,/home/fox/Desktop/Projects/Amrita RLHF/Diffusion_RL_Abi/datasets/appa-real-dataset_v2/test_data/006720.jpg,False,2659.83642578125,122.05976104736328,True,0.01598382045929019,31.229928970336914,31.841772079467773,0.6225571632385254,0.005100429107808291,3.0667717599500555,60.65240478515625,0.0,0.0,0.0,False,0,['worst_quality_percentile'],False,0.703709279786213,worst_quality_percentile
6722,test,58,female,caucasian,other,/home/fox/Desktop/Projects/Amrita RLHF/Diffusion_RL_Abi/datasets/appa-real-dataset_v2/test_data/006722.jpg,False,467.7635192871094,75.9921875,True,0.22931957944852213,107.8232421875,51.100887298583984,0.7598004341125488,0.009998401797739366,6.5370914396720226,49.4161376953125,0.09023474178403756,0.04791818201855893,0.5117370892018779,False,1,['worst_quality_percentile'],False,0.7883583943391611,worst_quality_percentile
6723,test,16,male,asian,neutral,/home/fox/Desktop/Projects/Amrita RLHF/Diffusion_RL_Abi/datasets/appa-real-dataset_v2/test_data/006723.jpg,False,220.45663452148438,30.322397232055664,True,0.0619921875,54.820430755615234,15.63795280456543,0.15385150909423828,0.005073856886807602,3.785395924078645,8.617431640625,0.0,0.0,0.0,False,0,['roi_blur_tenengrad'],False,0.5736680655663662,roi_blur_tenengrad
6726,test,12,female,caucasian,slightlyhappy,/home/fox/Desktop/Projects/Amrita RLHF/Diffusion_RL_Abi/datasets/appa-real-dataset_v2/test_data/006726.jpg,False,87.62279510498047,36.623634338378906,True,0.1522903033908388,13.6011323928833,31.2956485748291,-0.2795531749725342,-0.007633135607365084,7.688743082962987,60.2198486328125,0.0,0.0,0.0,False,0,['roi_blur_laplacian'],False,0.6253834427988031,roi_blur_laplacian
6729,test,52,female,caucasian,happy,/home/fox/Desktop/Projects/Amrita RLHF/Diffusion_RL_Abi/datasets/appa-real-dataset_v2/test_data/006729.jpg,False,394.4441223144531,56.97170639038086,True,0.013417786145058872,5.796560287475586,21.902416229248047,0.04190874099731445,0.0007356061967767242,3.481341441037699,19.70587158203125,0.0,0.0,0.0,False,0,['roi_blur_laplacian'],False,0.5524963772888948,roi_blur_laplacian
6730,test,61,female,caucasian,neutral,/home/fox/Desktop/Projects/Amrita RLHF/Diffusion_RL_Abi/datasets/appa-real-dataset_v2/test_data/006730.jpg,False,61.81917190551758,27.70507049560547,True,0.28752628811777076,40.320770263671875,26.99773406982422,0.13431215286254883,0.004847926592929139,8.175216041475613,51.80279541015625,0.0,0.0,0.0,False,0,['worst_quality_percentile'],False,0.7696332122626418,worst_quality_percentile
6732,test,30,male,caucasian,happy,/home/fox/Desktop/Projects/Amrita RLHF/Diffusion_RL_Abi/datasets/appa-real-dataset_v2/test_data/006732.jpg,False,40.28294372558594,41.112770080566406,True,0.2764374535019662,28.758773803710938,40.142784118652344,-0.1404130458831787,-0.0034153145651023885,8.751974049948888,65.20257568359375,0.0,0.0,0.0,False,0,['worst_quality_percentile'],False,0.6425654440408755,worst_quality_percentile
6734,test,4,female,caucasian,slightlyhappy,/home/fox/Desktop/Projects/Amrita RLHF/Diffusion_RL_Abi/datasets/appa-real-dataset_v2/test_data/006734.jpg,False,301.469482421875,65.15718078613281,True,0.12484444444444444,74.73649597167969,67.66280364990234,0.10962963104248047,0.001682541019074778,7.454361724596122,59.437255859375,0.08866666666666667,0.12035555555555555,0.43333333333333335,False,1,['worst_quality_percentile'],False,0.6778704104484633,worst_quality_percentile
6737,test,42,male,caucasian,neutral,/home/fox/Desktop/Projects/Amrita RLHF/Diffusion_RL_Abi/datasets/appa-real-dataset_v2/test_data/006737.jpg,False,62.79319381713867,21.419544219970703,True,0.23925335147113674,148.35691833496094,46.502079010009766,-0.014215946197509766,-0.0006636903842503342,5.41894383911591,28.65435791015625,0.5,0.26427145270640895,1.0,True,1,['black_bars_area'],False,0.596222970811299,black_bars_area
6739,test,49,male,caucasian,neutral,/home/fox/Desktop/Projects/Amrita RLHF/Diffusion_RL_Abi/datasets/appa-real-dataset_v2/test_data/006739.jpg,False,96.30673217773438,48.173824310302734,True,0.28410911356354573,30.393190383911133,38.47433090209961,0.28823399543762207,0.005983207552670282,7.5261574999397185,65.766845703125,0.0,0.0,0.0,False,0,['worst_quality_percentile'],False,0.7974292865611533,worst_quality_percentile
6740,test,18,female,asian,happy,/home/fox/Desktop/Projects/Amrita RLHF/Diffusion_RL_Abi/datasets/appa-real-dataset_v2/test_data/006740.jpg,False,342.9058837890625,60.7697639465332,True,0.16095951808956938,118.47404479980469,61.45033264160156,0.21916437149047852,0.0036064706138538623,7.050554965763602,52.9906005859375,0.0,0.0,0.0,False,0,['worst_quality_percentile'],False,0.6345296121346707,worst_quality_percentile
6742,test,32,female,caucasian,happy,/home/fox/Desktop/Projects/Amrita RLHF/Diffusion_RL_Abi/datasets/appa-real-dataset_v2/test_data/006742.jpg,False,322.4578857421875,83.44629669189453,True,0.014406,31.009960174560547,22.750654220581055,0.5750236511230469,0.0068909426424906715,5.996512459206913,46.31341552734375,0.0,0.0,0.0,False,0,['worst_quality_percentile'],False,0.7857048760750514,worst_quality_percentile
6746,test,90,female,caucasian,happy,/home/fox/Desktop/Projects/Amrita RLHF/Diffusion_RL_Abi/datasets/appa-real-dataset_v2/test_data/006746.jpg,False,154.748291015625,44.45119094848633,True,0.1471856334796883,16.74090003967285,27.884366989135742,0.07468485832214355,0.0016801542331799442,7.479923747405012,56.0516357421875,0.0,0.0,0.0,False,0,['worst_quality_percentile'],False,0.7426087283813538,worst_quality_percentile
6748,test,34,male,caucasian,slightlyhappy,/home/fox/Desktop/Projects/Amrita RLHF/Diffusion_RL_Abi/datasets/appa-real-dataset_v2/test_data/006748.jpg,False,1248.5692138671875,86.29176330566406,True,0.06494711449248469,41.59690475463867,52.152591705322266,1.437795639038086,0.01666202621544628,6.251758042254651,39.9945068359375,0.0,0.0,0.0,False,0,['worst_quality_percentile'],False,0.7379603665995446,worst_quality_percentile
6752,test,26,female,asian,neutral,/home/fox/Desktop/Projects/Amrita RLHF/Diffusion_RL_Abi/datasets/appa-real-dataset_v2/test_data/006752.jpg,False,585.6312866210938,58.580787658691406,True,0.2524449732302201,335.5132141113281,61.48112487792969,0.4558587074279785,0.007781709974646177,6.952685938569646,56.30181884765625,0.09121951219512196,0.07340868530636525,0.5609756097560976,False,1,['worst_quality_percentile'],False,0.7034646291661178,worst_quality_percentile
6753,test,16,female,caucasian,happy,/home/fox/Desktop/Projects/Amrita RLHF/Diffusion_RL_Abi/datasets/appa-real-dataset_v2/test_data/006753.jpg,False,151.64511108398438,50.892486572265625,True,0.18948096885813148,67.32024383544922,53.23667907714844,0.36740922927856445,0.007219321491346944,7.549771144275084,53.28948974609375,0.0,0.0,0.0,False,0,['worst_quality_percentile'],False,0.7302632817057794,worst_quality_percentile
6756,test,90,female,caucasian,happy,/home/fox/Desktop/Projects/Amrita RLHF/Diffusion_RL_Abi/datasets/appa-real-dataset_v2/test_data/006756.jpg,False,61.941925048828125,44.51540756225586,True,0.10377910904914193,9.922757148742676,36.21574401855469,-0.09624290466308594,-0.0021620132841977165,8.178258873697182,62.718505859375,0.0,0.0,0.0,False,0,"['roi_blur_laplacian', 'worst_quality_percentile']",False,0.6731467715527787,roi_blur_laplacian;worst_quality_percentile
6772,test,50,male,caucasian,neutral,/home/fox/Desktop/Projects/Amrita RLHF/Diffusion_RL_Abi/datasets/appa-real-dataset_v2/test_data/006772.jpg,False,579.6254272460938,65.04927825927734,True,0.27058657925958696,281.6209716796875,58.919151306152344,0.5770907402038574,0.008871593148690462,6.34731131898982,40.39178466796875,0.08843049327354262,0.03472822699028736,0.42152466367713004,False,2,['worst_quality_percentile'],False,0.6838173024446244,worst_quality_percentile
6776,test,9,female,caucasian,neutral,/home/fox/Desktop/Projects/Amrita RLHF/Diffusion_RL_Abi/datasets/appa-real-dataset_v2/test_data/006776.jpg,False,393.2686767578125,66.6205825805664,True,0.2209,126.2269515991211,49.817283630371094,0.32584095001220703,0.004890995132430162,6.816744660306521,50.02154541015625,0.0,0.0,0.0,False,0,['worst_quality_percentile'],False,0.6847770856465364,worst_quality_percentile
6777,test,10,female,caucasian,neutral,/home/fox/Desktop/Projects/Amrita RLHF/Diffusion_RL_Abi/datasets/appa-real-dataset_v2/test_data/006777.jpg,False,208.85482788085938,52.89452362060547,True,0.1387927720107651,40.727970123291016,48.33984375,0.2021784782409668,0.003822295023750088,7.5085295474727936,47.2503662109375,0.0896732026143791,0.03814772096202315,0.48366013071895425,False,2,['worst_quality_percentile'],False,0.7690874531870449,worst_quality_percentile
6778,test,26,female,asian,slightlyhappy,/home/fox/Desktop/Projects/Amrita RLHF/Diffusion_RL_Abi/datasets/appa-real-dataset_v2/test_data/006778.jpg,False,367.8741455078125,44.315818786621094,True,0.269040964276356,315.309814453125,51.58919906616211,0.09967041015625,0.002249093227568824,6.501594373160737,49.13330078125,0.09280373831775701,0.056555157655690455,0.6401869158878505,False,2,['worst_quality_percentile'],False,0.6348307205901725,worst_quality_percentile
6781,test,18,male,asian,happy,/home/fox/Desktop/Projects/Amrita RLHF/Diffusion_RL_Abi/datasets/appa-real-dataset_v2/test_data/006781.jpg,False,1876.293212890625,73.34193420410156,True,0.049123831775700934,132.74273681640625,46.860130310058594,0.5226645469665527,0.007126407907182184,4.686379437037139,36.171630859375,0.0,0.0,0.0,False,0,['worst_quality_percentile'],False,0.64911455294804,worst_quality_percentile
6794,test,27,male,asian,happy,/home/fox/Desktop/Projects/Amrita RLHF/Diffusion_RL_Abi/datasets/appa-real-dataset_v2/test_data/006794.jpg,False,21.336334228515625,12.738216400146484,True,0.10419003364845378,10.57577133178711,24.574609756469727,0.051065921783447266,0.004008875039521623,8.670733811259819,86.48516845703125,0.5,0.6164877423489825,1.0,True,1,"['roi_blur_laplacian', 'brisque', 'black_bars_area', 'worst_quality_percentile']",False,0.8669006530289628,roi_blur_laplacian;brisque;black_bars_area;worst_quality_percentile
6801,test,30,male,caucasian,other,/home/fox/Desktop/Projects/Amrita RLHF/Diffusion_RL_Abi/datasets/appa-real-dataset_v2/test_data/006801.jpg,False,395.80169677734375,68.03544616699219,True,0.2685123966942149,136.80978393554688,66.36038208007812,0.43996238708496094,0.0064666641494260865,6.2506619565724355,42.0001220703125,0.09245454545454546,0.14541322314049587,0.6227272727272727,False,1,['worst_quality_percentile'],False,0.6869789412273934,worst_quality_percentile
6802,test,60,male,caucasian,slightlyhappy,/home/fox/Desktop/Projects/Amrita RLHF/Diffusion_RL_Abi/datasets/appa-real-dataset_v2/test_data/006802.jpg,False,252.43994140625,45.98704147338867,True,0.30404402131190494,231.12924194335938,61.32011413574219,0.2427530288696289,0.005278726698071589,6.75554812130575,49.20745849609375,0.08738317757009346,0.03004629225259848,0.3691588785046729,False,1,['worst_quality_percentile'],False,0.6660142650130794,worst_quality_percentile
6803,test,30,male,caucasian,neutral,/home/fox/Desktop/Projects/Amrita RLHF/Diffusion_RL_Abi/datasets/appa-real-dataset_v2/test_data/006803.jpg,False,95.55528259277344,53.46253967285156,True,0.30864197530864196,75.35466766357422,57.59174728393555,0.1442246437072754,0.0026976765767608405,7.81147298087556,59.00372314453125,0.0,0.0,0.0,False,0,['worst_quality_percentile'],False,0.6635301202551894,worst_quality_percentile
6807,test,26,male,asian,other,/home/fox/Desktop/Projects/Amrita RLHF/Diffusion_RL_Abi/datasets/appa-real-dataset_v2/test_data/006807.jpg,False,995.4125366210938,74.19975280761719,True,0.24273646638905413,260.6973876953125,51.17670440673828,0.16582155227661133,0.002234799224624765,6.070423931268962,46.74322509765625,0.08848780487804879,0.0796192742415229,0.424390243902439,False,3,['worst_quality_percentile'],False,0.6398554679413592,worst_quality_percentile
6814,test,31,female,caucasian,neutral,/home/fox/Desktop/Projects/Amrita RLHF/Diffusion_RL_Abi/datasets/appa-real-dataset_v2/test_data/006814.jpg,False,306.2276306152344,67.72905731201172,True,0.01491587508536661,1.9418333768844604,8.716053009033203,0.22648000717163086,0.003343911945863637,6.885665504598607,52.73333740234375,0.09194139194139195,0.13329608244862481,0.5970695970695971,False,2,"['roi_blur_tenengrad', 'roi_blur_laplacian', 'worst_quality_percentile']",False,0.8469804467696707,roi_blur_tenengrad;roi_blur_laplacian;worst_quality_percentile
6817,test,27,female,asian,slightlyhappy,/home/fox/Desktop/Projects/Amrita RLHF/Diffusion_RL_Abi/datasets/appa-real-dataset_v2/test_data/006817.jpg,False,2311.168212890625,82.58950805664062,True,0.2775031887755102,886.8843994140625,72.96800994873047,1.9362163543701172,0.0234438535412802,6.160910703021161,48.15484619140625,0.09348214285714287,0.037228954081632654,0.6741071428571429,False,2,['worst_quality_percentile'],False,0.6516551555413365,worst_quality_percentile
6821,test,50,female,caucasian,happy,/home/fox/Desktop/Projects/Amrita RLHF/Diffusion_RL_Abi/datasets/appa-real-dataset_v2/test_data/006821.jpg,False,815.3290405273438,51.99667739868164,True,0.07219836956521739,54.49673843383789,31.672483444213867,0.2085556983947754,0.004010942714372756,3.1497159290055556,35.667236328125,0.09502608695652176,0.10929347826086956,0.7513043478260869,False,1,['worst_quality_percentile'],False,0.6789995671565953,worst_quality_percentile
6827,test,23,female,caucasian,slightlyhappy,/home/fox/Desktop/Projects/Amrita RLHF/Diffusion_RL_Abi/datasets/appa-real-dataset_v2/test_data/006827.jpg,False,122.8632583618164,39.02937698364258,True,0.14229633489664756,79.85623931884766,44.54933547973633,0.15673494338989258,0.004015819659118858,5.646914500115858,35.66717529296875,0.0,0.0,0.0,False,0,['worst_quality_percentile'],False,0.6405141426877693,worst_quality_percentile
6833,test,10,female,caucasian,happy,/home/fox/Desktop/Projects/Amrita RLHF/Diffusion_RL_Abi/datasets/appa-real-dataset_v2/test_data/006833.jpg,False,59.19226837158203,36.2852668762207,True,0.12484444444444444,19.045486450195312,42.82123565673828,-0.031133413314819336,-0.0008580180094308302,8.310855027262544,63.117431640625,0.08640000000000002,0.054844444444444446,0.32,False,2,['worst_quality_percentile'],False,0.7365206917966766,worst_quality_percentile
6838,test,48,male,caucasian,slightlyhappy,/home/fox/Desktop/Projects/Amrita RLHF/Diffusion_RL_Abi/datasets/appa-real-dataset_v2/test_data/006838.jpg,False,259.6034240722656,41.92687225341797,True,0.19264946764946764,132.11160278320312,46.66095733642578,0.1684885025024414,0.00401862789729272,5.298889171105549,29.8253173828125,0.5,0.2727952497952498,1.0,True,1,"['black_bars_area', 'worst_quality_percentile']",False,0.6823399890848185,black_bars_area;worst_quality_percentile
6841,test,27,female,caucasian,slightlyhappy,/home/fox/Desktop/Projects/Amrita RLHF/Diffusion_RL_Abi/datasets/appa-real-dataset_v2/test_data/006841.jpg,False,66.49639892578125,38.829078674316406,True,0.01830078016931334,3.7683990001678467,16.095600128173828,0.14532208442687988,0.003742609550516943,5.954739542327142,42.15301513671875,0.0,0.0,0.0,False,0,"['roi_blur_tenengrad', 'roi_blur_laplacian', 'worst_quality_percentile']",False,0.7292282213899919,roi_blur_tenengrad;roi_blur_laplacian;worst_quality_percentile
6844,test,70,female,caucasian,slightlyhappy,/home/fox/Desktop/Projects/Amrita RLHF/Diffusion_RL_Abi/datasets/appa-real-dataset_v2/test_data/006844.jpg,False,139.88134765625,48.617610931396484,True,0.11401585427559453,21.0432186126709,42.52268600463867,0.3870372772216797,0.0079608450897963,8.445276676514439,58.6005859375,0.0,0.0,0.0,False,0,['worst_quality_percentile'],False,0.8102734441161525,worst_quality_percentile
6846,test,47,male,caucasian,slightlyhappy,/home/fox/Desktop/Projects/Amrita RLHF/Diffusion_RL_Abi/datasets/appa-real-dataset_v2/test_data/006846.jpg,False,397.9894104003906,42.912681579589844,True,0.19753086419753085,52.29532241821289,37.798011779785156,0.5125851631164551,0.011944840832678476,7.185531653628256,56.40863037109375,0.0,0.0,0.0,False,0,['worst_quality_percentile'],False,0.8130304684118412,worst_quality_percentile
6849,test,17,female,caucasian,neutral,/home/fox/Desktop/Projects/Amrita RLHF/Diffusion_RL_Abi/datasets/appa-real-dataset_v2/test_data/006849.jpg,False,162.49551391601562,63.51862716674805,True,0.12430144641683104,42.921382904052734,65.1226577758789,0.8293757438659668,0.013057204914575665,7.660287316658588,57.8040771484375,0.0,0.0,0.0,False,0,['worst_quality_percentile'],False,0.748386246871295,worst_quality_percentile
6850,test,33,male,caucasian,neutral,/home/fox/Desktop/Projects/Amrita RLHF/Diffusion_RL_Abi/datasets/appa-real-dataset_v2/test_data/006850.jpg,False,457.3790283203125,66.13386535644531,True,0.39935378086419754,435.7524108886719,67.40469360351562,1.635385513305664,0.02472841228564103,5.5532270517737015,42.23565673828125,0.09993055555555558,0.14781057098765432,0.9965277777777778,False,2,['worst_quality_percentile'],False,0.666070722848486,worst_quality_percentile
6852,test,16,female,caucasian,happy,/home/fox/Desktop/Projects/Amrita RLHF/Diffusion_RL_Abi/datasets/appa-real-dataset_v2/test_data/006852.jpg,False,729.326171875,45.45009231567383,True,0.2589139344262295,1354.4140625,82.43531036376953,0.007809162139892578,0.00017181839618356793,3.6460367838079164,15.26025390625,0.5,0.24694452576112413,1.0,True,3,['black_bars_area'],False,0.3450985189227845,black_bars_area
6861,test,13,male,caucasian,happy,/home/fox/Desktop/Projects/Amrita RLHF/Diffusion_RL_Abi/datasets/appa-real-dataset_v2/test_data/006861.jpg,False,265.4403991699219,59.17509078979492,True,0.20041238507301243,66.1467056274414,54.902557373046875,0.30796241760253906,0.005204257539582709,7.06868855064576,50.54833984375,0.0,0.0,0.0,False,0,['worst_quality_percentile'],False,0.692963471780492,worst_quality_percentile
6866,test,30,male,caucasian,other,/home/fox/Desktop/Projects/Amrita RLHF/Diffusion_RL_Abi/datasets/appa-real-dataset_v2/test_data/006866.jpg,False,330.1866455078125,40.86094284057617,True,0.2975206611570248,72.00944519042969,35.89802169799805,0.2934842109680176,0.0071825117920203,7.565007066815244,43.95904541015625,0.1,0.20984389348025712,1.0,False,1,['worst_quality_percentile'],False,0.8326777951333346,worst_quality_percentile
6871,test,30,male,caucasian,neutral,/home/fox/Desktop/Projects/Amrita RLHF/Diffusion_RL_Abi/datasets/appa-real-dataset_v2/test_data/006871.jpg,False,64.90198516845703,24.490982055664062,True,0.3515370705244123,54.845272064208984,25.344650268554688,-0.10393166542053223,-0.004243670627034949,7.027774786030364,60.62353515625,0.0,0.0,0.0,False,0,['worst_quality_percentile'],False,0.636279805032275,worst_quality_percentile
6875,test,40,male,caucasian,happy,/home/fox/Desktop/Projects/Amrita RLHF/Diffusion_RL_Abi/datasets/appa-real-dataset_v2/test_data/006875.jpg,False,503.814453125,67.34171295166016,True,0.15015625,100.7125015258789,63.860107421875,0.24501419067382812,0.003638371765377199,7.283048077310895,57.2581787109375,0.0,0.0,0.0,False,0,['worst_quality_percentile'],False,0.6504319024408604,worst_quality_percentile
6876,test,14,male,asian,happy,/home/fox/Desktop/Projects/Amrita RLHF/Diffusion_RL_Abi/datasets/appa-real-dataset_v2/test_data/006876.jpg,False,903.5925903320312,46.66139221191406,True,0.0475556206088993,32.68244552612305,26.885778427124023,0.3761773109436035,0.008061853387771416,3.4203460910536503,9.20513916015625,0.09334375,0.13773419203747073,0.6671875,False,1,['worst_quality_percentile'],False,0.6782844345747784,worst_quality_percentile
6888,test,30,female,caucasian,happy,/home/fox/Desktop/Projects/Amrita RLHF/Diffusion_RL_Abi/datasets/appa-real-dataset_v2/test_data/006888.jpg,False,50.10203552246094,44.81452178955078,True,0.14178478890413046,13.38931655883789,37.226871490478516,-0.027286767959594727,-0.0006088822609521811,9.2413858234184,64.666259765625,0.0,0.0,0.0,False,0,"['roi_blur_laplacian', 'worst_quality_percentile']",False,0.7024295688503303,roi_blur_laplacian;worst_quality_percentile
6889,test,30,male,caucasian,happy,/home/fox/Desktop/Projects/Amrita RLHF/Diffusion_RL_Abi/datasets/appa-real-dataset_v2/test_data/006889.jpg,False,215.16880798339844,48.349403381347656,True,0.13823142669296515,26.92074203491211,40.196231842041016,0.23519611358642578,0.004864509017140246,7.308615846311166,57.8626708984375,0.0,0.0,0.0,False,0,['worst_quality_percentile'],False,0.7693509230856089,worst_quality_percentile
6892,test,25,male,caucasian,neutral,/home/fox/Desktop/Projects/Amrita RLHF/Diffusion_RL_Abi/datasets/appa-real-dataset_v2/test_data/006892.jpg,False,490.734619140625,58.952823638916016,True,0.13949775003628972,88.48699951171875,62.97317886352539,0.2916421890258789,0.00494704351847731,7.177223794333399,53.8154296875,0.09686746987951808,0.19066627957613586,0.8433734939759037,False,1,['worst_quality_percentile'],False,0.7344035229689293,worst_quality_percentile
6895,test,7,female,caucasian,neutral,/home/fox/Desktop/Projects/Amrita RLHF/Diffusion_RL_Abi/datasets/appa-real-dataset_v2/test_data/006895.jpg,False,246.11410522460938,40.70625305175781,True,0.17071246728100684,30.730663299560547,35.470909118652344,-0.14459466934204102,-0.003552148747418261,7.664365746258471,52.58154296875,0.09640718562874252,0.1271827602280469,0.8203592814371258,False,2,['worst_quality_percentile'],False,0.6998136891431583,worst_quality_percentile
6896,test,29,female,caucasian,neutral,/home/fox/Desktop/Projects/Amrita RLHF/Diffusion_RL_Abi/datasets/appa-real-dataset_v2/test_data/006896.jpg,False,212.35498046875,29.696928024291992,True,0.2278856526429342,8.82767105102539,31.451074600219727,-0.8578084707260132,-0.02888542684074601,8.765647501168399,61.7298583984375,0.0,0.0,0.0,False,0,['roi_blur_laplacian'],False,0.6091047669232362,roi_blur_laplacian
6897,test,26,male,asian,slightlyhappy,/home/fox/Desktop/Projects/Amrita RLHF/Diffusion_RL_Abi/datasets/appa-real-dataset_v2/test_data/006897.jpg,False,408.032470703125,45.761741638183594,True,0.2048753462603878,107.36788177490234,39.09746170043945,-0.5040793418884277,-0.011015300397844202,7.46541005074446,66.17724609375,0.1,0.41623268698060945,1.0,False,1,['worst_quality_percentile'],False,0.6306528407700849,worst_quality_percentile
6899,test,30,female,caucasian,neutral,/home/fox/Desktop/Projects/Amrita RLHF/Diffusion_RL_Abi/datasets/appa-real-dataset_v2/test_data/006899.jpg,False,39.56230163574219,20.56478500366211,True,0.08893826964538444,19.13018798828125,36.53775405883789,-0.06249046325683594,-0.0030387120607872037,9.017072467609246,66.39935302734375,0.0,0.0,0.0,False,0,['worst_quality_percentile'],False,0.6740124583623464,worst_quality_percentile
6905,test,30,male,caucasian,neutral,/home/fox/Desktop/Projects/Amrita RLHF/Diffusion_RL_Abi/datasets/appa-real-dataset_v2/test_data/006905.jpg,False,41.24128723144531,39.7503662109375,True,0.1640762698285531,18.976268768310547,32.38496017456055,0.28064870834350586,0.007060279641046538,9.045609984312861,65.2568359375,0.0,0.0,0.0,False,0,['worst_quality_percentile'],False,0.8282929032500893,worst_quality_percentile
6907,test,25,female,caucasian,slightlyhappy,/home/fox/Desktop/Projects/Amrita RLHF/Diffusion_RL_Abi/datasets/appa-real-dataset_v2/test_data/006907.jpg,False,67.39708709716797,24.425809860229492,True,0.2869897959183674,72.7434310913086,39.049530029296875,-0.08695697784423828,-0.0035600446733100297,8.487990575055843,73.2127685546875,0.5,0.32227891156462585,1.0,True,2,"['brisque', 'black_bars_area', 'worst_quality_percentile']",False,0.7186235579727873,brisque;black_bars_area;worst_quality_percentile
6910,test,20,male,caucasian,neutral,/home/fox/Desktop/Projects/Amrita RLHF/Diffusion_RL_Abi/datasets/appa-real-dataset_v2/test_data/006910.jpg,False,340.05841064453125,64.15940856933594,True,0.1294244497323022,23.732406616210938,37.024261474609375,0.19405698776245117,0.0030246068201849213,6.825968954529718,54.0772705078125,0.0,0.0,0.0,False,0,['worst_quality_percentile'],False,0.7416677644579106,worst_quality_percentile
6911,test,6,male,caucasian,other,/home/fox/Desktop/Projects/Amrita RLHF/Diffusion_RL_Abi/datasets/appa-real-dataset_v2/test_data/006911.jpg,False,383.71685791015625,95.62773132324219,True,0.11413440467494522,14.808368682861328,41.22788619995117,-0.12350749969482422,-0.001291544792438897,7.345995035351273,57.70166015625,0.0,0.0,0.0,False,0,"['roi_blur_laplacian', 'worst_quality_percentile']",False,0.6476842877844063,roi_blur_laplacian;worst_quality_percentile
6914,test,29,male,caucasian,happy,/home/fox/Desktop/Projects/Amrita RLHF/Diffusion_RL_Abi/datasets/appa-real-dataset_v2/test_data/006914.jpg,False,40.94620132446289,35.78874588012695,True,0.2647412111697826,22.209611892700195,37.416622161865234,0.03848123550415039,0.0010752328275991845,8.334221979411758,56.32293701171875,0.451923076923077,0.0341860520431949,0.5192307692307693,True,1,['worst_quality_percentile'],False,0.7952368406195306,worst_quality_percentile
6917,test,31,male,caucasian,neutral,/home/fox/Desktop/Projects/Amrita RLHF/Diffusion_RL_Abi/datasets/appa-real-dataset_v2/test_data/006917.jpg,False,187.12249755859375,57.478790283203125,True,0.2884087791495199,83.13507080078125,50.08187484741211,0.214019775390625,0.0037234564369339382,7.042066477718381,51.057373046875,0.0,0.0,0.0,False,0,['worst_quality_percentile'],False,0.681766001091518,worst_quality_percentile
6918,test,26,female,caucasian,neutral,/home/fox/Desktop/Projects/Amrita RLHF/Diffusion_RL_Abi/datasets/appa-real-dataset_v2/test_data/006918.jpg,False,658.1953125,89.1209716796875,True,0.1071790969051243,35.49878692626953,48.39950180053711,0.5634860992431641,0.006322710382307061,6.233445539334139,52.39874267578125,0.08922374429223745,0.04561770674784373,0.4611872146118721,False,1,['worst_quality_percentile'],False,0.8047499858855411,worst_quality_percentile
6920,test,31,female,caucasian,slightlyhappy,/home/fox/Desktop/Projects/Amrita RLHF/Diffusion_RL_Abi/datasets/appa-real-dataset_v2/test_data/006920.jpg,False,175.037841796875,72.73067474365234,True,0.24204295232920586,78.7001953125,60.364044189453125,0.9486079216003418,0.013042748632555263,7.514266114938674,56.517333984375,0.0,0.0,0.0,False,0,['worst_quality_percentile'],False,0.7442083670512073,worst_quality_percentile
6926,test,22,female,caucasian,happy,/home/fox/Desktop/Projects/Amrita RLHF/Diffusion_RL_Abi/datasets/appa-real-dataset_v2/test_data/006926.jpg,False,386.4110107421875,61.500186920166016,True,0.14137007801320223,140.73634338378906,44.8288688659668,0.6394762992858887,0.010397956834148198,4.634326547285649,20.59100341796875,0.09363855421686748,0.07592207912108202,0.6819277108433734,False,1,['worst_quality_percentile'],False,0.7000959783201912,worst_quality_percentile
6939,test,7,male,caucasian,other,/home/fox/Desktop/Projects/Amrita RLHF/Diffusion_RL_Abi/datasets/appa-real-dataset_v2/test_data/006939.jpg,False,2414.460693359375,92.666015625,True,0.03393351800554017,67.2707748413086,73.13430786132812,1.4822998046875,0.01599615326820465,5.784919021500211,33.37701416015625,0.0,0.0,0.0,False,0,['worst_quality_percentile'],False,0.6505071795547358,worst_quality_percentile
6941,test,38,male,caucasian,happy,/home/fox/Desktop/Projects/Amrita RLHF/Diffusion_RL_Abi/datasets/appa-real-dataset_v2/test_data/006941.jpg,False,705.3286743164062,42.1990852355957,True,0.0338671875,82.31643676757812,25.547941207885742,3.95656681060791,0.09375953755298316,3.2529679509540563,13.18695068359375,0.0,0.0,0.0,False,0,"['jpeg_blockiness', 'worst_quality_percentile']",False,0.641530383725088,jpeg_blockiness;worst_quality_percentile
6944,test,4,male,caucasian,happy,/home/fox/Desktop/Projects/Amrita RLHF/Diffusion_RL_Abi/datasets/appa-real-dataset_v2/test_data/006944.jpg,False,454.6914367675781,89.85191345214844,True,0.07650520597555455,16.820505142211914,46.31940460205078,-0.06789398193359375,-0.0007556208718262914,7.435575374069089,58.02764892578125,0.0,0.0,0.0,False,0,['worst_quality_percentile'],False,0.6470444323164649,worst_quality_percentile
6945,test,24,male,caucasian,happy,/home/fox/Desktop/Projects/Amrita RLHF/Diffusion_RL_Abi/datasets/appa-real-dataset_v2/test_data/006945.jpg,False,994.5852661132812,63.764183044433594,True,0.30644132653061223,713.8638916015625,68.2580337524414,1.2827873229980469,0.02011767800720458,6.172272872543429,47.642333984375,0.09455357142857145,0.05404974489795918,0.7276785714285714,False,1,['worst_quality_percentile'],False,0.6610365658580651,worst_quality_percentile
6950,test,60,female,caucasian,happy,/home/fox/Desktop/Projects/Amrita RLHF/Diffusion_RL_Abi/datasets/appa-real-dataset_v2/test_data/006950.jpg,False,413.50341796875,51.39988708496094,True,0.1953542321662953,245.78636169433594,71.8445816040039,0.2876706123352051,0.005596716706069531,6.994631212273166,50.58203125,0.08828729281767957,0.07203687311132138,0.4143646408839779,False,2,['worst_quality_percentile'],False,0.6568116378418051,worst_quality_percentile
6953,test,22,male,caucasian,neutral,/home/fox/Desktop/Projects/Amrita RLHF/Diffusion_RL_Abi/datasets/appa-real-dataset_v2/test_data/006953.jpg,False,33.99649429321289,34.30000305175781,True,0.15619061278640325,9.517292976379395,30.060548782348633,-0.09364843368530273,-0.002730274712037634,8.625886604227217,68.55181884765625,0.0,0.0,0.0,False,0,"['roi_blur_laplacian', 'worst_quality_percentile']",False,0.6845324350264411,roi_blur_laplacian;worst_quality_percentile
6960,test,28,female,caucasian,neutral,/home/fox/Desktop/Projects/Amrita RLHF/Diffusion_RL_Abi/datasets/appa-real-dataset_v2/test_data/006960.jpg,False,141.58322143554688,41.56216049194336,True,0.20959805082367755,62.83180236816406,45.25371170043945,0.07824969291687012,0.0018827147123240565,6.854159063515773,49.23175048828125,0.0,0.0,0.0,False,0,['worst_quality_percentile'],False,0.6579784331068746,worst_quality_percentile
6963,test,60,female,caucasian,slightlyhappy,/home/fox/Desktop/Projects/Amrita RLHF/Diffusion_RL_Abi/datasets/appa-real-dataset_v2/test_data/006963.jpg,False,467.0018310546875,79.94258117675781,True,0.12228537016824119,26.321731567382812,37.839603424072266,0.29564476013183594,0.0036982137939721256,7.084485659529421,51.283935546875,0.0,0.0,0.0,False,0,['worst_quality_percentile'],False,0.7572501270301296,worst_quality_percentile
6966,test,27,female,caucasian,slightlyhappy,/home/fox/Desktop/Projects/Amrita RLHF/Diffusion_RL_Abi/datasets/appa-real-dataset_v2/test_data/006966.jpg,False,75.73225402832031,52.958168029785156,True,0.23000832986255726,40.854103088378906,51.75814437866211,0.21929025650024414,0.0041408202080572155,7.999572993633872,57.1065673828125,0.09102040816326532,0.07330279050395669,0.5510204081632653,False,1,['worst_quality_percentile'],False,0.7880008280482527,worst_quality_percentile
6977,test,18,male,asian,happy,/home/fox/Desktop/Projects/Amrita RLHF/Diffusion_RL_Abi/datasets/appa-real-dataset_v2/test_data/006977.jpg,False,116.88861846923828,26.51116180419922,True,0.15725326991676575,81.7647476196289,50.90469741821289,0.2548360824584961,0.009612406831816954,7.529607818900793,63.97900390625,0.09724137931034484,0.2709406790857445,0.8620689655172413,False,1,['worst_quality_percentile'],False,0.8160227336883903,worst_quality_percentile
6979,test,26,female,caucasian,happy,/home/fox/Desktop/Projects/Amrita RLHF/Diffusion_RL_Abi/datasets/appa-real-dataset_v2/test_data/006979.jpg,False,325.3761291503906,51.155391693115234,True,0.3310189528992306,189.39248657226562,47.017520904541016,0.08929824829101562,0.0017456272660581855,6.537528610421889,49.90045166015625,0.08977168949771691,0.04199245220074644,0.4885844748858447,False,1,['worst_quality_percentile'],False,0.6710107834465626,worst_quality_percentile
6980,test,18,female,caucasian,slightlyhappy,/home/fox/Desktop/Projects/Amrita RLHF/Diffusion_RL_Abi/datasets/appa-real-dataset_v2/test_data/006980.jpg,False,144.39654541015625,36.0064811706543,True,0.3859044995408632,81.79705047607422,33.868892669677734,0.306563138961792,0.008514109695827063,5.925207108105902,44.65478515625,0.0,0.0,0.0,False,0,['worst_quality_percentile'],False,0.7362666315373468,worst_quality_percentile
6981,test,7,male,caucasian,other,/home/fox/Desktop/Projects/Amrita RLHF/Diffusion_RL_Abi/datasets/appa-real-dataset_v2/test_data/006981.jpg,False,102.78076171875,40.34535598754883,True,0.05876951331496786,6.850936412811279,30.867502212524414,-0.00232696533203125,-5.767616166463432e-05,8.542921854153436,62.88641357421875,0.0,0.0,0.0,False,0,"['roi_blur_laplacian', 'worst_quality_percentile']",False,0.7248433295067468,roi_blur_laplacian;worst_quality_percentile
6983,test,26,female,asian,happy,/home/fox/Desktop/Projects/Amrita RLHF/Diffusion_RL_Abi/datasets/appa-real-dataset_v2/test_data/006983.jpg,False,250.0812530517578,50.45961380004883,True,0.33681441326530615,193.3902130126953,50.26084518432617,0.19826126098632812,0.003929107698740029,6.6422477341059105,45.56939697265625,0.0911607142857143,0.08611686862244898,0.5580357142857143,False,1,['worst_quality_percentile'],False,0.692398893426426,worst_quality_percentile
6992,test,25,male,caucasian,neutral,/home/fox/Desktop/Projects/Amrita RLHF/Diffusion_RL_Abi/datasets/appa-real-dataset_v2/test_data/006992.jpg,False,613.9781494140625,52.837284088134766,True,0.10155128205128205,19.30617332458496,30.323741912841797,-0.021175384521484375,-0.0004007659456038092,7.082959813753331,95.3089599609375,0.0,0.0,0.0,False,0,"['brisque', 'worst_quality_percentile']",False,0.7021284603948283,brisque;worst_quality_percentile
6995,test,29,female,caucasian,happy,/home/fox/Desktop/Projects/Amrita RLHF/Diffusion_RL_Abi/datasets/appa-real-dataset_v2/test_data/006995.jpg,False,141.53756713867188,36.682464599609375,True,0.16309171597633135,60.9726676940918,51.4767951965332,0.35092711448669434,0.009566617421987887,7.265526471502822,52.1285400390625,0.0,0.0,0.0,False,0,['worst_quality_percentile'],False,0.7400116679526506,worst_quality_percentile
6996,test,2,male,caucasian,slightlyhappy,/home/fox/Desktop/Projects/Amrita RLHF/Diffusion_RL_Abi/datasets/appa-real-dataset_v2/test_data/006996.jpg,False,348.08563232421875,54.003883361816406,True,0.2137819401086831,58.36445236206055,32.90741729736328,-0.047430992126464844,-0.0008782885284452067,7.0444270979625925,46.67828369140625,0.0,0.0,0.0,False,0,['worst_quality_percentile'],False,0.637672431638971,worst_quality_percentile
6998,test,34,male,caucasian,neutral,/home/fox/Desktop/Projects/Amrita RLHF/Diffusion_RL_Abi/datasets/appa-real-dataset_v2/test_data/006998.jpg,False,173.5923614501953,58.2642822265625,True,0.19273264512268104,46.91376495361328,36.481258392333984,0.45859289169311523,0.007870909351272071,4.043281098673804,15.03643798828125,0.0,0.0,0.0,False,0,['worst_quality_percentile'],False,0.633946214502136,worst_quality_percentile
6999,test,49,male,caucasian,neutral,/home/fox/Desktop/Projects/Amrita RLHF/Diffusion_RL_Abi/datasets/appa-real-dataset_v2/test_data/006999.jpg,False,35.08091735839844,26.987323760986328,True,0.2278982853968334,9.947664260864258,21.289588928222656,0.06963515281677246,0.0025802910600994096,8.008744581847358,63.6578369140625,0.0,0.0,0.0,False,0,"['roi_blur_laplacian', 'worst_quality_percentile']",False,0.771270489489433,roi_blur_laplacian;worst_quality_percentile
7000,test,1,male,caucasian,other,/home/fox/Desktop/Projects/Amrita RLHF/Diffusion_RL_Abi/datasets/appa-real-dataset_v2/test_data/007000.jpg,False,1223.842041015625,50.76140594482422,True,0.0128936767578125,9.2299222946167,18.46879768371582,0.1082453727722168,0.0021324344474903056,2.446395707659551,2.46728515625,0.0,0.0,0.0,False,0,"['roi_blur_tenengrad', 'roi_blur_laplacian']",False,0.5120161093023693,roi_blur_tenengrad;roi_blur_laplacian
7001,test,25,female,caucasian,happy,/home/fox/Desktop/Projects/Amrita RLHF/Diffusion_RL_Abi/datasets/appa-real-dataset_v2/test_data/007001.jpg,False,389.1203308105469,58.81803894042969,True,0.15311909262759923,73.3583984375,64.05475616455078,0.1503591537475586,0.002556344174335643,7.059846539258382,51.38702392578125,0.09105590062111801,0.08398595733189305,0.5527950310559007,False,1,['worst_quality_percentile'],False,0.6833656397613715,worst_quality_percentile
7005,test,11,female,caucasian,neutral,/home/fox/Desktop/Projects/Amrita RLHF/Diffusion_RL_Abi/datasets/appa-real-dataset_v2/test_data/007005.jpg,False,791.5711059570312,59.79580307006836,True,0.018802083333333334,62.822574615478516,39.15779113769531,0.5964341163635254,0.00997451452721712,2.8866761119962767,7.66131591796875,0.08716666666666667,0.059651692708333336,0.35833333333333334,False,1,['worst_quality_percentile'],False,0.6351318290456744,worst_quality_percentile
7018,test,43,male,caucasian,happy,/home/fox/Desktop/Projects/Amrita RLHF/Diffusion_RL_Abi/datasets/appa-real-dataset_v2/test_data/007018.jpg,False,78.3745346069336,42.17671203613281,True,0.1689563024577515,39.739341735839844,57.324974060058594,0.07825541496276855,0.0018554175830564868,8.57410601339589,62.89447021484375,0.0,0.0,0.0,False,0,['worst_quality_percentile'],False,0.6663341927470502,worst_quality_percentile
7019,test,30,female,caucasian,happy,/home/fox/Desktop/Projects/Amrita RLHF/Diffusion_RL_Abi/datasets/appa-real-dataset_v2/test_data/007019.jpg,False,21.8787841796875,18.541118621826172,True,0.06156368364520323,2.3637499809265137,16.366893768310547,-0.18946266174316406,-0.010218512452728748,9.007628108032266,82.15478515625,0.0,0.0,0.0,False,0,"['roi_blur_tenengrad', 'roi_blur_laplacian', 'brisque', 'worst_quality_percentile']",False,0.6581854451700322,roi_blur_tenengrad;roi_blur_laplacian;brisque;worst_quality_percentile
7023,test,32,female,caucasian,happy,/home/fox/Desktop/Projects/Amrita RLHF/Diffusion_RL_Abi/datasets/appa-real-dataset_v2/test_data/007023.jpg,False,44.38874816894531,40.651363372802734,True,0.24192042440318304,48.94921875,43.85932540893555,0.2257378101348877,0.005553019280354453,7.096843893659156,49.9112548828125,0.0,0.0,0.0,False,0,['worst_quality_percentile'],False,0.7324839565651053,worst_quality_percentile
7026,test,4,male,caucasian,slightlyhappy,/home/fox/Desktop/Projects/Amrita RLHF/Diffusion_RL_Abi/datasets/appa-real-dataset_v2/test_data/007026.jpg,False,2131.599853515625,102.26715850830078,True,0.2242009068517689,247.85064697265625,39.640602111816406,0.23097610473632812,0.0022585559806966218,4.048319791529604,42.04754638671875,0.09254464285714287,0.05063955441110614,0.6272321428571429,False,1,['worst_quality_percentile'],False,0.632421852946158,worst_quality_percentile
7028,test,26,male,caucasian,slightlyhappy,/home/fox/Desktop/Projects/Amrita RLHF/Diffusion_RL_Abi/datasets/appa-real-dataset_v2/test_data/007028.jpg,False,372.8363037109375,56.88423156738281,True,0.1896462018730489,48.04792022705078,36.8239860534668,-0.03492403030395508,-0.0006139492215630308,6.899248655845459,54.19732666015625,0.09774193548387099,0.03705630708752457,0.8870967741935484,False,2,['worst_quality_percentile'],False,0.7236388956847394,worst_quality_percentile
7029,test,70,female,caucasian,neutral,/home/fox/Desktop/Projects/Amrita RLHF/Diffusion_RL_Abi/datasets/appa-real-dataset_v2/test_data/007029.jpg,False,245.27003479003906,65.36197662353516,True,0.1342926584622507,43.985130310058594,50.533660888671875,0.20792388916015625,0.003181113802243466,7.555132751758562,59.078369140625,0.0,0.0,0.0,False,0,['worst_quality_percentile'],False,0.7141351600579633,worst_quality_percentile
7033,test,41,male,caucasian,slightlyhappy,/home/fox/Desktop/Projects/Amrita RLHF/Diffusion_RL_Abi/datasets/appa-real-dataset_v2/test_data/007033.jpg,False,97.42816925048828,37.84912109375,True,0.11111635981435336,20.51398277282715,31.971519470214844,0.0015215873718261719,4.020139141027608e-05,7.114085406947074,51.42926025390625,0.0,0.0,0.0,False,0,['worst_quality_percentile'],False,0.6870542183412688,worst_quality_percentile
7037,test,4,female,caucasian,slightlyhappy,/home/fox/Desktop/Projects/Amrita RLHF/Diffusion_RL_Abi/datasets/appa-real-dataset_v2/test_data/007037.jpg,False,338.6665954589844,52.432865142822266,True,0.007779411764705883,3.2928333282470703,14.608924865722656,-0.17076539993286133,-0.0032568389351005957,3.6293827352052532,14.579833984375,0.0,0.0,0.0,False,0,"['roi_blur_tenengrad', 'roi_blur_laplacian']",False,0.471385287088093,roi_blur_tenengrad;roi_blur_laplacian
7038,test,7,male,caucasian,neutral,/home/fox/Desktop/Projects/Amrita RLHF/Diffusion_RL_Abi/datasets/appa-real-dataset_v2/test_data/007038.jpg,False,215.72386169433594,58.10235595703125,True,0.009894613583138173,2.0973122119903564,11.473664283752441,-0.3427462577819824,-0.005899007815387858,5.426347188573387,40.34375,0.0,0.0,0.0,False,0,"['roi_blur_tenengrad', 'roi_blur_laplacian']",False,0.5653687637615974,roi_blur_tenengrad;roi_blur_laplacian
7039,test,1,male,caucasian,other,/home/fox/Desktop/Projects/Amrita RLHF/Diffusion_RL_Abi/datasets/appa-real-dataset_v2/test_data/007039.jpg,False,130.76882934570312,46.614803314208984,True,0.2472145064136575,94.09308624267578,48.997798919677734,0.2045278549194336,0.004387615864282199,7.44544061241624,54.1209716796875,0.0,0.0,0.0,False,0,['worst_quality_percentile'],False,0.7010745808005721,worst_quality_percentile
7042,test,19,female,caucasian,happy,/home/fox/Desktop/Projects/Amrita RLHF/Diffusion_RL_Abi/datasets/appa-real-dataset_v2/test_data/007042.jpg,False,1412.5797119140625,80.02577209472656,True,0.3015186543367347,469.27996826171875,59.27113342285156,1.7579612731933594,0.021967438803902083,6.052613577821627,43.27691650390625,0.09455357142857145,0.06383529974489796,0.7276785714285714,False,1,['worst_quality_percentile'],False,0.6904322788264298,worst_quality_percentile
7051,test,8,female,caucasian,happy,/home/fox/Desktop/Projects/Amrita RLHF/Diffusion_RL_Abi/datasets/appa-real-dataset_v2/test_data/007051.jpg,False,298.646728515625,67.92013549804688,True,0.11413440467494522,31.946741104125977,47.59987258911133,-0.03556251525878906,-0.0005235931064392326,7.574565087762465,63.8026123046875,0.0,0.0,0.0,False,0,['worst_quality_percentile'],False,0.6521632760599959,worst_quality_percentile
7058,test,3,male,caucasian,slightlyhappy,/home/fox/Desktop/Projects/Amrita RLHF/Diffusion_RL_Abi/datasets/appa-real-dataset_v2/test_data/007058.jpg,False,120.16646575927734,25.096731185913086,True,0.057175790398126466,41.100059509277344,30.485246658325195,0.40856480598449707,0.01627960178073807,6.037905657626103,76.55718994140625,0.5,0.6036482728337237,1.0,True,1,"['brisque', 'black_bars_area', 'worst_quality_percentile']",False,0.9014904868547341,brisque;black_bars_area;worst_quality_percentile
7061,test,10,male,afroamerican,neutral,/home/fox/Desktop/Projects/Amrita RLHF/Diffusion_RL_Abi/datasets/appa-real-dataset_v2/test_data/007061.jpg,False,379.5362548828125,71.56501770019531,True,0.12295496711081126,54.764991760253906,55.02296829223633,0.21140575408935547,0.002954037572113127,7.419850488103868,51.7335205078125,0.0,0.0,0.0,False,0,['worst_quality_percentile'],False,0.6762895910570788,worst_quality_percentile
7065,test,10,female,asian,happy,/home/fox/Desktop/Projects/Amrita RLHF/Diffusion_RL_Abi/datasets/appa-real-dataset_v2/test_data/007065.jpg,False,531.3721313476562,72.79588317871094,True,0.1695501730103806,67.26319122314453,57.4407958984375,0.5583939552307129,0.007670680307417909,6.918729889468284,51.72930908203125,0.0,0.0,0.0,False,0,['worst_quality_percentile'],False,0.7139657865517436,worst_quality_percentile
7067,test,32,female,caucasian,happy,/home/fox/Desktop/Projects/Amrita RLHF/Diffusion_RL_Abi/datasets/appa-real-dataset_v2/test_data/007067.jpg,False,134.68411254882812,31.471952438354492,True,0.2042860548271752,138.05157470703125,32.226661682128906,0.5620026588439941,0.01785725375912282,4.921334332432441,18.74053955078125,0.0,0.0,0.0,False,0,['worst_quality_percentile'],False,0.6767224344618628,worst_quality_percentile
7072,test,28,male,caucasian,happy,/home/fox/Desktop/Projects/Amrita RLHF/Diffusion_RL_Abi/datasets/appa-real-dataset_v2/test_data/007072.jpg,False,166.98019409179688,39.75189208984375,True,0.3346337147338575,80.79067993164062,36.578250885009766,0.28374695777893066,0.007137948301924405,6.619197874818948,50.0653076171875,0.1,0.2819079410404392,1.0,False,1,['worst_quality_percentile'],False,0.819523119483599,worst_quality_percentile
7075,test,19,female,caucasian,neutral,/home/fox/Desktop/Projects/Amrita RLHF/Diffusion_RL_Abi/datasets/appa-real-dataset_v2/test_data/007075.jpg,False,707.85205078125,59.572364807128906,True,0.4045334126297578,447.4632568359375,55.7973747253418,0.5322613716125488,0.008934702599117763,5.33283486363065,36.2001953125,0.0924264705882353,0.044874567474048443,0.6213235294117647,False,1,['worst_quality_percentile'],False,0.6487758059356005,worst_quality_percentile
7081,test,60,male,asian,slightlyhappy,/home/fox/Desktop/Projects/Amrita RLHF/Diffusion_RL_Abi/datasets/appa-real-dataset_v2/test_data/007081.jpg,False,368.156982421875,54.16389846801758,True,0.16580013625443724,89.20740509033203,50.512725830078125,0.25483226776123047,0.004704836067272123,6.994570519677154,51.68310546875,0.0,0.0,0.0,False,0,['worst_quality_percentile'],False,0.6917778572369535,worst_quality_percentile
7086,test,8,female,caucasian,slightlyhappy,/home/fox/Desktop/Projects/Amrita RLHF/Diffusion_RL_Abi/datasets/appa-real-dataset_v2/test_data/007086.jpg,False,70.59393310546875,38.177772521972656,True,0.1245674740484429,23.997915267944336,39.630828857421875,0.08287882804870605,0.002170865935935378,8.01108083691043,59.64276123046875,0.0,0.0,0.0,False,0,['worst_quality_percentile'],False,0.7336131132732371,worst_quality_percentile
7089,test,85,female,caucasian,slightlyhappy,/home/fox/Desktop/Projects/Amrita RLHF/Diffusion_RL_Abi/datasets/appa-real-dataset_v2/test_data/007089.jpg,False,348.643798828125,63.24089813232422,True,0.19753086419753085,103.16429901123047,50.44392395019531,0.4903082847595215,0.007753025201833524,6.620941348303927,53.2841796875,0.0,0.0,0.0,False,0,['worst_quality_percentile'],False,0.7216628714455088,worst_quality_percentile
7093,test,40,female,caucasian,happy,/home/fox/Desktop/Projects/Amrita RLHF/Diffusion_RL_Abi/datasets/appa-real-dataset_v2/test_data/007093.jpg,False,265.75469970703125,68.84727478027344,True,0.1460505497180413,22.555471420288086,41.03294372558594,-0.10348320007324219,-0.0015030834394015756,6.888621569268403,53.85833740234375,0.09184713375796179,0.04884579496125604,0.5923566878980892,False,1,['worst_quality_percentile'],False,0.6959369177785723,worst_quality_percentile
7097,test,50,female,caucasian,slightlyhappy,/home/fox/Desktop/Projects/Amrita RLHF/Diffusion_RL_Abi/datasets/appa-real-dataset_v2/test_data/007097.jpg,False,261.0580749511719,46.41865921020508,True,0.15015625,33.21051025390625,42.476539611816406,0.05459141731262207,0.0011760661997870466,7.303722466102902,56.7120361328125,0.09562500000000002,0.1916796875,0.78125,False,2,['worst_quality_percentile'],False,0.7622184165459096,worst_quality_percentile
7114,test,31,female,caucasian,happy,/home/fox/Desktop/Projects/Amrita RLHF/Diffusion_RL_Abi/datasets/appa-real-dataset_v2/test_data/007114.jpg,False,105.08836364746094,61.067626953125,True,0.2157424826062289,46.668243408203125,52.809513092041016,0.15773534774780273,0.0025829617595246874,7.926884550594496,61.83526611328125,0.0,0.0,0.0,False,0,['worst_quality_percentile'],False,0.697912942017803,worst_quality_percentile
7116,test,4,male,caucasian,neutral,/home/fox/Desktop/Projects/Amrita RLHF/Diffusion_RL_Abi/datasets/appa-real-dataset_v2/test_data/007116.jpg,False,284.92138671875,41.3620491027832,True,0.03323689763493837,22.6345157623291,38.936485290527344,0.06578636169433594,0.0015905005078534359,6.3334743646796205,47.92633056640625,0.0,0.0,0.0,False,0,['worst_quality_percentile'],False,0.6767977115757382,worst_quality_percentile
7120,test,21,female,caucasian,neutral,/home/fox/Desktop/Projects/Amrita RLHF/Diffusion_RL_Abi/datasets/appa-real-dataset_v2/test_data/007120.jpg,False,13.492963790893555,30.78225326538086,True,0.17893526125534012,14.722060203552246,38.92265701293945,0.08281540870666504,0.002690362050572854,9.314158180893019,68.8167724609375,0.0,0.0,0.0,False,0,"['roi_blur_laplacian', 'worst_quality_percentile']",False,0.755010632892335,roi_blur_laplacian;worst_quality_percentile
7133,test,18,female,asian,happy,/home/fox/Desktop/Projects/Amrita RLHF/Diffusion_RL_Abi/datasets/appa-real-dataset_v2/test_data/007133.jpg,False,167.09056091308594,56.96357345581055,True,0.08226669070368367,12.479870796203613,39.77106857299805,0.18342304229736328,0.0032200058379351455,7.788595754194082,61.23907470703125,0.0,0.0,0.0,False,0,"['roi_blur_laplacian', 'worst_quality_percentile']",False,0.7662645614167153,roi_blur_laplacian;worst_quality_percentile
7138,test,3,female,caucasian,slightlyhappy,/home/fox/Desktop/Projects/Amrita RLHF/Diffusion_RL_Abi/datasets/appa-real-dataset_v2/test_data/007138.jpg,False,1160.158203125,80.83399200439453,True,0.19435772921725056,136.77239990234375,38.774845123291016,0.20826053619384766,0.002576397978787533,6.57538496056596,47.769775390625,0.0,0.0,0.0,False,0,['worst_quality_percentile'],False,0.6737960366599545,worst_quality_percentile
7144,test,25,male,caucasian,slightlyhappy,/home/fox/Desktop/Projects/Amrita RLHF/Diffusion_RL_Abi/datasets/appa-real-dataset_v2/test_data/007144.jpg,False,772.5968017578125,77.59611511230469,True,0.18051491315203091,167.17056274414062,59.91120529174805,0.5719413757324219,0.007370747459894158,6.506417346592906,43.89404296875,0.0,0.0,0.0,False,0,['worst_quality_percentile'],False,0.6480418540753148,worst_quality_percentile
7146,test,43,female,caucasian,neutral,/home/fox/Desktop/Projects/Amrita RLHF/Diffusion_RL_Abi/datasets/appa-real-dataset_v2/test_data/007146.jpg,False,568.498779296875,66.03658294677734,True,0.08497191011235955,26.156797409057617,34.97183609008789,0.5276803970336914,0.007990728252372643,5.979877284731355,32.545654296875,0.0,0.0,0.0,False,0,['worst_quality_percentile'],False,0.751416150704782,worst_quality_percentile
7151,test,30,male,caucasian,other,/home/fox/Desktop/Projects/Amrita RLHF/Diffusion_RL_Abi/datasets/appa-real-dataset_v2/test_data/007151.jpg,False,269.68475341796875,57.85841369628906,True,0.23201118390395,67.10574340820312,42.216121673583984,0.106201171875,0.0018355354607013034,6.655434447434686,43.05926513671875,0.1,0.3120802609577588,1.0,False,2,['worst_quality_percentile'],False,0.7285130888081751,worst_quality_percentile
7153,test,21,female,caucasian,slightlyhappy,/home/fox/Desktop/Projects/Amrita RLHF/Diffusion_RL_Abi/datasets/appa-real-dataset_v2/test_data/007153.jpg,False,53.35047912597656,35.573890686035156,True,0.2504534127094005,67.56613159179688,37.424781799316406,-0.04184103012084961,-0.001176172415717864,7.785967417962298,49.74029541015625,0.0,0.0,0.0,False,0,['worst_quality_percentile'],False,0.6410410824848976,worst_quality_percentile
7172,test,7,female,caucasian,slightlyhappy,/home/fox/Desktop/Projects/Amrita RLHF/Diffusion_RL_Abi/datasets/appa-real-dataset_v2/test_data/007172.jpg,False,359.4222412109375,52.26614761352539,True,0.2246365017361111,116.57666778564453,54.4863166809082,0.1590719223022461,0.003043498067525136,6.761017851249209,52.19439697265625,0.0,0.0,0.0,False,0,['worst_quality_percentile'],False,0.6355834917289271,worst_quality_percentile
7177,test,30,male,caucasian,happy,/home/fox/Desktop/Projects/Amrita RLHF/Diffusion_RL_Abi/datasets/appa-real-dataset_v2/test_data/007177.jpg,False,235.44859313964844,45.992347717285156,True,0.18510005408328825,58.041404724121094,52.04035186767578,0.4343390464782715,0.009443723980007033,7.42548684726261,53.0364990234375,0.08895348837209303,0.057497295835586805,0.4476744186046512,False,1,['worst_quality_percentile'],False,0.8130304684118411,worst_quality_percentile
7185,test,75,male,asian,neutral,/home/fox/Desktop/Projects/Amrita RLHF/Diffusion_RL_Abi/datasets/appa-real-dataset_v2/test_data/007185.jpg,False,277.75714111328125,57.679569244384766,True,0.10530239901758695,37.4495735168457,45.56413650512695,0.22888755798339844,0.0039682604605688985,7.224578249572993,59.47088623046875,0.08913907284768213,0.07192666988289988,0.45695364238410596,False,1,['worst_quality_percentile'],False,0.8030938893802811,worst_quality_percentile
7194,test,16,female,caucasian,happy,/home/fox/Desktop/Projects/Amrita RLHF/Diffusion_RL_Abi/datasets/appa-real-dataset_v2/test_data/007194.jpg,False,276.7747802734375,59.03296661376953,True,0.19041322314049586,63.764373779296875,46.6983642578125,0.25624513626098633,0.004340712429324267,7.418417917833311,55.08953857421875,0.0,0.0,0.0,False,0,['worst_quality_percentile'],False,0.728381353858893,worst_quality_percentile
7198,test,88,male,caucasian,happy,/home/fox/Desktop/Projects/Amrita RLHF/Diffusion_RL_Abi/datasets/appa-real-dataset_v2/test_data/007198.jpg,False,318.2455749511719,63.370540618896484,True,0.1460505497180413,77.23513793945312,56.867671966552734,0.28102874755859375,0.004434690636678947,7.240383400822964,53.3531494140625,0.0,0.0,0.0,False,0,['worst_quality_percentile'],False,0.6824811336733348,worst_quality_percentile
7205,test,40,female,caucasian,happy,/home/fox/Desktop/Projects/Amrita RLHF/Diffusion_RL_Abi/datasets/appa-real-dataset_v2/test_data/007205.jpg,False,164.33657836914062,43.62322998046875,True,0.1736111111111111,55.93795394897461,45.476619720458984,0.07082080841064453,0.001623465452211755,7.762747136825094,58.63525390625,0.0,0.0,0.0,False,0,['worst_quality_percentile'],False,0.6894066281498767,worst_quality_percentile
7209,test,30,female,caucasian,happy,/home/fox/Desktop/Projects/Amrita RLHF/Diffusion_RL_Abi/datasets/appa-real-dataset_v2/test_data/007209.jpg,False,367.88134765625,60.31883239746094,True,0.28549115724721263,161.8206024169922,58.818397521972656,0.10574483871459961,0.0017530982076163768,6.788923084162201,45.27783203125,0.09107843137254903,0.034554017685505575,0.553921568627451,False,1,['worst_quality_percentile'],False,0.6356964073997402,worst_quality_percentile
7212,test,7,female,caucasian,happy,/home/fox/Desktop/Projects/Amrita RLHF/Diffusion_RL_Abi/datasets/appa-real-dataset_v2/test_data/007212.jpg,False,378.8743591308594,38.477325439453125,True,0.05750898203592814,14.580185890197754,23.741313934326172,-0.35112595558166504,-0.009125528930243824,4.244227680613079,23.21484375,0.09664,0.1037245508982036,0.832,False,2,['roi_blur_laplacian'],False,0.543500762180778,roi_blur_laplacian
7222,test,40,male,caucasian,neutral,/home/fox/Desktop/Projects/Amrita RLHF/Diffusion_RL_Abi/datasets/appa-real-dataset_v2/test_data/007222.jpg,False,303.24176025390625,56.759361267089844,True,0.13396556879832544,49.77537536621094,42.46123123168945,0.2703561782836914,0.004763199716929326,7.096834801541761,54.4986572265625,0.09699346405228759,0.16993464052287582,0.8496732026143791,False,1,['worst_quality_percentile'],False,0.8169636976118336,worst_quality_percentile
7224,test,25,female,caucasian,neutral,/home/fox/Desktop/Projects/Amrita RLHF/Diffusion_RL_Abi/datasets/appa-real-dataset_v2/test_data/007224.jpg,False,608.5421752929688,76.27938842773438,True,0.03074974247612684,20.352025985717773,51.986785888671875,1.61832857131958,0.02121580394731336,6.500164708037445,46.45416259765625,0.0,0.0,0.0,False,0,['worst_quality_percentile'],False,0.7672243446186273,worst_quality_percentile
7226,test,39,male,asian,happy,/home/fox/Desktop/Projects/Amrita RLHF/Diffusion_RL_Abi/datasets/appa-real-dataset_v2/test_data/007226.jpg,False,338.24542236328125,35.798179626464844,True,0.13866746411483252,256.9515380859375,39.94660568237305,0.411121129989624,0.011484414090186775,4.852202082965853,24.94488525390625,0.44970000000000004,0.09932615629984051,0.497,True,1,['worst_quality_percentile'],False,0.7056853040254437,worst_quality_percentile
7227,test,17,male,caucasian,happy,/home/fox/Desktop/Projects/Amrita RLHF/Diffusion_RL_Abi/datasets/appa-real-dataset_v2/test_data/007227.jpg,False,577.2822875976562,48.922115325927734,True,0.006335663377192983,3.782613515853882,16.153057098388672,-1.4936118125915527,-0.03053040066052843,3.496294787339057,11.58087158203125,0.0,0.0,0.0,False,0,"['roi_blur_tenengrad', 'roi_blur_laplacian']",False,0.399288631273877,roi_blur_tenengrad;roi_blur_laplacian
7231,test,6,female,caucasian,neutral,/home/fox/Desktop/Projects/Amrita RLHF/Diffusion_RL_Abi/datasets/appa-real-dataset_v2/test_data/007231.jpg,False,197.68838500976562,65.84259033203125,True,0.11260754020089185,21.107343673706055,39.86717987060547,0.2659769058227539,0.0040395874530740235,7.868085803257535,59.11444091796875,0.0,0.0,0.0,False,0,['worst_quality_percentile'],False,0.7797203455219527,worst_quality_percentile
7238,test,43,female,caucasian,slightlyhappy,/home/fox/Desktop/Projects/Amrita RLHF/Diffusion_RL_Abi/datasets/appa-real-dataset_v2/test_data/007238.jpg,False,900.2542114257812,69.25393676757812,False,0.0,829.4622802734375,74.24012756347656,3.0898637771606445,0.044616434483920324,5.702410322982817,44.82568359375,0.0,0.0,0.0,False,0,['jpeg_blockiness'],False,0.5712968364792894,jpeg_blockiness
7239,test,31,male,caucasian,neutral,/home/fox/Desktop/Projects/Amrita RLHF/Diffusion_RL_Abi/datasets/appa-real-dataset_v2/test_data/007239.jpg,False,62.10885238647461,44.45256042480469,True,0.327184,43.777835845947266,42.9186897277832,0.30804872512817383,0.006929830706139727,7.982387895057029,58.02947998046875,0.47600000000000003,0.131488,0.76,True,1,['worst_quality_percentile'],False,0.8642000865686811,worst_quality_percentile
7240,test,22,female,caucasian,happy,/home/fox/Desktop/Projects/Amrita RLHF/Diffusion_RL_Abi/datasets/appa-real-dataset_v2/test_data/007240.jpg,False,59.493839263916016,31.100812911987305,True,0.23087959566316132,62.7807731628418,48.825714111328125,0.19702744483947754,0.006335121820189294,8.116420521837282,66.4034423828125,0.0,0.0,0.0,False,0,['worst_quality_percentile'],False,0.7446788490129289,worst_quality_percentile
7244,test,17,male,caucasian,neutral,/home/fox/Desktop/Projects/Amrita RLHF/Diffusion_RL_Abi/datasets/appa-real-dataset_v2/test_data/007244.jpg,False,412.367431640625,37.36418533325195,True,0.27200490969036695,342.43890380859375,48.24369812011719,0.3295774459838867,0.00882067772182642,3.159596009660911,3.143798828125,0.5,0.359591814793578,1.0,True,1,['black_bars_area'],False,0.5354743399138078,black_bars_area
7248,test,18,female,caucasian,slightlyhappy,/home/fox/Desktop/Projects/Amrita RLHF/Diffusion_RL_Abi/datasets/appa-real-dataset_v2/test_data/007248.jpg,False,285.4986877441406,50.511375427246094,True,0.20428357113217785,71.97553253173828,40.46260070800781,0.049935340881347656,0.0009885959245888275,6.974411683893923,53.158447265625,0.09333333333333334,0.11602668454147914,0.6666666666666666,False,1,['worst_quality_percentile'],False,0.7325121854828086,worst_quality_percentile
7266,test,37,male,caucasian,happy,/home/fox/Desktop/Projects/Amrita RLHF/Diffusion_RL_Abi/datasets/appa-real-dataset_v2/test_data/007266.jpg,False,293.3456115722656,81.28289794921875,True,0.31469363474122547,177.14918518066406,67.23600769042969,0.790287971496582,0.009722684374118006,7.115204415088927,55.01300048828125,0.0,0.0,0.0,False,0,['worst_quality_percentile'],False,0.6772117357020532,worst_quality_percentile
7269,test,7,female,caucasian,other,/home/fox/Desktop/Projects/Amrita RLHF/Diffusion_RL_Abi/datasets/appa-real-dataset_v2/test_data/007269.jpg,False,194.6510772705078,46.69755935668945,True,0.025208577283372367,6.211206436157227,22.54104995727539,0.0074045658111572266,0.00015856429660562597,5.088859677974724,36.8399658203125,0.0,0.0,0.0,False,0,"['roi_blur_laplacian', 'worst_quality_percentile']",False,0.6376159738035644,roi_blur_laplacian;worst_quality_percentile
7270,test,20,female,caucasian,happy,/home/fox/Desktop/Projects/Amrita RLHF/Diffusion_RL_Abi/datasets/appa-real-dataset_v2/test_data/007270.jpg,False,92.649658203125,37.57151794433594,True,0.24727522470064797,42.88713836669922,40.2050895690918,0.3559739589691162,0.00947456927404264,7.885305170619039,58.278076171875,0.0,0.0,0.0,False,0,['worst_quality_percentile'],False,0.8069330221879293,worst_quality_percentile
7271,test,37,female,caucasian,happy,/home/fox/Desktop/Projects/Amrita RLHF/Diffusion_RL_Abi/datasets/appa-real-dataset_v2/test_data/007271.jpg,False,617.7984619140625,68.82103729248047,True,0.013263226839385779,14.493453025817871,41.40487289428711,0.1976318359375,0.0028716776270882515,4.297399621372429,38.995361328125,0.09071428571428573,0.06246816097809475,0.5357142857142857,False,2,"['roi_blur_laplacian', 'worst_quality_percentile']",False,0.7071249788283118,roi_blur_laplacian;worst_quality_percentile
7273,test,29,male,caucasian,neutral,/home/fox/Desktop/Projects/Amrita RLHF/Diffusion_RL_Abi/datasets/appa-real-dataset_v2/test_data/007273.jpg,False,276.8428649902344,40.27969741821289,True,0.2307586669921875,110.42882537841797,38.491676330566406,0.8330602645874023,0.020681889321463375,4.536438821863451,10.2403564453125,0.0,0.0,0.0,False,0,['worst_quality_percentile'],False,0.6430547452810659,worst_quality_percentile
7276,test,64,male,caucasian,neutral,/home/fox/Desktop/Projects/Amrita RLHF/Diffusion_RL_Abi/datasets/appa-real-dataset_v2/test_data/007276.jpg,False,245.17604064941406,41.558406829833984,True,0.05937752060983137,22.317991256713867,18.53978157043457,0.04554295539855957,0.0010958782536867344,5.5143637162669386,31.67926025390625,0.0,0.0,0.0,False,0,"['roi_blur_tenengrad', 'worst_quality_percentile']",False,0.648832263771007,roi_blur_tenengrad;worst_quality_percentile
7281,test,24,female,asian,slightlyhappy,/home/fox/Desktop/Projects/Amrita RLHF/Diffusion_RL_Abi/datasets/appa-real-dataset_v2/test_data/007281.jpg,False,264.8106384277344,34.440093994140625,True,0.2157424826062289,115.31716918945312,49.918399810791016,0.23470449447631836,0.006814861994900107,8.017784978263855,62.8604736328125,0.1,0.5211263399922362,1.0,False,1,['worst_quality_percentile'],False,0.8015695278243031,worst_quality_percentile
7283,test,26,male,asian,happy,/home/fox/Desktop/Projects/Amrita RLHF/Diffusion_RL_Abi/datasets/appa-real-dataset_v2/test_data/007283.jpg,False,308.40911865234375,39.67082595825195,True,0.22203338724267427,172.53652954101562,46.97140121459961,0.2553589344024658,0.0064369450798491224,6.924522351370089,68.29742431640625,0.09905759162303666,0.25278912310517804,0.9528795811518325,False,1,['worst_quality_percentile'],False,0.7799085383066412,worst_quality_percentile
7293,test,34,female,caucasian,neutral,/home/fox/Desktop/Projects/Amrita RLHF/Diffusion_RL_Abi/datasets/appa-real-dataset_v2/test_data/007293.jpg,False,106.06245422363281,39.136566162109375,True,0.2401,70.13970947265625,45.17668151855469,0.10606169700622559,0.0027100408824029597,7.608244495722644,52.66046142578125,0.0,0.0,0.0,False,0,['worst_quality_percentile'],False,0.6899900257824115,worst_quality_percentile
7300,test,18,male,caucasian,slightlyhappy,/home/fox/Desktop/Projects/Amrita RLHF/Diffusion_RL_Abi/datasets/appa-real-dataset_v2/test_data/007300.jpg,False,1043.3243408203125,72.24877166748047,True,0.22115412710007304,135.73609924316406,51.38847732543945,0.19863605499267578,0.002749334662152439,7.193958302937541,49.00213623046875,0.0,0.0,0.0,False,0,['worst_quality_percentile'],False,0.6475713721135932,worst_quality_percentile
7307,test,16,female,caucasian,slightlyhappy,/home/fox/Desktop/Projects/Amrita RLHF/Diffusion_RL_Abi/datasets/appa-real-dataset_v2/test_data/007307.jpg,False,464.69952392578125,65.7198486328125,True,0.18924957706916914,96.21349334716797,51.95573425292969,0.5808520317077637,0.008838304331995258,6.6930239782982826,48.7178955078125,0.0,0.0,0.0,False,0,['worst_quality_percentile'],False,0.7183883169919264,worst_quality_percentile
7312,test,30,male,caucasian,happy,/home/fox/Desktop/Projects/Amrita RLHF/Diffusion_RL_Abi/datasets/appa-real-dataset_v2/test_data/007312.jpg,False,143.21084594726562,46.03925704956055,True,0.28027681660899656,61.89555358886719,42.843231201171875,0.24271249771118164,0.005271859451989982,7.052396346578994,51.51019287109375,0.09218487394957985,0.055857637172516066,0.6092436974789915,False,4,['worst_quality_percentile'],False,0.798859551724787,worst_quality_percentile
7313,test,39,male,caucasian,neutral,/home/fox/Desktop/Projects/Amrita RLHF/Diffusion_RL_Abi/datasets/appa-real-dataset_v2/test_data/007313.jpg,False,234.33482360839844,31.363121032714844,True,0.03421166547973133,45.5232048034668,35.331111907958984,0.12567663192749023,0.004007146731004555,4.765236574624441,29.72442626953125,0.0,0.0,0.0,False,0,['worst_quality_percentile'],False,0.641248094548055,worst_quality_percentile
7319,test,27,female,caucasian,neutral,/home/fox/Desktop/Projects/Amrita RLHF/Diffusion_RL_Abi/datasets/appa-real-dataset_v2/test_data/007319.jpg,False,30.081031799316406,22.261474609375,True,0.11300229182582124,12.633940696716309,26.751026153564453,-0.0373455286026001,-0.0016775854960339076,7.479581858359718,57.9432373046875,0.5,0.2991711229946524,1.0,True,2,"['roi_blur_laplacian', 'black_bars_area', 'worst_quality_percentile']",False,0.7741216101774658,roi_blur_laplacian;black_bars_area;worst_quality_percentile
7327,test,15,female,caucasian,slightlyhappy,/home/fox/Desktop/Projects/Amrita RLHF/Diffusion_RL_Abi/datasets/appa-real-dataset_v2/test_data/007327.jpg,False,532.447509765625,92.09068298339844,True,0.07217643127645355,33.68376922607422,67.94338989257812,-0.10007381439208984,-0.0010866877089340608,7.988592489393977,60.60443115234375,0.08686567164179106,0.03230118066384496,0.34328358208955223,False,1,['worst_quality_percentile'],False,0.6296554190112351,worst_quality_percentile
7337,test,30,male,caucasian,other,/home/fox/Desktop/Projects/Amrita RLHF/Diffusion_RL_Abi/datasets/appa-real-dataset_v2/test_data/007337.jpg,False,230.81443786621094,36.28633499145508,True,0.011888905152224825,5.594667911529541,20.885644912719727,0.08480238914489746,0.0023370336747382606,3.8693841817563768,3.9183349609375,0.09152224824355973,0.08594115925058549,0.5761124121779859,False,1,['roi_blur_laplacian'],False,0.6165289722792028,roi_blur_laplacian
7341,test,35,female,caucasian,slightlyhappy,/home/fox/Desktop/Projects/Amrita RLHF/Diffusion_RL_Abi/datasets/appa-real-dataset_v2/test_data/007341.jpg,False,284.14715576171875,32.095577239990234,True,0.2320512552301255,168.94407653808594,32.125205993652344,0.2624638080596924,0.008177569075003282,5.684807101767249,54.24658203125,0.0,0.0,0.0,False,0,['worst_quality_percentile'],False,0.7201949677249374,worst_quality_percentile
7342,test,28,male,caucasian,neutral,/home/fox/Desktop/Projects/Amrita RLHF/Diffusion_RL_Abi/datasets/appa-real-dataset_v2/test_data/007342.jpg,False,48.622310638427734,29.992164611816406,True,0.10247419455739756,14.32278060913086,28.7719669342041,-0.025213003158569336,-0.0008406529720093249,8.060660774185502,61.46514892578125,0.46330935251798566,0.07155145448858305,0.6330935251798561,True,1,"['roi_blur_laplacian', 'worst_quality_percentile']",False,0.788904153414758,roi_blur_laplacian;worst_quality_percentile
7344,test,30,female,caucasian,happy,/home/fox/Desktop/Projects/Amrita RLHF/Diffusion_RL_Abi/datasets/appa-real-dataset_v2/test_data/007344.jpg,False,625.9517822265625,64.05625915527344,True,0.37406329719387754,410.2718811035156,61.257362365722656,0.573397159576416,0.008951461702361203,6.377867321672697,40.083984375,0.4758928571428572,0.05857382015306122,0.7589285714285714,True,2,['worst_quality_percentile'],False,0.6768918079680825,worst_quality_percentile
7347,test,58,female,caucasian,happy,/home/fox/Desktop/Projects/Amrita RLHF/Diffusion_RL_Abi/datasets/appa-real-dataset_v2/test_data/007347.jpg,False,124.40235900878906,62.430335998535156,True,0.16372080590731397,55.511375427246094,62.201778411865234,0.5150322914123535,0.008249711857625214,7.81700930294199,58.56298828125,0.0,0.0,0.0,False,0,['worst_quality_percentile'],False,0.7317311854263507,worst_quality_percentile
7352,test,16,female,asian,happy,/home/fox/Desktop/Projects/Amrita RLHF/Diffusion_RL_Abi/datasets/appa-real-dataset_v2/test_data/007352.jpg,False,499.6685791015625,65.58065795898438,True,0.24204295232920586,129.00970458984375,41.103633880615234,0.15594482421875,0.0023779087721012594,6.581866610899238,53.37872314453125,0.09593582887700536,0.03912036375075067,0.7967914438502673,False,1,['worst_quality_percentile'],False,0.7408397162052808,worst_quality_percentile
7359,test,24,male,asian,happy,/home/fox/Desktop/Projects/Amrita RLHF/Diffusion_RL_Abi/datasets/appa-real-dataset_v2/test_data/007359.jpg,False,264.2010803222656,33.399574279785156,True,0.133613074204947,748.9498291015625,65.27867126464844,-0.09797930717468262,-0.0029335494943848544,4.630049227327645,38.01483154296875,0.5,0.5150811616607773,1.0,True,1,['black_bars_area'],False,0.41937821103938877,black_bars_area
7361,test,10,female,caucasian,neutral,/home/fox/Desktop/Projects/Amrita RLHF/Diffusion_RL_Abi/datasets/appa-real-dataset_v2/test_data/007361.jpg,False,117.49604797363281,46.57517623901367,True,0.08826927116152068,5.330195426940918,27.776342391967773,-0.5250334739685059,-0.011272817519816368,7.818363766106863,61.10076904296875,0.0,0.0,0.0,False,0,['roi_blur_laplacian'],False,0.619041345954796,roi_blur_laplacian
7363,test,23,female,caucasian,slightlyhappy,/home/fox/Desktop/Projects/Amrita RLHF/Diffusion_RL_Abi/datasets/appa-real-dataset_v2/test_data/007363.jpg,False,1096.93505859375,53.91256332397461,True,0.015029815146094215,13.352912902832031,21.676801681518555,-0.04916238784790039,-0.0009118911048725271,3.2859718708962116,15.0721435546875,0.0,0.0,0.0,False,0,['roi_blur_laplacian'],False,0.49370495135216513,roi_blur_laplacian
7365,test,80,female,caucasian,neutral,/home/fox/Desktop/Projects/Amrita RLHF/Diffusion_RL_Abi/datasets/appa-real-dataset_v2/test_data/007365.jpg,False,645.4260864257812,63.17400360107422,True,0.1418451678191938,88.96508026123047,56.382530212402344,0.2806539535522461,0.0044425544228911176,7.344753252179759,56.9073486328125,0.0,0.0,0.0,False,0,['worst_quality_percentile'],False,0.6888044112388731,worst_quality_percentile
7377,test,41,male,caucasian,neutral,/home/fox/Desktop/Projects/Amrita RLHF/Diffusion_RL_Abi/datasets/appa-real-dataset_v2/test_data/007377.jpg,False,766.6392211914062,58.77685546875,True,0.006315099404081954,5.241054058074951,13.288726806640625,-0.2727627754211426,-0.004640649259052547,4.2572508792738795,7.44927978515625,0.09315363881401618,0.0752283227073474,0.6576819407008087,False,1,"['roi_blur_tenengrad', 'roi_blur_laplacian']",False,0.5251331463951672,roi_blur_tenengrad;roi_blur_laplacian
7384,test,18,female,caucasian,slightlyhappy,/home/fox/Desktop/Projects/Amrita RLHF/Diffusion_RL_Abi/datasets/appa-real-dataset_v2/test_data/007384.jpg,False,118.72581481933594,27.613616943359375,True,0.28994082840236685,106.16085052490234,37.756065368652344,-0.05060577392578125,-0.0018326383029410717,7.453881854118108,57.48443603515625,0.1,0.3760157790927022,1.0,False,1,['worst_quality_percentile'],False,0.7037092797862129,worst_quality_percentile
7388,test,69,male,caucasian,slightlyhappy,/home/fox/Desktop/Projects/Amrita RLHF/Diffusion_RL_Abi/datasets/appa-real-dataset_v2/test_data/007388.jpg,False,1295.0155029296875,134.94024658203125,True,0.05788908361128385,39.22983932495117,73.55166625976562,0.3935871124267578,0.002916751076712625,7.494636467094324,55.22589111328125,0.0,0.0,0.0,False,0,['worst_quality_percentile'],False,0.6667293975948964,worst_quality_percentile
7393,test,11,male,caucasian,neutral,/home/fox/Desktop/Projects/Amrita RLHF/Diffusion_RL_Abi/datasets/appa-real-dataset_v2/test_data/007393.jpg,False,344.97344970703125,68.61177062988281,True,0.2372144218636742,144.4849090576172,60.16236877441406,0.7473883628845215,0.010893004875551237,6.883817800889859,53.4537353515625,0.0,0.0,0.0,False,0,['worst_quality_percentile'],False,0.6981387733594294,worst_quality_percentile
7404,test,1,male,caucasian,neutral,/home/fox/Desktop/Projects/Amrita RLHF/Diffusion_RL_Abi/datasets/appa-real-dataset_v2/test_data/007404.jpg,False,145.21954345703125,43.81503677368164,True,0.13748264108067162,10.117049217224121,20.14476203918457,-0.27494263648986816,-0.006275074733702908,7.159683461171655,51.840576171875,0.0,0.0,0.0,False,0,['roi_blur_laplacian'],False,0.6185144061576678,roi_blur_laplacian
7405,test,37,female,caucasian,other,/home/fox/Desktop/Projects/Amrita RLHF/Diffusion_RL_Abi/datasets/appa-real-dataset_v2/test_data/007405.jpg,False,335.8026428222656,50.313289642333984,True,0.24203756110110625,202.65066528320312,51.29718780517578,0.15133333206176758,0.003007820202768343,5.814057172521446,38.02593994140625,0.09230769230769231,0.04465311722836807,0.6153846153846154,False,1,['worst_quality_percentile'],False,0.6423960705346557,worst_quality_percentile
7413,test,23,female,caucasian,happy,/home/fox/Desktop/Projects/Amrita RLHF/Diffusion_RL_Abi/datasets/appa-real-dataset_v2/test_data/007413.jpg,False,222.107177734375,30.677480697631836,False,0.0,318.0197448730469,41.60662078857422,0.09133529663085938,0.002977274912298621,4.720872232045948,85.68951416015625,0.0,0.0,0.0,False,0,['brisque'],False,0.5960818262227826,brisque
7422,test,19,male,caucasian,happy,/home/fox/Desktop/Projects/Amrita RLHF/Diffusion_RL_Abi/datasets/appa-real-dataset_v2/test_data/007422.jpg,False,630.5693359375,66.6546630859375,True,0.31164577245734754,452.0549621582031,86.22705078125,2.2969202995300293,0.03446000862848281,6.997248519294766,54.90826416015625,0.0,0.0,0.0,False,0,"['jpeg_blockiness', 'worst_quality_percentile']",False,0.6289779249863561,jpeg_blockiness;worst_quality_percentile
7430,test,28,male,caucasian,neutral,/home/fox/Desktop/Projects/Amrita RLHF/Diffusion_RL_Abi/datasets/appa-real-dataset_v2/test_data/007430.jpg,False,194.10870361328125,44.00453567504883,True,0.3705103969754253,143.14666748046875,48.888710021972656,0.4724314212799072,0.010735970810659218,7.105900455958458,46.59796142578125,0.0,0.0,0.0,False,0,['worst_quality_percentile'],False,0.719573931535465,worst_quality_percentile
7444,test,49,female,caucasian,happy,/home/fox/Desktop/Projects/Amrita RLHF/Diffusion_RL_Abi/datasets/appa-real-dataset_v2/test_data/007444.jpg,False,411.8369445800781,72.20567321777344,True,0.2552354600694444,141.95645141601562,60.95638656616211,0.695042610168457,0.009625872449749554,6.591583734992821,47.6849365234375,0.0,0.0,0.0,False,0,['worst_quality_percentile'],False,0.6735984342360314,worst_quality_percentile
7450,test,21,female,caucasian,other,/home/fox/Desktop/Projects/Amrita RLHF/Diffusion_RL_Abi/datasets/appa-real-dataset_v2/test_data/007450.jpg,False,30.79420280456543,37.44160079956055,True,0.15818281335522716,21.593482971191406,36.16282272338867,-0.08734321594238281,-0.0023327852373935553,7.24226596097178,47.28741455078125,0.0,0.0,0.0,False,0,['worst_quality_percentile'],False,0.6323089372753448,worst_quality_percentile
7452,test,37,female,caucasian,neutral,/home/fox/Desktop/Projects/Amrita RLHF/Diffusion_RL_Abi/datasets/appa-real-dataset_v2/test_data/007452.jpg,False,42.096370697021484,37.872554779052734,True,0.09126666666666666,13.144096374511719,30.804296493530273,-0.0012826919555664062,-3.386863994734313e-05,8.27169966856541,63.73529052734375,0.0,0.0,0.0,False,0,"['roi_blur_laplacian', 'worst_quality_percentile']",False,0.7222462690780436,roi_blur_laplacian;worst_quality_percentile
7453,test,25,male,caucasian,neutral,/home/fox/Desktop/Projects/Amrita RLHF/Diffusion_RL_Abi/datasets/appa-real-dataset_v2/test_data/007453.jpg,False,400.8297424316406,52.00440979003906,True,0.18159220041322313,112.04086303710938,64.12174987792969,0.48734140396118164,0.009371155187754327,7.030465632567745,49.305908203125,0.08852272727272728,0.08700284090909091,0.42613636363636365,False,1,['worst_quality_percentile'],False,0.7411220053823134,worst_quality_percentile
7455,test,70,female,caucasian,slightlyhappy,/home/fox/Desktop/Projects/Amrita RLHF/Diffusion_RL_Abi/datasets/appa-real-dataset_v2/test_data/007455.jpg,False,442.79180908203125,39.82245635986328,True,0.38092041015625,460.3910217285156,49.899375915527344,2.758209228515625,0.06926265759017677,5.298914391975493,44.2835693359375,0.09164062500000002,0.08233642578125,0.58203125,False,2,"['jpeg_blockiness', 'worst_quality_percentile']",False,0.7135894009823663,jpeg_blockiness;worst_quality_percentile
7461,test,30,male,caucasian,neutral,/home/fox/Desktop/Projects/Amrita RLHF/Diffusion_RL_Abi/datasets/appa-real-dataset_v2/test_data/007461.jpg,False,128.5447998046875,45.45960235595703,True,0.17419486137675913,57.80039596557617,52.13963317871094,0.14349722862243652,0.003156587784077809,7.121622660126096,53.2314453125,1.0,0.07747196738022426,1.0,True,2,"['black_bars_score', 'worst_quality_percentile']",False,0.7570807535239099,black_bars_score;worst_quality_percentile
7470,test,35,female,caucasian,happy,/home/fox/Desktop/Projects/Amrita RLHF/Diffusion_RL_Abi/datasets/appa-real-dataset_v2/test_data/007470.jpg,False,107.31086730957031,37.21419906616211,True,0.15818698347107438,20.833765029907227,32.239784240722656,-0.19535398483276367,-0.005249447374535773,7.876773890147539,60.540771484375,0.08636363636363636,0.03515625,0.3181818181818182,False,1,['worst_quality_percentile'],False,0.6984398818149311,worst_quality_percentile
7475,test,7,female,afroamerican,neutral,/home/fox/Desktop/Projects/Amrita RLHF/Diffusion_RL_Abi/datasets/appa-real-dataset_v2/test_data/007475.jpg,False,117.07905578613281,32.715763092041016,True,0.2863188673437981,38.208168029785156,30.426830291748047,0.30049991607666016,0.009185171871005293,7.340952245284444,53.5838623046875,0.0,0.0,0.0,False,0,['worst_quality_percentile'],False,0.8084009259085008,worst_quality_percentile
7478,test,15,female,caucasian,happy,/home/fox/Desktop/Projects/Amrita RLHF/Diffusion_RL_Abi/datasets/appa-real-dataset_v2/test_data/007478.jpg,False,563.56298828125,105.4578857421875,True,0.06059171597633136,19.303977966308594,53.180198669433594,0.1208038330078125,0.001145517293582235,7.6777148803165876,58.54547119140625,0.0,0.0,0.0,False,0,['worst_quality_percentile'],False,0.6812578805728587,worst_quality_percentile
7480,test,7,female,caucasian,slightlyhappy,/home/fox/Desktop/Projects/Amrita RLHF/Diffusion_RL_Abi/datasets/appa-real-dataset_v2/test_data/007480.jpg,False,223.44146728515625,39.556671142578125,True,0.38919282888645734,231.05503845214844,45.19691467285156,0.20514559745788574,0.005186118708835229,7.092906272647563,58.0552978515625,0.08834862385321102,0.044188199646494404,0.41743119266055045,False,1,['worst_quality_percentile'],False,0.7423640777612587,worst_quality_percentile
7493,test,36,male,caucasian,happy,/home/fox/Desktop/Projects/Amrita RLHF/Diffusion_RL_Abi/datasets/appa-real-dataset_v2/test_data/007493.jpg,False,81.61746215820312,54.26721954345703,True,0.14938462117505363,27.01789093017578,53.52903366088867,0.5067751407623291,0.00933851293077568,7.8603326002590865,62.130126953125,0.0,0.0,0.0,False,0,['worst_quality_percentile'],False,0.7809435986224289,worst_quality_percentile
7504,test,1,female,caucasian,slightlyhappy,/home/fox/Desktop/Projects/Amrita RLHF/Diffusion_RL_Abi/datasets/appa-real-dataset_v2/test_data/007504.jpg,False,251.93405151367188,64.5188980102539,True,0.11260754020089185,24.208820343017578,40.06216812133789,0.09727191925048828,0.0015076500179432538,7.09763500571328,54.07489013671875,0.0,0.0,0.0,False,0,['worst_quality_percentile'],False,0.707416677644579,worst_quality_percentile
7506,test,6,female,caucasian,slightlyhappy,/home/fox/Desktop/Projects/Amrita RLHF/Diffusion_RL_Abi/datasets/appa-real-dataset_v2/test_data/007506.jpg,False,2764.58642578125,160.8224334716797,True,0.14829674781065547,251.23533630371094,88.15953826904297,1.3490333557128906,0.008388340595294565,7.918470276923331,47.93231201171875,0.0,0.0,0.0,False,0,['worst_quality_percentile'],False,0.6370325761710297,worst_quality_percentile
7513,test,50,female,caucasian,happy,/home/fox/Desktop/Projects/Amrita RLHF/Diffusion_RL_Abi/datasets/appa-real-dataset_v2/test_data/007513.jpg,False,73.39777374267578,33.83137512207031,True,0.19478168596485754,35.374183654785156,40.869747161865234,-0.030140161514282227,-0.000890893749208739,8.06482000084907,61.06005859375,0.08949720670391062,0.08329952248681377,0.4748603351955307,False,2,['worst_quality_percentile'],False,0.7358337881325631,worst_quality_percentile
7515,test,40,male,caucasian,neutral,/home/fox/Desktop/Projects/Amrita RLHF/Diffusion_RL_Abi/datasets/appa-real-dataset_v2/test_data/007515.jpg,False,196.69117736816406,34.162899017333984,True,0.21069604944907283,45.21214294433594,36.72987365722656,0.3905043601989746,0.011430656062595267,7.7291481116167216,59.76751708984375,0.0,0.0,0.0,False,0,['worst_quality_percentile'],False,0.823381071569716,worst_quality_percentile
7516,test,1,male,caucasian,neutral,/home/fox/Desktop/Projects/Amrita RLHF/Diffusion_RL_Abi/datasets/appa-real-dataset_v2/test_data/007516.jpg,False,87.2718505859375,33.86514663696289,True,0.1960595034776367,32.189754486083984,28.323711395263672,0.15996623039245605,0.004723624184583718,7.122475032826456,48.79632568359375,0.0,0.0,0.0,False,0,['worst_quality_percentile'],False,0.7564032594990308,worst_quality_percentile
7526,test,90,female,caucasian,slightlyhappy,/home/fox/Desktop/Projects/Amrita RLHF/Diffusion_RL_Abi/datasets/appa-real-dataset_v2/test_data/007526.jpg,False,119.31849670410156,41.989952087402344,True,0.11703601108033242,16.158044815063477,30.883726119995117,-0.26672792434692383,-0.0063521843854344884,7.633063133993456,58.2279052734375,0.08526315789473685,0.03163954293628809,0.2631578947368421,False,1,['worst_quality_percentile'],False,0.685642772456104,worst_quality_percentile
7527,test,6,male,caucasian,neutral,/home/fox/Desktop/Projects/Amrita RLHF/Diffusion_RL_Abi/datasets/appa-real-dataset_v2/test_data/007527.jpg,False,1280.925048828125,117.84935760498047,True,0.1181640625,101.1905746459961,67.64875030517578,1.9987459182739258,0.016960176465393644,7.630294434368949,47.32293701171875,0.0,0.0,0.0,False,0,['worst_quality_percentile'],False,0.7097879067316558,worst_quality_percentile
7528,test,10,male,caucasian,happy,/home/fox/Desktop/Projects/Amrita RLHF/Diffusion_RL_Abi/datasets/appa-real-dataset_v2/test_data/007528.jpg,False,37.66021728515625,29.022438049316406,True,0.11999658251100004,4.988225936889648,20.177383422851562,0.10394477844238281,0.0035815314579782406,9.190682478701172,59.98944091796875,0.08627450980392158,0.06326626511170917,0.3137254901960784,False,1,"['roi_blur_laplacian', 'worst_quality_percentile']",False,0.8494834108060296,roi_blur_laplacian;worst_quality_percentile
7534,test,21,female,caucasian,slightlyhappy,/home/fox/Desktop/Projects/Amrita RLHF/Diffusion_RL_Abi/datasets/appa-real-dataset_v2/test_data/007534.jpg,False,346.41827392578125,62.11705017089844,True,0.13523413111342353,34.145111083984375,40.30146789550781,0.0710606575012207,0.0011439798921831677,7.448178577167721,58.92529296875,0.0,0.0,0.0,False,0,['worst_quality_percentile'],False,0.7073602198091725,worst_quality_percentile
7538,test,71,male,caucasian,slightlyhappy,/home/fox/Desktop/Projects/Amrita RLHF/Diffusion_RL_Abi/datasets/appa-real-dataset_v2/test_data/007538.jpg,False,146.39022827148438,53.29202651977539,True,0.10652970679012345,16.16545867919922,36.32499694824219,-0.09783196449279785,-0.0018357711095997383,7.749777316644845,59.69488525390625,0.0,0.0,0.0,False,0,['worst_quality_percentile'],False,0.6678397350245592,worst_quality_percentile
7541,test,70,male,caucasian,happy,/home/fox/Desktop/Projects/Amrita RLHF/Diffusion_RL_Abi/datasets/appa-real-dataset_v2/test_data/007541.jpg,False,98.24762725830078,37.18657684326172,True,0.18948096885813148,46.124385833740234,40.38192367553711,0.2162022590637207,0.005813986432819792,7.464754783861643,59.33197021484375,0.08800000000000002,0.030519031141868512,0.4,False,1,['worst_quality_percentile'],False,0.8301089636223349,worst_quality_percentile
7543,test,27,female,caucasian,neutral,/home/fox/Desktop/Projects/Amrita RLHF/Diffusion_RL_Abi/datasets/appa-real-dataset_v2/test_data/007543.jpg,False,109.56626892089844,54.47209930419922,True,0.2251405664306539,44.16763687133789,48.27228546142578,0.04128313064575195,0.000757876608671347,7.614876717812102,53.867919921875,0.0,0.0,0.0,False,0,['worst_quality_percentile'],False,0.6603308429154826,worst_quality_percentile
7544,test,28,female,caucasian,neutral,/home/fox/Desktop/Projects/Amrita RLHF/Diffusion_RL_Abi/datasets/appa-real-dataset_v2/test_data/007544.jpg,False,368.5101013183594,64.47657012939453,True,0.2477330623127384,107.47657012939453,57.236839294433594,0.13524675369262695,0.002097610827058523,7.772868581712785,55.68328857421875,0.09029288702928871,0.0684766970684899,0.5146443514644351,False,1,['worst_quality_percentile'],False,0.7054782919622863,worst_quality_percentile
7552,test,29,female,caucasian,neutral,/home/fox/Desktop/Projects/Amrita RLHF/Diffusion_RL_Abi/datasets/appa-real-dataset_v2/test_data/007552.jpg,False,213.39407348632812,74.21290588378906,True,0.0812032742627717,7.616743087768555,30.09882164001465,-0.5328421592712402,-0.007179912250380174,7.305813458531449,61.2625732421875,0.0,0.0,0.0,False,0,['roi_blur_laplacian'],False,0.6140730564390162,roi_blur_laplacian
7553,test,40,female,caucasian,happy,/home/fox/Desktop/Projects/Amrita RLHF/Diffusion_RL_Abi/datasets/appa-real-dataset_v2/test_data/007553.jpg,False,236.73533630371094,57.62022399902344,True,0.2634024803336973,92.59953308105469,40.59834289550781,0.21682405471801758,0.0037629852143356325,7.084099748130237,52.80010986328125,0.0,0.0,0.0,False,0,['worst_quality_percentile'],False,0.7168451361574796,worst_quality_percentile
7565,test,2,female,caucasian,other,/home/fox/Desktop/Projects/Amrita RLHF/Diffusion_RL_Abi/datasets/appa-real-dataset_v2/test_data/007565.jpg,False,514.3272094726562,58.53857421875,True,0.19807390411786016,144.48788452148438,47.01919937133789,0.1686873435974121,0.0028816441631360594,7.032522242031685,50.98382568359375,0.0,0.0,0.0,False,0,['worst_quality_percentile'],False,0.658072529499219,worst_quality_percentile
7568,test,1,male,caucasian,happy,/home/fox/Desktop/Projects/Amrita RLHF/Diffusion_RL_Abi/datasets/appa-real-dataset_v2/test_data/007568.jpg,False,374.9208068847656,28.73759651184082,True,0.006165333333333333,7.213320255279541,26.004291534423828,0.24075937271118164,0.008377853180384372,4.6830837472888,29.93572998046875,0.0,0.0,0.0,False,0,"['roi_blur_laplacian', 'worst_quality_percentile']",False,0.7137964130455238,roi_blur_laplacian;worst_quality_percentile
7569,test,25,male,caucasian,neutral,/home/fox/Desktop/Projects/Amrita RLHF/Diffusion_RL_Abi/datasets/appa-real-dataset_v2/test_data/007569.jpg,False,103.17146301269531,21.771751403808594,True,0.3330251736111111,181.9298858642578,26.059520721435547,-0.04376339912414551,-0.002010099982419874,4.849532524860465,19.4765625,0.48888888888888893,0.24817274305555556,0.8888888888888888,True,2,['black_bars_area'],False,0.5744772945405273,black_bars_area
7571,test,34,female,caucasian,other,/home/fox/Desktop/Projects/Amrita RLHF/Diffusion_RL_Abi/datasets/appa-real-dataset_v2/test_data/007571.jpg,False,83.72250366210938,54.338584899902344,True,0.08544459592516852,17.824182510375977,37.290748596191406,1.2546017169952393,0.023088597103103747,7.387662013606333,58.67071533203125,0.0,0.0,0.0,False,0,['worst_quality_percentile'],False,0.858667218698835,worst_quality_percentile
7572,test,22,female,caucasian,slightlyhappy,/home/fox/Desktop/Projects/Amrita RLHF/Diffusion_RL_Abi/datasets/appa-real-dataset_v2/test_data/007572.jpg,False,621.48681640625,89.42591857910156,True,0.1294294046439969,43.34855651855469,40.31747817993164,0.22072410583496094,0.0024682341190768496,6.837120619081911,46.372802734375,0.0,0.0,0.0,False,0,['worst_quality_percentile'],False,0.707981255998645,worst_quality_percentile
7583,test,11,female,caucasian,slightlyhappy,/home/fox/Desktop/Projects/Amrita RLHF/Diffusion_RL_Abi/datasets/appa-real-dataset_v2/test_data/007583.jpg,False,229.2646026611328,48.28742599487305,True,0.13949775003628972,27.83780288696289,36.71186447143555,-0.12564516067504883,-0.0026020264175266434,7.244701984037771,55.336669921875,0.0,0.0,0.0,False,0,['worst_quality_percentile'],False,0.6368067448294032,worst_quality_percentile
7587,test,38,male,caucasian,neutral,/home/fox/Desktop/Projects/Amrita RLHF/Diffusion_RL_Abi/datasets/appa-real-dataset_v2/test_data/007587.jpg,False,54.16777801513672,41.53040313720703,True,0.3529499870644463,42.79328536987305,41.418701171875,0.06201791763305664,0.001493313607740573,6.793915517747707,49.90533447265625,0.0,0.0,0.0,False,0,['worst_quality_percentile'],False,0.6717541449460828,worst_quality_percentile
7589,test,16,female,caucasian,happy,/home/fox/Desktop/Projects/Amrita RLHF/Diffusion_RL_Abi/datasets/appa-real-dataset_v2/test_data/007589.jpg,False,230.00877380371094,32.399478912353516,True,0.041796875,70.59968566894531,34.74399185180664,0.1567537784576416,0.004838157244551119,4.562591712139598,8.4947509765625,0.1,0.2959002628504673,1.0,False,1,['worst_quality_percentile'],False,0.6522385531738714,worst_quality_percentile
7590,test,18,female,caucasian,happy,/home/fox/Desktop/Projects/Amrita RLHF/Diffusion_RL_Abi/datasets/appa-real-dataset_v2/test_data/007590.jpg,False,199.76287841796875,38.103065490722656,True,0.21069604944907283,43.777313232421875,32.64862823486328,0.20618200302124023,0.005411165609766381,7.053575956993331,56.08929443359375,0.1,0.2893786019289916,1.0,False,1,['worst_quality_percentile'],False,0.8444398441763743,worst_quality_percentile
7594,test,5,male,caucasian,slightlyhappy,/home/fox/Desktop/Projects/Amrita RLHF/Diffusion_RL_Abi/datasets/appa-real-dataset_v2/test_data/007594.jpg,False,591.6396484375,83.2685317993164,True,0.12786042240587694,41.122886657714844,49.081932067871094,0.7400045394897461,0.00888696503483752,6.987153496929976,51.61309814453125,0.0,0.0,0.0,False,0,['worst_quality_percentile'],False,0.7676760073018801,worst_quality_percentile
7595,test,65,male,caucasian,happy,/home/fox/Desktop/Projects/Amrita RLHF/Diffusion_RL_Abi/datasets/appa-real-dataset_v2/test_data/007595.jpg,False,582.0900268554688,56.464073181152344,True,0.21343319311925038,276.2550354003906,65.1538314819336,0.5777192115783691,0.01023162462072585,6.680972014107893,45.552734375,0.08947368421052632,0.04996409151533805,0.47368421052631576,False,1,['worst_quality_percentile'],False,0.688409206391027,worst_quality_percentile
7599,test,1,male,caucasian,happy,/home/fox/Desktop/Projects/Amrita RLHF/Diffusion_RL_Abi/datasets/appa-real-dataset_v2/test_data/007599.jpg,False,469.41741943359375,44.777095794677734,True,0.021557894736842106,13.462477684020996,26.116079330444336,-0.15626192092895508,-0.003489773391193343,3.9330578202280444,26.22430419921875,0.0,0.0,0.0,False,0,['roi_blur_laplacian'],False,0.5054670003952049,roi_blur_laplacian
7600,test,10,male,caucasian,happy,/home/fox/Desktop/Projects/Amrita RLHF/Diffusion_RL_Abi/datasets/appa-real-dataset_v2/test_data/007600.jpg,False,475.27294921875,78.0838394165039,True,0.04976331360946745,7.8131632804870605,35.562740325927734,-0.27924060821533203,-0.0035761638608685976,7.169568466508035,58.4097900390625,0.0,0.0,0.0,False,0,"['roi_blur_laplacian', 'worst_quality_percentile']",False,0.627999322505975,roi_blur_laplacian;worst_quality_percentile
7604,test,24,male,asian,happy,/home/fox/Desktop/Projects/Amrita RLHF/Diffusion_RL_Abi/datasets/appa-real-dataset_v2/test_data/007604.jpg,False,209.4128875732422,32.401947021484375,True,0.018310546875,11.350062370300293,17.737287521362305,0.5477252006530762,0.0169040824425094,4.424663644376373,18.51300048828125,0.09406250000000001,0.08963541666666666,0.703125,False,1,"['roi_blur_tenengrad', 'roi_blur_laplacian', 'worst_quality_percentile']",False,0.7864388279353369,roi_blur_tenengrad;roi_blur_laplacian;worst_quality_percentile
7606,test,27,male,caucasian,neutral,/home/fox/Desktop/Projects/Amrita RLHF/Diffusion_RL_Abi/datasets/appa-real-dataset_v2/test_data/007606.jpg,False,426.283447265625,36.45919418334961,True,0.2367710843373494,454.0028076171875,46.498252868652344,0.1753091812133789,0.004808366732500999,3.827607846936172,-3.18914794921875,0.5,0.29226647767540753,1.0,True,1,['black_bars_area'],False,0.5017125543406665,black_bars_area
7612,test,47,male,caucasian,other,/home/fox/Desktop/Projects/Amrita RLHF/Diffusion_RL_Abi/datasets/appa-real-dataset_v2/test_data/007612.jpg,False,127.39969635009766,53.95961380004883,True,0.019702702702702704,9.049098014831543,21.985692977905273,0.30379247665405273,0.005629997133592915,6.279032312356949,46.11993408203125,0.0,0.0,0.0,False,0,"['roi_blur_laplacian', 'worst_quality_percentile']",False,0.7755048271449273,roi_blur_laplacian;worst_quality_percentile
