imageId,age,gender,ethnicity,emotion
000000,4.0,male,caucasian,neutral
000001,18.0,female,caucasian,neutral
000002,80.0,female,caucasian,slightlyhappy
000003,50.0,female,caucasian,happy
000004,17.0,female,caucasian,slightlyhappy
000005,27.0,male,asian,slightlyhappy
000006,24.0,female,caucasian,slightlyhappy
000007,43.0,male,caucasian,other
000008,26.0,male,asian,neutral
000009,39.0,female,caucasian,neutral
000010,17.0,male,caucasian,other
000011,51.0,male,asian,neutral
000012,2.0,female,caucasian,neutral
000013,1.0,female,caucasian,other
000014,6.0,female,caucasian,slightlyhappy
000015,18.0,female,caucasian,neutral
000016,24.0,male,caucasian,slightlyhappy
000017,5.0,female,caucasian,slightlyhappy
000018,40.0,female,caucasian,happy
000019,16.0,female,caucasian,happy
000020,29.0,female,caucasian,other
000021,1.0,female,caucasian,other
000022,35.0,male,caucasian,slightlyhappy
000023,25.0,male,caucasian,neutral
000024,5.0,male,caucasian,slightlyhappy
000025,30.0,female,caucasian,slightlyhappy
000026,24.0,female,caucasian,slightlyhappy
000027,35.0,male,caucasian,neutral
000028,65.0,male,caucasian,neutral
000029,13.0,female,asian,slightlyhappy
000030,1.0,male,caucasian,neutral
000031,28.0,male,caucasian,slightlyhappy
000032,27.0,male,caucasian,other
000033,16.0,female,caucasian,slightlyhappy
000034,4.0,male,caucasian,slightlyhappy
000035,16.0,female,caucasian,slightlyhappy
000036,2.0,male,afroamerican,other
000037,31.0,male,caucasian,slightlyhappy
000038,10.0,female,caucasian,happy
000039,4.0,male,caucasian,other
000040,1.0,male,caucasian,other
000041,34.0,female,asian,neutral
000042,15.0,female,caucasian,neutral
000043,30.0,female,caucasian,slightlyhappy
000044,8.0,female,caucasian,other
000045,20.0,male,caucasian,slightlyhappy
000046,16.0,female,caucasian,neutral
000047,19.0,female,caucasian,slightlyhappy
000048,40.0,female,caucasian,neutral
000049,10.0,female,caucasian,slightlyhappy
000050,42.0,male,asian,slightlyhappy
000051,23.0,female,caucasian,neutral
000052,25.0,female,asian,neutral
000053,1.0,female,caucasian,neutral
000054,58.0,female,caucasian,happy
000055,23.0,male,asian,slightlyhappy
000056,44.0,female,caucasian,happy
000057,7.0,female,caucasian,slightlyhappy
000058,21.0,male,caucasian,happy
000059,14.0,female,caucasian,slightlyhappy
000060,28.0,female,caucasian,neutral
000061,24.0,male,caucasian,slightlyhappy
000062,10.0,female,caucasian,slightlyhappy
000063,40.0,male,caucasian,slightlyhappy
000064,26.0,female,caucasian,slightlyhappy
000065,34.0,male,caucasian,neutral
000066,48.0,male,caucasian,neutral
000067,39.0,male,caucasian,neutral
000068,5.0,male,caucasian,slightlyhappy
000069,24.0,female,caucasian,other
000070,27.0,male,caucasian,happy
000071,45.0,female,caucasian,slightlyhappy
000072,24.0,male,caucasian,slightlyhappy
000073,21.0,female,caucasian,neutral
000074,24.0,male,asian,slightlyhappy
000075,24.0,male,caucasian,happy
000076,26.0,female,asian,slightlyhappy
000077,14.0,female,caucasian,happy
000078,17.0,female,afroamerican,happy
000079,2.0,female,asian,neutral
000080,27.0,female,caucasian,slightlyhappy
000081,23.0,female,caucasian,slightlyhappy
000082,25.0,female,caucasian,other
000083,18.0,female,caucasian,slightlyhappy
000084,58.0,male,caucasian,other
000085,51.0,female,caucasian,other
000086,25.0,male,caucasian,neutral
000087,29.0,male,caucasian,other
000088,37.0,male,caucasian,neutral
000089,50.0,male,caucasian,other
000090,35.0,male,caucasian,slightlyhappy
000091,22.0,male,caucasian,slightlyhappy
000092,28.0,female,caucasian,slightlyhappy
000093,59.0,male,caucasian,slightlyhappy
000094,30.0,male,caucasian,happy
000095,17.0,male,caucasian,neutral
000096,53.0,female,caucasian,happy
000097,51.0,female,caucasian,happy
000098,24.0,female,caucasian,happy
000099,19.0,female,caucasian,happy
000100,45.0,male,caucasian,slightlyhappy
000101,9.0,male,afroamerican,other
000102,41.0,male,caucasian,slightlyhappy
000103,32.0,female,caucasian,slightlyhappy
000104,27.0,male,caucasian,slightlyhappy
000105,60.0,female,caucasian,happy
000106,45.0,female,caucasian,happy
000107,23.0,male,afroamerican,happy
000108,38.0,female,caucasian,other
000109,20.0,male,caucasian,other
000110,13.0,female,caucasian,neutral
000111,54.0,male,caucasian,neutral
000112,49.0,male,caucasian,slightlyhappy
000113,19.0,female,caucasian,happy
000114,36.0,male,caucasian,neutral
000115,80.0,female,caucasian,other
000116,24.0,male,caucasian,other
000117,11.0,female,caucasian,happy
000118,8.0,male,caucasian,other
000119,60.0,male,caucasian,slightlyhappy
000120,70.0,male,caucasian,slightlyhappy
000121,23.0,female,caucasian,slightlyhappy
000122,15.0,female,caucasian,neutral
000123,22.0,female,caucasian,slightlyhappy
000124,25.0,female,caucasian,neutral
000125,28.0,male,caucasian,slightlyhappy
000126,37.0,male,caucasian,neutral
000127,24.0,male,asian,neutral
000128,26.0,female,caucasian,slightlyhappy
000129,16.0,male,caucasian,neutral
000130,5.0,female,caucasian,slightlyhappy
000131,60.0,male,caucasian,slightlyhappy
000132,43.0,male,caucasian,slightlyhappy
000133,24.0,female,caucasian,happy
000134,42.0,male,caucasian,happy
000135,26.0,female,caucasian,slightlyhappy
000136,54.0,male,asian,neutral
000137,52.0,female,caucasian,neutral
000138,24.0,female,asian,slightlyhappy
000139,23.0,female,caucasian,neutral
000140,26.0,male,caucasian,slightlyhappy
000141,18.0,female,caucasian,happy
000142,54.0,female,caucasian,happy
000143,4.0,female,caucasian,slightlyhappy
000144,23.0,male,caucasian,neutral
000145,30.0,male,caucasian,neutral
000146,23.0,female,caucasian,happy
000147,8.0,female,caucasian,neutral
000148,40.0,female,caucasian,happy
000149,52.0,male,caucasian,slightlyhappy
000150,37.0,male,caucasian,slightlyhappy
000151,1.0,male,caucasian,neutral
000152,25.0,female,caucasian,other
000153,20.0,male,caucasian,slightlyhappy
000154,28.0,male,caucasian,neutral
000155,60.0,male,caucasian,neutral
000156,34.0,male,caucasian,slightlyhappy
000157,48.0,female,asian,neutral
000158,1.0,female,afroamerican,neutral
000159,18.0,female,asian,neutral
000160,21.0,male,caucasian,neutral
000161,30.0,female,asian,slightlyhappy
000162,32.0,male,caucasian,other
000163,48.0,male,caucasian,slightlyhappy
000164,50.0,male,caucasian,neutral
000165,45.0,male,caucasian,slightlyhappy
000166,31.0,female,caucasian,happy
000167,80.0,female,caucasian,other
000168,24.0,female,asian,happy
000169,21.0,male,caucasian,slightlyhappy
000170,13.0,female,afroamerican,happy
000171,32.0,female,caucasian,slightlyhappy
000172,33.0,female,caucasian,happy
000173,28.0,female,asian,happy
000174,52.0,female,caucasian,slightlyhappy
000175,72.0,male,asian,neutral
000176,47.0,male,caucasian,slightlyhappy
000177,30.0,male,caucasian,other
000178,6.0,male,caucasian,other
000179,27.0,female,caucasian,slightlyhappy
000180,26.0,male,caucasian,slightlyhappy
000181,14.0,female,asian,slightlyhappy
000182,23.0,male,caucasian,slightlyhappy
000183,28.0,male,caucasian,neutral
000184,33.0,male,caucasian,neutral
000185,26.0,male,caucasian,slightlyhappy
000186,16.0,male,caucasian,neutral
000187,8.0,male,caucasian,happy
000188,39.0,female,caucasian,slightlyhappy
000189,46.0,female,caucasian,slightlyhappy
000190,65.0,male,caucasian,neutral
000191,55.0,male,caucasian,neutral
000192,6.0,male,caucasian,happy
000193,63.0,male,caucasian,slightlyhappy
000194,21.0,female,caucasian,slightlyhappy
000195,26.0,male,caucasian,happy
000196,17.0,female,caucasian,slightlyhappy
000197,22.0,female,caucasian,happy
000198,17.0,female,caucasian,neutral
000199,24.0,male,asian,slightlyhappy
000200,15.0,male,caucasian,neutral
000201,33.0,male,caucasian,neutral
000202,16.0,female,asian,slightlyhappy
000203,12.0,male,caucasian,happy
000204,16.0,male,asian,slightlyhappy
000205,34.0,male,caucasian,neutral
000206,44.0,female,caucasian,neutral
000207,28.0,male,caucasian,neutral
000208,18.0,male,caucasian,happy
000209,16.0,female,asian,happy
000210,45.0,female,asian,happy
000211,19.0,female,caucasian,slightlyhappy
000212,15.0,female,caucasian,slightlyhappy
000213,15.0,female,caucasian,other
000214,34.0,male,caucasian,slightlyhappy
000215,17.0,female,afroamerican,slightlyhappy
000216,49.0,female,caucasian,neutral
000217,7.0,male,asian,neutral
000218,8.0,female,asian,slightlyhappy
000219,23.0,male,caucasian,neutral
000220,24.0,female,caucasian,neutral
000221,41.0,female,caucasian,slightlyhappy
000222,56.0,male,caucasian,happy
000223,18.0,female,caucasian,slightlyhappy
000224,60.0,female,caucasian,slightlyhappy
000225,29.0,female,caucasian,slightlyhappy
000226,25.0,female,caucasian,happy
000227,30.0,male,caucasian,slightlyhappy
000228,50.0,male,caucasian,happy
000229,49.0,female,caucasian,happy
000230,58.0,male,asian,other
000231,30.0,female,caucasian,slightlyhappy
000232,28.0,male,caucasian,neutral
000233,6.0,male,caucasian,neutral
000234,25.0,male,caucasian,slightlyhappy
000235,4.0,female,caucasian,happy
000236,6.0,male,asian,neutral
000237,37.0,female,caucasian,slightlyhappy
000238,1.0,male,caucasian,slightlyhappy
000239,30.0,female,caucasian,happy
000240,26.0,male,caucasian,neutral
000241,30.0,male,caucasian,slightlyhappy
000242,30.0,female,caucasian,happy
000243,17.0,female,caucasian,slightlyhappy
000244,48.0,male,caucasian,neutral
000245,32.0,female,afroamerican,neutral
000246,18.0,male,caucasian,slightlyhappy
000247,28.0,male,caucasian,happy
000248,15.0,male,caucasian,neutral
000249,11.0,male,caucasian,neutral
000250,10.0,female,asian,slightlyhappy
000251,1.0,female,caucasian,neutral
000252,30.0,female,caucasian,slightlyhappy
000253,19.0,female,caucasian,happy
000254,53.0,male,caucasian,slightlyhappy
000255,80.0,male,caucasian,slightlyhappy
000256,39.0,male,caucasian,neutral
000257,13.0,male,asian,neutral
000258,7.0,male,caucasian,neutral
000259,34.0,female,caucasian,slightlyhappy
000260,15.0,female,caucasian,slightlyhappy
000261,27.0,female,caucasian,other
000262,31.0,male,caucasian,slightlyhappy
000263,30.0,male,caucasian,neutral
000264,16.0,female,asian,neutral
000265,52.0,male,caucasian,slightlyhappy
000266,16.0,female,caucasian,slightlyhappy
000267,18.0,female,caucasian,happy
000268,28.0,female,asian,slightlyhappy
000269,15.0,male,caucasian,slightlyhappy
000270,16.0,male,caucasian,slightlyhappy
000271,40.0,female,asian,other
000272,17.0,male,caucasian,neutral
000273,19.0,female,afroamerican,neutral
000274,44.0,male,caucasian,slightlyhappy
000275,24.0,female,caucasian,slightlyhappy
000276,50.0,male,caucasian,slightlyhappy
000277,32.0,female,caucasian,neutral
000278,43.0,male,caucasian,slightlyhappy
000279,3.0,male,caucasian,neutral
000280,30.0,male,caucasian,neutral
000281,70.0,female,caucasian,slightlyhappy
000282,26.0,male,caucasian,neutral
000283,26.0,female,caucasian,neutral
000284,19.0,female,caucasian,neutral
000285,50.0,female,caucasian,slightlyhappy
000286,41.0,female,caucasian,slightlyhappy
000287,25.0,female,caucasian,slightlyhappy
000288,50.0,male,caucasian,slightlyhappy
000289,25.0,male,caucasian,neutral
000290,50.0,female,caucasian,slightlyhappy
000291,51.0,male,caucasian,neutral
000292,40.0,female,caucasian,slightlyhappy
000293,45.0,male,caucasian,neutral
000294,9.0,female,caucasian,slightlyhappy
000295,34.0,female,caucasian,slightlyhappy
000296,30.0,female,caucasian,slightlyhappy
000297,13.0,female,caucasian,slightlyhappy
000298,44.0,female,caucasian,slightlyhappy
000299,17.0,male,caucasian,neutral
000300,31.0,female,caucasian,slightlyhappy
000301,25.0,male,caucasian,neutral
000302,33.0,female,caucasian,slightlyhappy
000303,18.0,female,caucasian,slightlyhappy
000304,6.0,male,caucasian,neutral
000305,30.0,male,caucasian,slightlyhappy
000306,27.0,female,caucasian,slightlyhappy
000307,26.0,female,asian,slightlyhappy
000308,16.0,female,caucasian,slightlyhappy
000309,26.0,male,caucasian,neutral
000310,23.0,female,caucasian,slightlyhappy
000311,70.0,male,caucasian,neutral
000312,2.0,female,caucasian,neutral
000313,60.0,female,caucasian,neutral
000314,26.0,male,caucasian,neutral
000315,18.0,female,caucasian,slightlyhappy
000316,14.0,female,afroamerican,other
000317,35.0,male,asian,slightlyhappy
000318,18.0,male,caucasian,neutral
000319,26.0,male,caucasian,other
000320,18.0,female,caucasian,slightlyhappy
000321,34.0,male,caucasian,slightlyhappy
000322,65.0,female,caucasian,slightlyhappy
000323,1.0,male,caucasian,neutral
000324,70.0,male,caucasian,slightlyhappy
000325,35.0,female,caucasian,neutral
000326,1.0,female,caucasian,neutral
000327,13.0,female,caucasian,slightlyhappy
000328,19.0,female,caucasian,slightlyhappy
000329,18.0,female,caucasian,slightlyhappy
000330,59.0,male,caucasian,neutral
000331,15.0,female,caucasian,neutral
000332,16.0,male,caucasian,other
000333,50.0,female,caucasian,slightlyhappy
000334,19.0,male,caucasian,neutral
000335,4.0,male,afroamerican,slightlyhappy
000336,30.0,female,caucasian,other
000337,58.0,male,caucasian,neutral
000338,36.0,male,asian,neutral
000339,22.0,male,caucasian,slightlyhappy
000340,21.0,male,caucasian,slightlyhappy
000341,23.0,male,caucasian,slightlyhappy
000342,25.0,male,caucasian,neutral
000343,14.0,female,caucasian,neutral
000344,14.0,male,caucasian,neutral
000345,29.0,female,asian,slightlyhappy
000346,14.0,female,caucasian,slightlyhappy
000347,30.0,female,afroamerican,neutral
000348,53.0,male,caucasian,slightlyhappy
000349,55.0,male,caucasian,neutral
000350,26.0,female,asian,slightlyhappy
000351,30.0,male,caucasian,slightlyhappy
000352,41.0,male,caucasian,slightlyhappy
000353,48.0,male,asian,slightlyhappy
000354,44.0,male,caucasian,slightlyhappy
000355,22.0,male,caucasian,slightlyhappy
000356,25.0,female,caucasian,slightlyhappy
000357,7.0,female,caucasian,slightlyhappy
000358,27.0,male,caucasian,neutral
000359,30.0,female,caucasian,neutral
000360,5.0,female,caucasian,neutral
000361,23.0,male,caucasian,neutral
000362,2.0,male,caucasian,slightlyhappy
000363,26.0,female,caucasian,slightlyhappy
000364,15.0,female,caucasian,slightlyhappy
000365,33.0,male,caucasian,neutral
000366,15.0,female,caucasian,slightlyhappy
000367,47.0,male,caucasian,slightlyhappy
000368,45.0,female,caucasian,neutral
000369,25.0,female,caucasian,other
000370,40.0,male,caucasian,slightlyhappy
000371,26.0,female,caucasian,slightlyhappy
000372,63.0,female,caucasian,neutral
000373,1.0,male,asian,slightlyhappy
000374,43.0,male,caucasian,other
000375,35.0,male,caucasian,neutral
000376,1.0,male,caucasian,neutral
000377,39.0,male,caucasian,slightlyhappy
000378,13.0,female,caucasian,slightlyhappy
000379,48.0,male,caucasian,slightlyhappy
000380,28.0,male,caucasian,neutral
000381,35.0,female,caucasian,slightlyhappy
000382,27.0,female,caucasian,slightlyhappy
000383,25.0,male,caucasian,slightlyhappy
000384,16.0,female,caucasian,slightlyhappy
000385,58.0,female,caucasian,slightlyhappy
000386,20.0,male,caucasian,slightlyhappy
000387,35.0,male,caucasian,slightlyhappy
000388,23.0,female,caucasian,slightlyhappy
000389,68.0,male,asian,neutral
000390,18.0,male,caucasian,slightlyhappy
000391,11.0,male,caucasian,slightlyhappy
000392,14.0,female,asian,neutral
000393,26.0,female,caucasian,slightlyhappy
000394,26.0,male,caucasian,slightlyhappy
000395,25.0,male,caucasian,slightlyhappy
000396,5.0,female,asian,other
000397,4.0,female,caucasian,other
000398,40.0,male,caucasian,neutral
000399,26.0,male,caucasian,slightlyhappy
000400,47.0,female,caucasian,slightlyhappy
000401,15.0,male,caucasian,neutral
000402,51.0,male,caucasian,neutral
000403,43.0,female,caucasian,neutral
000404,41.0,male,caucasian,happy
000405,25.0,male,caucasian,happy
000406,26.0,male,caucasian,happy
000407,22.0,male,caucasian,neutral
000408,27.0,male,caucasian,neutral
000409,10.0,male,caucasian,slightlyhappy
000410,25.0,male,caucasian,slightlyhappy
000411,16.0,male,caucasian,slightlyhappy
000412,64.0,male,caucasian,slightlyhappy
000413,44.0,male,caucasian,happy
000414,36.0,male,caucasian,slightlyhappy
000415,37.0,male,afroamerican,neutral
000416,47.0,female,caucasian,slightlyhappy
000417,51.0,female,caucasian,neutral
000418,9.0,male,caucasian,slightlyhappy
000419,41.0,male,caucasian,neutral
000420,25.0,male,asian,neutral
000421,15.0,male,caucasian,neutral
000422,25.0,male,caucasian,slightlyhappy
000423,14.0,male,caucasian,neutral
000424,19.0,female,caucasian,neutral
000425,17.0,male,afroamerican,slightlyhappy
000426,30.0,male,caucasian,neutral
000427,45.0,female,caucasian,slightlyhappy
000428,21.0,female,caucasian,slightlyhappy
000429,34.0,male,caucasian,neutral
000430,32.0,male,caucasian,slightlyhappy
000431,28.0,male,caucasian,slightlyhappy
000432,34.0,female,caucasian,slightlyhappy
000433,44.0,male,caucasian,neutral
000434,25.0,male,caucasian,slightlyhappy
000435,67.0,male,caucasian,neutral
000436,19.0,male,asian,slightlyhappy
000437,56.0,male,caucasian,happy
000438,4.0,female,caucasian,slightlyhappy
000439,31.0,female,caucasian,slightlyhappy
000440,37.0,male,caucasian,slightlyhappy
000441,62.0,female,caucasian,slightlyhappy
000442,5.0,female,caucasian,other
000443,15.0,female,caucasian,neutral
000444,2.0,female,asian,neutral
000445,41.0,male,caucasian,neutral
000446,29.0,male,caucasian,slightlyhappy
000447,13.0,female,asian,slightlyhappy
000448,1.0,male,caucasian,neutral
000449,38.0,male,asian,neutral
000450,44.0,female,caucasian,slightlyhappy
000451,24.0,male,caucasian,neutral
000452,5.0,male,caucasian,slightlyhappy
000453,33.0,male,caucasian,neutral
000454,25.0,female,caucasian,neutral
000455,16.0,male,caucasian,slightlyhappy
000456,50.0,male,caucasian,neutral
000457,40.0,male,caucasian,slightlyhappy
000458,40.0,female,caucasian,neutral
000459,1.0,male,caucasian,neutral
000460,25.0,female,caucasian,slightlyhappy
000461,60.0,female,caucasian,neutral
000462,1.0,male,caucasian,neutral
000463,21.0,male,caucasian,neutral
000464,18.0,female,afroamerican,slightlyhappy
000465,23.0,male,caucasian,neutral
000466,20.0,female,caucasian,slightlyhappy
000467,32.0,female,caucasian,neutral
000468,19.0,female,caucasian,slightlyhappy
000469,49.0,male,caucasian,slightlyhappy
000470,35.0,male,caucasian,slightlyhappy
000471,1.0,female,caucasian,slightlyhappy
000472,65.0,male,caucasian,neutral
000473,19.0,female,caucasian,neutral
000474,2.0,male,caucasian,neutral
000475,16.0,male,caucasian,slightlyhappy
000476,40.0,female,caucasian,slightlyhappy
000477,23.0,male,caucasian,neutral
000478,37.0,male,caucasian,slightlyhappy
000479,50.0,female,caucasian,slightlyhappy
000480,26.0,female,asian,happy
000481,56.0,male,caucasian,happy
000482,1.0,female,caucasian,neutral
000483,8.0,female,asian,neutral
000484,17.0,female,caucasian,slightlyhappy
000485,24.0,male,caucasian,neutral
000486,25.0,male,asian,neutral
000487,24.0,female,caucasian,slightlyhappy
000488,26.0,female,asian,neutral
000489,18.0,female,caucasian,neutral
000490,23.0,male,caucasian,slightlyhappy
000491,26.0,male,caucasian,neutral
000492,17.0,female,caucasian,neutral
000493,54.0,male,caucasian,neutral
000494,38.0,male,caucasian,slightlyhappy
000495,33.0,male,asian,neutral
000496,41.0,male,caucasian,slightlyhappy
000497,2.0,female,caucasian,slightlyhappy
000498,38.0,male,caucasian,slightlyhappy
000499,29.0,male,caucasian,slightlyhappy
000500,55.0,male,caucasian,other
000501,50.0,male,caucasian,slightlyhappy
000502,19.0,male,caucasian,slightlyhappy
000503,19.0,female,caucasian,slightlyhappy
000504,30.0,female,caucasian,slightlyhappy
000505,34.0,female,caucasian,happy
000506,17.0,male,asian,slightlyhappy
000507,22.0,male,caucasian,slightlyhappy
000508,30.0,male,caucasian,neutral
000509,14.0,male,caucasian,neutral
000510,28.0,male,caucasian,neutral
000511,23.0,female,caucasian,slightlyhappy
000512,67.0,male,caucasian,slightlyhappy
000513,27.0,female,caucasian,neutral
000514,34.0,female,caucasian,slightlyhappy
000515,70.0,female,caucasian,slightlyhappy
000516,27.0,male,caucasian,neutral
000517,14.0,male,caucasian,neutral
000518,40.0,female,caucasian,slightlyhappy
000519,20.0,female,caucasian,slightlyhappy
000520,16.0,female,caucasian,slightlyhappy
000521,15.0,male,caucasian,neutral
000522,45.0,female,caucasian,slightlyhappy
000523,2.0,male,caucasian,happy
000524,28.0,female,caucasian,happy
000525,39.0,male,caucasian,slightlyhappy
000526,23.0,male,caucasian,neutral
000527,28.0,male,caucasian,neutral
000528,56.0,male,caucasian,slightlyhappy
000529,2.0,female,caucasian,happy
000530,40.0,male,caucasian,slightlyhappy
000531,2.0,male,caucasian,neutral
000532,27.0,male,caucasian,happy
000533,80.0,female,caucasian,other
000534,60.0,female,caucasian,happy
000535,22.0,male,asian,neutral
000536,17.0,female,afroamerican,other
000537,19.0,female,afroamerican,happy
000538,32.0,male,asian,neutral
000539,45.0,male,caucasian,slightlyhappy
000540,19.0,female,caucasian,slightlyhappy
000541,20.0,female,caucasian,slightlyhappy
000542,37.0,male,caucasian,other
000543,27.0,male,caucasian,other
000544,15.0,male,caucasian,slightlyhappy
000545,52.0,male,caucasian,neutral
000546,47.0,female,caucasian,slightlyhappy
000547,35.0,male,caucasian,slightlyhappy
000548,17.0,female,caucasian,happy
000549,33.0,male,caucasian,neutral
000550,22.0,female,caucasian,happy
000551,59.0,male,caucasian,neutral
000552,16.0,male,asian,neutral
000553,15.0,female,caucasian,neutral
000554,57.0,male,caucasian,neutral
000555,28.0,female,caucasian,slightlyhappy
000556,26.0,female,caucasian,slightlyhappy
000557,44.0,male,caucasian,happy
000558,21.0,female,caucasian,happy
000559,48.0,male,caucasian,slightlyhappy
000560,60.0,female,caucasian,other
000561,34.0,male,caucasian,neutral
000562,19.0,female,caucasian,slightlyhappy
000563,5.0,male,caucasian,slightlyhappy
000564,3.0,female,asian,neutral
000565,16.0,male,caucasian,slightlyhappy
000566,28.0,female,caucasian,slightlyhappy
000567,33.0,male,caucasian,neutral
000568,35.0,male,caucasian,neutral
000569,49.0,female,caucasian,neutral
000570,40.0,male,caucasian,slightlyhappy
000571,26.0,male,caucasian,happy
000572,24.0,male,caucasian,other
000573,32.0,female,asian,slightlyhappy
000574,22.0,female,asian,slightlyhappy
000575,9.0,female,caucasian,slightlyhappy
000576,42.0,male,caucasian,slightlyhappy
000577,30.0,male,caucasian,slightlyhappy
000578,26.0,female,caucasian,neutral
000579,33.0,female,caucasian,slightlyhappy
000580,7.0,female,caucasian,neutral
000581,18.0,male,caucasian,other
000582,24.0,male,caucasian,neutral
000583,18.0,female,caucasian,neutral
000584,31.0,male,caucasian,slightlyhappy
000585,17.0,male,caucasian,neutral
000586,47.0,male,caucasian,neutral
000587,17.0,female,afroamerican,happy
000588,36.0,female,asian,neutral
000589,16.0,female,asian,slightlyhappy
000590,50.0,male,caucasian,neutral
000591,26.0,female,asian,neutral
000592,16.0,male,afroamerican,neutral
000593,6.0,female,caucasian,neutral
000594,25.0,male,caucasian,other
000595,4.0,female,caucasian,neutral
000596,20.0,male,caucasian,neutral
000597,49.0,female,caucasian,slightlyhappy
000598,40.0,female,caucasian,slightlyhappy
000599,5.0,female,caucasian,neutral
000600,32.0,female,asian,neutral
000601,75.0,male,caucasian,neutral
000602,9.0,female,asian,slightlyhappy
000603,20.0,female,caucasian,slightlyhappy
000604,30.0,male,caucasian,neutral
000605,24.0,female,caucasian,slightlyhappy
000606,29.0,male,caucasian,neutral
000607,19.0,female,caucasian,neutral
000608,30.0,female,caucasian,slightlyhappy
000609,7.0,male,caucasian,other
000610,14.0,male,caucasian,neutral
000611,49.0,male,afroamerican,slightlyhappy
000612,17.0,male,caucasian,neutral
000613,70.0,male,caucasian,neutral
000614,10.0,male,caucasian,slightlyhappy
000615,5.0,female,caucasian,other
000616,7.0,male,caucasian,slightlyhappy
000617,47.0,female,caucasian,neutral
000618,29.0,female,caucasian,neutral
000619,18.0,female,caucasian,slightlyhappy
000620,52.0,female,caucasian,slightlyhappy
000621,28.0,male,asian,neutral
000622,61.0,male,caucasian,slightlyhappy
000623,23.0,male,caucasian,neutral
000624,23.0,male,asian,slightlyhappy
000625,40.0,male,caucasian,neutral
000626,35.0,female,caucasian,slightlyhappy
000627,19.0,male,caucasian,neutral
000628,41.0,female,caucasian,slightlyhappy
000629,31.0,male,caucasian,slightlyhappy
000630,22.0,female,afroamerican,slightlyhappy
000631,40.0,male,caucasian,slightlyhappy
000632,33.0,male,asian,slightlyhappy
000633,22.0,female,afroamerican,slightlyhappy
000634,4.0,female,caucasian,slightlyhappy
000635,21.0,male,caucasian,neutral
000636,20.0,female,afroamerican,happy
000637,27.0,male,caucasian,slightlyhappy
000638,30.0,male,caucasian,slightlyhappy
000639,20.0,female,caucasian,neutral
000640,4.0,male,caucasian,neutral
000641,22.0,male,caucasian,neutral
000642,18.0,male,caucasian,other
000643,29.0,male,caucasian,neutral
000644,17.0,male,caucasian,slightlyhappy
000645,1.0,female,asian,neutral
000646,30.0,female,caucasian,neutral
000647,21.0,male,caucasian,slightlyhappy
000648,47.0,female,caucasian,slightlyhappy
000649,42.0,female,caucasian,slightlyhappy
000650,28.0,male,caucasian,neutral
000651,48.0,male,caucasian,neutral
000652,32.0,female,caucasian,slightlyhappy
000653,18.0,male,caucasian,neutral
000654,69.0,male,caucasian,neutral
000655,25.0,male,afroamerican,slightlyhappy
000656,25.0,female,asian,slightlyhappy
000657,16.0,female,caucasian,happy
000658,18.0,female,caucasian,other
000659,4.0,female,caucasian,slightlyhappy
000660,19.0,female,asian,slightlyhappy
000661,28.0,male,caucasian,slightlyhappy
000662,25.0,female,asian,neutral
000663,34.0,female,caucasian,neutral
000664,34.0,male,asian,slightlyhappy
000665,24.0,male,caucasian,slightlyhappy
000666,32.0,female,caucasian,slightlyhappy
000667,1.0,male,asian,neutral
000668,27.0,female,caucasian,happy
000669,47.0,male,caucasian,slightlyhappy
000670,60.0,male,caucasian,neutral
000671,35.0,male,caucasian,neutral
000672,25.0,female,caucasian,slightlyhappy
000673,44.0,female,caucasian,happy
000674,1.0,male,caucasian,neutral
000675,42.0,female,caucasian,neutral
000676,63.0,male,caucasian,neutral
000677,20.0,male,afroamerican,neutral
000678,52.0,male,caucasian,neutral
000679,42.0,male,afroamerican,neutral
000680,27.0,male,caucasian,neutral
000681,28.0,female,afroamerican,neutral
000682,9.0,male,caucasian,neutral
000683,23.0,male,afroamerican,neutral
000684,6.0,female,caucasian,happy
000685,59.0,male,asian,slightlyhappy
000686,25.0,female,caucasian,slightlyhappy
000687,12.0,female,caucasian,slightlyhappy
000688,48.0,female,caucasian,slightlyhappy
000689,48.0,female,caucasian,happy
000690,40.0,female,caucasian,happy
000691,35.0,male,caucasian,slightlyhappy
000692,23.0,male,caucasian,neutral
000693,34.0,male,caucasian,neutral
000694,30.0,female,caucasian,slightlyhappy
000695,49.0,male,caucasian,neutral
000696,18.0,male,asian,happy
000697,20.0,female,caucasian,slightlyhappy
000698,3.0,female,caucasian,slightlyhappy
000699,3.0,female,caucasian,neutral
000700,25.0,male,caucasian,happy
000701,29.0,male,caucasian,neutral
000702,16.0,female,caucasian,slightlyhappy
000703,34.0,female,caucasian,slightlyhappy
000704,5.0,female,caucasian,slightlyhappy
000705,40.0,male,caucasian,slightlyhappy
000706,37.0,male,caucasian,slightlyhappy
000707,5.0,female,caucasian,slightlyhappy
000708,30.0,female,caucasian,neutral
000709,29.0,male,caucasian,happy
000710,32.0,female,caucasian,slightlyhappy
000711,22.0,female,caucasian,slightlyhappy
000712,30.0,female,caucasian,slightlyhappy
000713,48.0,male,caucasian,slightlyhappy
000714,19.0,female,caucasian,slightlyhappy
000715,17.0,male,caucasian,happy
000716,10.0,male,caucasian,neutral
000717,53.0,male,caucasian,slightlyhappy
000718,26.0,female,caucasian,slightlyhappy
000719,19.0,female,caucasian,happy
000720,54.0,male,caucasian,slightlyhappy
000721,21.0,female,caucasian,happy
000722,11.0,female,caucasian,slightlyhappy
000723,51.0,female,asian,neutral
000724,48.0,male,caucasian,neutral
000725,31.0,male,caucasian,slightlyhappy
000726,12.0,female,caucasian,neutral
000727,18.0,male,asian,neutral
000728,12.0,male,caucasian,other
000729,1.0,female,asian,neutral
000730,2.0,male,caucasian,neutral
000731,21.0,male,afroamerican,neutral
000732,23.0,male,caucasian,neutral
000733,18.0,male,asian,neutral
000734,13.0,male,caucasian,slightlyhappy
000735,18.0,male,caucasian,slightlyhappy
000736,28.0,female,caucasian,slightlyhappy
000737,17.0,female,caucasian,slightlyhappy
000738,41.0,female,caucasian,slightlyhappy
000739,25.0,female,asian,neutral
000740,33.0,male,caucasian,neutral
000741,18.0,male,caucasian,neutral
000742,4.0,male,caucasian,neutral
000743,30.0,male,caucasian,slightlyhappy
000744,32.0,female,caucasian,neutral
000745,34.0,male,caucasian,neutral
000746,58.0,male,caucasian,neutral
000747,21.0,female,caucasian,slightlyhappy
000748,35.0,female,caucasian,neutral
000749,30.0,female,caucasian,slightlyhappy
000750,7.0,male,caucasian,slightlyhappy
000751,35.0,female,caucasian,slightlyhappy
000752,14.0,female,caucasian,slightlyhappy
000753,4.0,female,caucasian,neutral
000754,22.0,female,caucasian,slightlyhappy
000755,47.0,male,caucasian,neutral
000756,5.0,female,caucasian,other
000757,16.0,female,caucasian,slightlyhappy
000758,24.0,male,afroamerican,slightlyhappy
000759,30.0,male,caucasian,neutral
000760,26.0,female,caucasian,neutral
000761,39.0,female,caucasian,slightlyhappy
000762,6.0,female,caucasian,slightlyhappy
000763,26.0,female,caucasian,neutral
000764,16.0,female,caucasian,happy
000765,42.0,female,caucasian,neutral
000766,38.0,female,caucasian,neutral
000767,50.0,female,caucasian,slightlyhappy
000768,33.0,male,caucasian,neutral
000769,19.0,male,caucasian,neutral
000770,14.0,female,asian,slightlyhappy
000771,27.0,female,caucasian,slightlyhappy
000772,20.0,male,caucasian,neutral
000773,1.0,female,caucasian,neutral
000774,26.0,male,caucasian,neutral
000775,29.0,female,caucasian,neutral
000776,20.0,female,asian,slightlyhappy
000777,29.0,female,caucasian,happy
000778,15.0,female,caucasian,happy
000779,90.0,male,caucasian,slightlyhappy
000780,7.0,male,caucasian,slightlyhappy
000781,34.0,male,caucasian,neutral
000782,34.0,male,caucasian,neutral
000783,20.0,female,caucasian,slightlyhappy
000784,57.0,male,caucasian,neutral
000785,21.0,male,caucasian,slightlyhappy
000786,35.0,female,caucasian,slightlyhappy
000787,31.0,female,caucasian,neutral
000788,27.0,male,caucasian,other
000789,34.0,female,caucasian,slightlyhappy
000790,24.0,female,asian,slightlyhappy
000791,15.0,male,caucasian,slightlyhappy
000792,60.0,female,caucasian,slightlyhappy
000793,20.0,female,caucasian,slightlyhappy
000794,27.0,female,caucasian,slightlyhappy
000795,13.0,female,caucasian,slightlyhappy
000796,24.0,male,caucasian,slightlyhappy
000797,16.0,male,caucasian,neutral
000798,20.0,male,asian,neutral
000799,23.0,female,caucasian,slightlyhappy
000800,1.0,male,caucasian,neutral
000801,43.0,female,caucasian,slightlyhappy
000802,25.0,male,caucasian,slightlyhappy
000803,2.0,male,caucasian,slightlyhappy
000804,34.0,male,caucasian,neutral
000805,39.0,female,asian,neutral
000806,45.0,male,afroamerican,neutral
000807,50.0,male,caucasian,neutral
000808,27.0,female,caucasian,slightlyhappy
000809,25.0,male,caucasian,neutral
000810,29.0,male,afroamerican,slightlyhappy
000811,27.0,female,caucasian,neutral
000812,36.0,female,caucasian,other
000813,35.0,female,caucasian,slightlyhappy
000814,25.0,male,caucasian,slightlyhappy
000815,40.0,female,caucasian,other
000816,40.0,female,caucasian,slightlyhappy
000817,60.0,male,caucasian,slightlyhappy
000818,32.0,female,caucasian,neutral
000819,30.0,male,caucasian,slightlyhappy
000820,17.0,female,caucasian,slightlyhappy
000821,23.0,male,caucasian,slightlyhappy
000822,30.0,male,caucasian,neutral
000823,27.0,male,caucasian,neutral
000824,75.0,male,caucasian,slightlyhappy
000825,80.0,female,caucasian,neutral
000826,21.0,male,caucasian,slightlyhappy
000827,37.0,female,afroamerican,neutral
000828,30.0,male,asian,neutral
000829,25.0,female,caucasian,slightlyhappy
000830,21.0,male,caucasian,neutral
000831,50.0,male,caucasian,neutral
000832,39.0,male,caucasian,slightlyhappy
000833,24.0,male,caucasian,neutral
000834,4.0,female,caucasian,slightlyhappy
000835,18.0,female,caucasian,slightlyhappy
000836,37.0,female,caucasian,neutral
000837,25.0,male,caucasian,neutral
000838,56.0,male,caucasian,slightlyhappy
000839,36.0,female,caucasian,neutral
000840,23.0,female,caucasian,slightlyhappy
000841,34.0,male,asian,slightlyhappy
000842,23.0,female,caucasian,slightlyhappy
000843,28.0,female,caucasian,slightlyhappy
000844,68.0,male,caucasian,slightlyhappy
000845,17.0,female,afroamerican,neutral
000846,30.0,female,asian,slightlyhappy
000847,45.0,male,caucasian,slightlyhappy
000848,22.0,male,caucasian,slightlyhappy
000849,27.0,male,caucasian,neutral
000850,16.0,female,caucasian,slightlyhappy
000851,75.0,male,caucasian,slightlyhappy
000852,56.0,male,caucasian,slightlyhappy
000853,52.0,female,caucasian,neutral
000854,15.0,male,caucasian,neutral
000855,42.0,male,caucasian,neutral
000856,45.0,male,asian,neutral
000857,18.0,female,asian,slightlyhappy
000858,35.0,female,asian,happy
000859,41.0,male,caucasian,slightlyhappy
000860,50.0,male,caucasian,neutral
000861,75.0,female,caucasian,slightlyhappy
000862,25.0,female,asian,slightlyhappy
000863,17.0,male,caucasian,slightlyhappy
000864,54.0,male,caucasian,neutral
000865,25.0,female,caucasian,neutral
000866,7.0,male,caucasian,slightlyhappy
000867,49.0,male,caucasian,slightlyhappy
000868,27.0,female,caucasian,slightlyhappy
000869,40.0,female,caucasian,slightlyhappy
000870,46.0,female,caucasian,happy
000871,27.0,female,caucasian,neutral
000872,18.0,male,caucasian,slightlyhappy
000873,44.0,female,caucasian,happy
000874,85.0,female,asian,slightlyhappy
000875,4.0,male,caucasian,neutral
000876,47.0,female,caucasian,happy
000877,67.0,male,caucasian,slightlyhappy
000878,22.0,male,caucasian,neutral
000879,18.0,female,caucasian,slightlyhappy
000880,64.0,female,caucasian,neutral
000881,54.0,female,afroamerican,happy
000882,23.0,male,caucasian,neutral
000883,13.0,female,caucasian,slightlyhappy
000884,45.0,male,caucasian,slightlyhappy
000885,17.0,male,caucasian,neutral
000886,29.0,female,caucasian,neutral
000887,16.0,female,caucasian,slightlyhappy
000888,52.0,male,caucasian,slightlyhappy
000889,5.0,male,caucasian,neutral
000890,19.0,female,caucasian,happy
000891,52.0,male,caucasian,slightlyhappy
000892,47.0,male,caucasian,neutral
000893,9.0,female,caucasian,happy
000894,29.0,male,afroamerican,happy
000895,35.0,female,caucasian,slightlyhappy
000896,27.0,female,caucasian,neutral
000897,50.0,male,caucasian,slightlyhappy
000898,25.0,male,caucasian,other
000899,7.0,female,caucasian,slightlyhappy
000900,34.0,female,caucasian,slightlyhappy
000901,41.0,female,caucasian,happy
000902,30.0,female,caucasian,happy
000903,19.0,male,caucasian,neutral
000904,3.0,male,caucasian,other
000905,6.0,male,caucasian,slightlyhappy
000906,50.0,male,caucasian,slightlyhappy
000907,1.0,female,caucasian,slightlyhappy
000908,2.0,male,caucasian,neutral
000909,12.0,female,caucasian,neutral
000910,17.0,male,caucasian,neutral
000911,29.0,female,caucasian,neutral
000912,17.0,female,caucasian,slightlyhappy
000913,12.0,female,caucasian,slightlyhappy
000914,35.0,female,caucasian,neutral
000915,50.0,male,caucasian,slightlyhappy
000916,8.0,female,caucasian,slightlyhappy
000917,25.0,male,afroamerican,neutral
000918,18.0,female,caucasian,neutral
000919,25.0,female,asian,slightlyhappy
000920,46.0,female,caucasian,slightlyhappy
000921,55.0,male,caucasian,slightlyhappy
000922,17.0,male,caucasian,neutral
000923,24.0,female,caucasian,slightlyhappy
000924,46.0,male,caucasian,slightlyhappy
000925,14.0,female,caucasian,neutral
000926,17.0,female,caucasian,slightlyhappy
000927,43.0,female,caucasian,slightlyhappy
000928,50.0,female,caucasian,neutral
000929,30.0,male,caucasian,neutral
000930,19.0,female,caucasian,slightlyhappy
000931,48.0,female,caucasian,happy
000932,44.0,female,caucasian,slightlyhappy
000933,46.0,male,asian,slightlyhappy
000934,4.0,female,caucasian,neutral
000935,31.0,male,asian,slightlyhappy
000936,36.0,male,caucasian,neutral
000937,14.0,male,caucasian,slightlyhappy
000938,30.0,male,caucasian,neutral
000939,61.0,male,caucasian,neutral
000940,33.0,female,caucasian,other
000941,22.0,male,caucasian,neutral
000942,19.0,male,caucasian,slightlyhappy
000943,5.0,female,caucasian,neutral
000944,42.0,male,caucasian,slightlyhappy
000945,23.0,male,caucasian,slightlyhappy
000946,20.0,female,caucasian,slightlyhappy
000947,49.0,female,caucasian,slightlyhappy
000948,36.0,male,caucasian,slightlyhappy
000949,50.0,male,caucasian,slightlyhappy
000950,36.0,female,caucasian,slightlyhappy
000951,85.0,female,asian,slightlyhappy
000952,20.0,male,caucasian,slightlyhappy
000953,90.0,female,caucasian,neutral
000954,28.0,female,caucasian,neutral
000955,20.0,female,afroamerican,happy
000956,46.0,female,caucasian,slightlyhappy
000957,27.0,male,caucasian,neutral
000958,28.0,male,asian,neutral
000959,23.0,male,caucasian,neutral
000960,12.0,female,caucasian,neutral
000961,26.0,male,caucasian,neutral
000962,70.0,female,caucasian,slightlyhappy
000963,18.0,female,afroamerican,slightlyhappy
000964,31.0,female,caucasian,neutral
000965,5.0,male,caucasian,neutral
000966,14.0,male,caucasian,neutral
000967,22.0,male,caucasian,neutral
000968,25.0,female,caucasian,neutral
000969,18.0,female,caucasian,slightlyhappy
000970,24.0,male,caucasian,neutral
000971,22.0,male,caucasian,slightlyhappy
000972,19.0,male,caucasian,neutral
000973,25.0,female,caucasian,neutral
000974,30.0,male,caucasian,slightlyhappy
000975,14.0,female,caucasian,neutral
000976,33.0,male,asian,neutral
000977,4.0,female,asian,neutral
000978,37.0,male,caucasian,slightlyhappy
000979,17.0,male,caucasian,neutral
000980,15.0,male,caucasian,neutral
000981,50.0,male,caucasian,neutral
000982,25.0,female,caucasian,slightlyhappy
000983,19.0,male,caucasian,slightlyhappy
000984,4.0,female,caucasian,neutral
000985,43.0,female,caucasian,slightlyhappy
000986,40.0,male,caucasian,neutral
000987,59.0,female,caucasian,slightlyhappy
000988,26.0,female,caucasian,slightlyhappy
000989,43.0,male,caucasian,slightlyhappy
000990,24.0,male,asian,slightlyhappy
000991,1.0,female,caucasian,neutral
000992,27.0,male,caucasian,neutral
000993,25.0,male,caucasian,neutral
000994,40.0,male,caucasian,slightlyhappy
000995,40.0,female,caucasian,slightlyhappy
000996,26.0,male,caucasian,neutral
000997,21.0,female,caucasian,slightlyhappy
000998,26.0,male,caucasian,neutral
000999,14.0,female,asian,slightlyhappy
001000,25.0,female,caucasian,slightlyhappy
001001,39.0,female,caucasian,slightlyhappy
001002,72.0,male,caucasian,slightlyhappy
001003,50.0,female,caucasian,slightlyhappy
001004,20.0,female,caucasian,slightlyhappy
001005,1.0,male,caucasian,slightlyhappy
001006,19.0,male,caucasian,neutral
001007,27.0,female,caucasian,happy
001008,2.0,female,caucasian,neutral
001009,22.0,female,caucasian,neutral
001010,44.0,male,caucasian,neutral
001011,40.0,female,caucasian,neutral
001012,22.0,female,caucasian,slightlyhappy
001013,16.0,male,caucasian,slightlyhappy
001014,54.0,male,caucasian,neutral
001015,32.0,female,caucasian,happy
001016,29.0,female,caucasian,neutral
001017,5.0,female,asian,neutral
001018,50.0,female,caucasian,slightlyhappy
001019,40.0,female,caucasian,slightlyhappy
001020,33.0,male,caucasian,neutral
001021,39.0,female,asian,slightlyhappy
001022,20.0,female,asian,neutral
001023,29.0,male,caucasian,neutral
001024,21.0,female,caucasian,slightlyhappy
001025,23.0,female,caucasian,neutral
001026,51.0,male,caucasian,neutral
001027,14.0,female,caucasian,neutral
001028,17.0,female,caucasian,slightlyhappy
001029,30.0,female,asian,happy
001030,14.0,female,caucasian,slightlyhappy
001031,36.0,male,caucasian,slightlyhappy
001032,44.0,male,caucasian,neutral
001033,1.0,male,caucasian,neutral
001034,36.0,female,caucasian,slightlyhappy
001035,37.0,female,caucasian,slightlyhappy
001036,24.0,female,caucasian,slightlyhappy
001037,40.0,male,caucasian,neutral
001038,34.0,male,caucasian,neutral
001039,5.0,female,caucasian,neutral
001040,17.0,female,caucasian,neutral
001041,41.0,male,caucasian,neutral
001042,24.0,female,caucasian,happy
001043,3.0,male,caucasian,neutral
001044,41.0,female,caucasian,neutral
001045,40.0,male,caucasian,neutral
001046,16.0,male,caucasian,slightlyhappy
001047,25.0,male,asian,slightlyhappy
001048,36.0,female,caucasian,slightlyhappy
001049,5.0,female,caucasian,neutral
001050,35.0,male,caucasian,neutral
001051,60.0,male,caucasian,slightlyhappy
001052,65.0,male,caucasian,slightlyhappy
001053,17.0,female,caucasian,slightlyhappy
001054,18.0,male,caucasian,neutral
001055,20.0,male,caucasian,slightlyhappy
001056,17.0,female,caucasian,slightlyhappy
001057,33.0,male,caucasian,slightlyhappy
001058,18.0,male,caucasian,neutral
001059,25.0,male,caucasian,slightlyhappy
001060,35.0,male,caucasian,slightlyhappy
001061,39.0,female,caucasian,happy
001062,32.0,female,asian,neutral
001063,25.0,female,caucasian,slightlyhappy
001064,25.0,male,caucasian,neutral
001065,90.0,female,caucasian,slightlyhappy
001066,25.0,female,caucasian,slightlyhappy
001067,26.0,female,caucasian,slightlyhappy
001068,18.0,female,asian,slightlyhappy
001069,88.0,female,caucasian,neutral
001070,23.0,male,caucasian,neutral
001071,8.0,male,caucasian,neutral
001072,47.0,female,caucasian,slightlyhappy
001073,17.0,male,caucasian,slightlyhappy
001074,52.0,female,caucasian,slightlyhappy
001075,31.0,male,caucasian,neutral
001076,1.0,female,caucasian,slightlyhappy
001077,21.0,male,caucasian,slightlyhappy
001078,6.0,female,caucasian,neutral
001079,30.0,male,caucasian,happy
001080,60.0,male,afroamerican,neutral
001081,17.0,male,caucasian,neutral
001082,16.0,male,caucasian,neutral
001083,29.0,male,caucasian,neutral
001084,38.0,female,caucasian,slightlyhappy
001085,20.0,female,caucasian,slightlyhappy
001086,40.0,female,caucasian,neutral
001087,69.0,male,caucasian,other
001088,42.0,female,caucasian,slightlyhappy
001089,39.0,female,caucasian,slightlyhappy
001090,35.0,male,caucasian,slightlyhappy
001091,35.0,female,caucasian,slightlyhappy
001092,28.0,female,caucasian,slightlyhappy
001093,16.0,male,caucasian,slightlyhappy
001094,27.0,male,caucasian,neutral
001095,25.0,female,caucasian,neutral
001096,42.0,male,caucasian,slightlyhappy
001097,23.0,male,asian,neutral
001098,30.0,male,caucasian,neutral
001099,2.0,female,caucasian,happy
001100,44.0,male,caucasian,neutral
001101,14.0,female,caucasian,slightlyhappy
001102,25.0,female,asian,slightlyhappy
001103,33.0,female,caucasian,slightlyhappy
001104,24.0,female,caucasian,slightlyhappy
001105,50.0,female,caucasian,slightlyhappy
001106,38.0,female,caucasian,slightlyhappy
001107,62.0,male,caucasian,neutral
001108,28.0,male,caucasian,neutral
001109,30.0,female,caucasian,happy
001110,12.0,male,caucasian,neutral
001111,10.0,male,caucasian,slightlyhappy
001112,30.0,female,caucasian,slightlyhappy
001113,27.0,female,asian,neutral
001114,58.0,male,caucasian,neutral
001115,14.0,female,caucasian,neutral
001116,37.0,female,caucasian,happy
001117,18.0,female,caucasian,slightlyhappy
001118,22.0,female,caucasian,neutral
001119,10.0,male,caucasian,happy
001120,55.0,male,caucasian,slightlyhappy
001121,30.0,female,caucasian,neutral
001122,29.0,female,asian,slightlyhappy
001123,43.0,female,caucasian,happy
001124,35.0,female,caucasian,slightlyhappy
001125,25.0,male,caucasian,slightlyhappy
001126,65.0,male,caucasian,happy
001127,27.0,male,asian,slightlyhappy
001128,10.0,female,caucasian,slightlyhappy
001129,30.0,male,caucasian,happy
001130,17.0,male,asian,happy
001131,7.0,female,caucasian,happy
001132,23.0,male,caucasian,neutral
001133,65.0,male,caucasian,neutral
001134,31.0,female,caucasian,slightlyhappy
001135,5.0,female,asian,happy
001136,4.0,female,asian,neutral
001137,30.0,male,caucasian,neutral
001138,18.0,female,caucasian,slightlyhappy
001139,14.0,female,caucasian,slightlyhappy
001140,24.0,male,caucasian,neutral
001141,1.0,male,caucasian,neutral
001142,36.0,male,caucasian,slightlyhappy
001143,30.0,female,caucasian,slightlyhappy
001144,23.0,female,caucasian,slightlyhappy
001145,6.0,female,caucasian,slightlyhappy
001146,34.0,male,caucasian,slightlyhappy
001147,62.0,male,caucasian,happy
001148,35.0,female,caucasian,slightlyhappy
001149,22.0,female,caucasian,happy
001150,38.0,male,caucasian,other
001151,49.0,female,caucasian,slightlyhappy
001152,28.0,female,caucasian,slightlyhappy
001153,12.0,male,caucasian,slightlyhappy
001154,32.0,male,caucasian,neutral
001155,39.0,male,caucasian,neutral
001156,27.0,female,asian,slightlyhappy
001157,41.0,male,caucasian,neutral
001158,15.0,female,afroamerican,neutral
001159,7.0,female,afroamerican,happy
001160,59.0,male,caucasian,slightlyhappy
001161,69.0,male,caucasian,slightlyhappy
001162,23.0,female,caucasian,slightlyhappy
001163,1.0,male,caucasian,neutral
001164,11.0,female,caucasian,slightlyhappy
001165,19.0,female,caucasian,slightlyhappy
001166,29.0,female,asian,slightlyhappy
001167,34.0,male,caucasian,slightlyhappy
001168,73.0,male,caucasian,neutral
001169,49.0,female,caucasian,neutral
001170,17.0,female,caucasian,neutral
001171,30.0,male,caucasian,neutral
001172,19.0,male,caucasian,neutral
001173,57.0,male,caucasian,slightlyhappy
001174,24.0,female,caucasian,slightlyhappy
001175,24.0,male,asian,slightlyhappy
001176,30.0,female,asian,slightlyhappy
001177,33.0,male,caucasian,neutral
001178,20.0,female,caucasian,neutral
001179,80.0,female,caucasian,neutral
001180,26.0,male,caucasian,slightlyhappy
001181,4.0,female,caucasian,slightlyhappy
001182,20.0,male,asian,happy
001183,30.0,male,caucasian,happy
001184,6.0,female,caucasian,neutral
001185,42.0,male,caucasian,slightlyhappy
001186,51.0,female,caucasian,slightlyhappy
001187,28.0,female,caucasian,neutral
001188,25.0,male,caucasian,slightlyhappy
001189,31.0,male,caucasian,neutral
001190,21.0,female,caucasian,slightlyhappy
001191,58.0,female,caucasian,happy
001192,33.0,female,caucasian,happy
001193,71.0,male,caucasian,neutral
001194,75.0,male,caucasian,neutral
001195,41.0,female,caucasian,happy
001196,23.0,female,caucasian,slightlyhappy
001197,20.0,male,caucasian,slightlyhappy
001198,83.0,female,caucasian,neutral
001199,33.0,female,caucasian,slightlyhappy
001200,24.0,male,caucasian,neutral
001201,23.0,female,caucasian,slightlyhappy
001202,42.0,male,caucasian,slightlyhappy
001203,30.0,female,caucasian,slightlyhappy
001204,49.0,male,caucasian,slightlyhappy
001205,49.0,female,caucasian,slightlyhappy
001206,24.0,male,caucasian,neutral
001207,45.0,male,caucasian,neutral
001208,21.0,male,caucasian,slightlyhappy
001209,7.0,female,caucasian,slightlyhappy
001210,30.0,male,caucasian,slightlyhappy
001211,1.0,male,caucasian,slightlyhappy
001212,40.0,male,caucasian,slightlyhappy
001213,21.0,female,caucasian,slightlyhappy
001214,27.0,female,asian,slightlyhappy
001215,23.0,female,caucasian,slightlyhappy
001216,70.0,male,caucasian,neutral
001217,43.0,female,caucasian,slightlyhappy
001218,30.0,male,caucasian,neutral
001219,25.0,female,caucasian,slightlyhappy
001220,19.0,female,caucasian,neutral
001221,15.0,male,caucasian,neutral
001222,25.0,male,caucasian,neutral
001223,29.0,female,asian,slightlyhappy
001224,70.0,female,caucasian,slightlyhappy
001225,16.0,female,caucasian,happy
001226,7.0,male,caucasian,neutral
001227,50.0,female,caucasian,neutral
001228,47.0,male,caucasian,slightlyhappy
001229,16.0,male,caucasian,happy
001230,44.0,male,caucasian,slightlyhappy
001231,42.0,male,caucasian,neutral
001232,39.0,female,caucasian,neutral
001233,3.0,female,caucasian,neutral
001234,34.0,male,caucasian,slightlyhappy
001235,6.0,female,caucasian,happy
001236,18.0,female,caucasian,neutral
001237,39.0,male,caucasian,neutral
001238,35.0,female,caucasian,slightlyhappy
001239,67.0,male,caucasian,slightlyhappy
001240,13.0,female,caucasian,neutral
001241,14.0,female,caucasian,slightlyhappy
001242,57.0,male,caucasian,happy
001243,26.0,female,caucasian,neutral
001244,20.0,female,caucasian,slightlyhappy
001245,24.0,male,asian,slightlyhappy
001246,38.0,female,caucasian,slightlyhappy
001247,43.0,male,asian,neutral
001248,28.0,male,caucasian,neutral
001249,40.0,male,caucasian,neutral
001250,11.0,male,caucasian,neutral
001251,32.0,male,caucasian,neutral
001252,2.0,female,caucasian,slightlyhappy
001253,19.0,female,asian,slightlyhappy
001254,12.0,female,asian,neutral
001255,50.0,female,caucasian,slightlyhappy
001256,57.0,male,caucasian,slightlyhappy
001257,63.0,male,caucasian,happy
001258,26.0,male,caucasian,neutral
001259,4.0,male,caucasian,neutral
001260,4.0,female,caucasian,slightlyhappy
001261,25.0,male,caucasian,neutral
001262,23.0,female,caucasian,slightlyhappy
001263,69.0,male,caucasian,slightlyhappy
001264,37.0,male,caucasian,neutral
001265,34.0,female,caucasian,neutral
001266,75.0,male,caucasian,neutral
001267,50.0,male,caucasian,slightlyhappy
001268,54.0,female,caucasian,slightlyhappy
001269,60.0,male,caucasian,slightlyhappy
001270,17.0,female,asian,slightlyhappy
001271,37.0,male,caucasian,neutral
001272,55.0,female,caucasian,happy
001273,40.0,female,caucasian,slightlyhappy
001274,35.0,female,caucasian,happy
001275,25.0,female,caucasian,happy
001276,28.0,male,caucasian,neutral
001277,29.0,female,caucasian,neutral
001278,11.0,male,caucasian,slightlyhappy
001279,27.0,male,afroamerican,neutral
001280,22.0,male,asian,neutral
001281,51.0,male,caucasian,slightlyhappy
001282,40.0,female,caucasian,slightlyhappy
001283,14.0,male,caucasian,happy
001284,35.0,female,caucasian,neutral
001285,17.0,female,caucasian,neutral
001286,17.0,male,caucasian,slightlyhappy
001287,23.0,female,caucasian,slightlyhappy
001288,45.0,female,caucasian,happy
001289,42.0,female,caucasian,slightlyhappy
001290,27.0,male,caucasian,neutral
001291,23.0,male,caucasian,neutral
001292,13.0,female,caucasian,slightlyhappy
001293,19.0,female,caucasian,slightlyhappy
001294,30.0,male,caucasian,slightlyhappy
001295,21.0,male,caucasian,neutral
001296,36.0,male,caucasian,neutral
001297,22.0,male,caucasian,slightlyhappy
001298,25.0,male,caucasian,neutral
001299,31.0,male,caucasian,slightlyhappy
001300,7.0,female,caucasian,slightlyhappy
001301,44.0,male,caucasian,neutral
001302,45.0,female,caucasian,neutral
001303,41.0,male,caucasian,neutral
001304,17.0,male,caucasian,neutral
001305,17.0,male,caucasian,neutral
001306,38.0,female,caucasian,slightlyhappy
001307,48.0,male,caucasian,neutral
001308,33.0,female,caucasian,slightlyhappy
001309,25.0,male,caucasian,neutral
001310,32.0,female,asian,slightlyhappy
001311,27.0,male,caucasian,neutral
001312,18.0,male,caucasian,neutral
001313,60.0,male,caucasian,neutral
001314,33.0,male,caucasian,neutral
001315,31.0,female,asian,slightlyhappy
001316,44.0,female,caucasian,slightlyhappy
001317,5.0,female,asian,slightlyhappy
001318,36.0,male,caucasian,slightlyhappy
001319,29.0,female,caucasian,slightlyhappy
001320,51.0,female,caucasian,happy
001321,5.0,male,caucasian,neutral
001322,19.0,male,caucasian,slightlyhappy
001323,57.0,male,caucasian,neutral
001324,1.0,male,caucasian,neutral
001325,16.0,male,caucasian,slightlyhappy
001326,48.0,female,caucasian,slightlyhappy
001327,16.0,female,caucasian,neutral
001328,53.0,male,caucasian,slightlyhappy
001329,24.0,female,caucasian,slightlyhappy
001330,22.0,male,caucasian,slightlyhappy
001331,23.0,female,caucasian,slightlyhappy
001332,17.0,male,caucasian,slightlyhappy
001333,18.0,male,asian,slightlyhappy
001334,80.0,male,caucasian,slightlyhappy
001335,5.0,female,caucasian,neutral
001336,27.0,female,caucasian,neutral
001337,35.0,female,caucasian,slightlyhappy
001338,27.0,female,caucasian,slightlyhappy
001339,22.0,male,caucasian,neutral
001340,49.0,male,asian,neutral
001341,28.0,female,caucasian,slightlyhappy
001342,29.0,male,caucasian,other
001343,24.0,male,caucasian,happy
001344,2.0,female,asian,happy
001345,7.0,male,caucasian,other
001346,18.0,female,caucasian,slightlyhappy
001347,30.0,female,caucasian,happy
001348,50.0,male,caucasian,slightlyhappy
001349,60.0,female,caucasian,happy
001350,25.0,female,caucasian,neutral
001351,30.0,male,caucasian,other
001352,44.0,male,caucasian,neutral
001353,22.0,male,caucasian,slightlyhappy
001354,59.0,female,caucasian,happy
001355,64.0,male,caucasian,other
001356,27.0,male,afroamerican,slightlyhappy
001357,33.0,male,caucasian,slightlyhappy
001358,28.0,female,asian,other
001359,24.0,male,caucasian,other
001360,1.0,male,caucasian,neutral
001361,84.0,male,caucasian,slightlyhappy
001362,55.0,female,caucasian,slightlyhappy
001363,26.0,female,caucasian,slightlyhappy
001364,65.0,female,caucasian,slightlyhappy
001365,36.0,female,caucasian,happy
001366,38.0,male,caucasian,neutral
001367,30.0,female,caucasian,neutral
001368,15.0,female,caucasian,slightlyhappy
001369,25.0,female,caucasian,neutral
001370,8.0,female,caucasian,slightlyhappy
001371,40.0,female,caucasian,slightlyhappy
001372,4.0,female,caucasian,neutral
001373,37.0,male,caucasian,slightlyhappy
001374,27.0,female,caucasian,slightlyhappy
001375,44.0,male,caucasian,slightlyhappy
001376,30.0,male,caucasian,neutral
001377,45.0,male,afroamerican,happy
001378,25.0,female,caucasian,happy
001379,47.0,male,caucasian,happy
001380,1.0,female,caucasian,slightlyhappy
001381,20.0,male,caucasian,neutral
001382,20.0,male,caucasian,happy
001383,30.0,female,caucasian,happy
001384,35.0,male,caucasian,happy
001385,35.0,male,caucasian,neutral
001386,50.0,female,caucasian,happy
001387,11.0,female,caucasian,happy
001388,24.0,female,caucasian,slightlyhappy
001389,3.0,male,caucasian,slightlyhappy
001390,26.0,female,caucasian,slightlyhappy
001391,34.0,male,caucasian,slightlyhappy
001392,36.0,male,caucasian,slightlyhappy
001393,38.0,male,caucasian,neutral
001394,40.0,male,caucasian,slightlyhappy
001395,14.0,male,caucasian,neutral
001396,9.0,male,caucasian,slightlyhappy
001397,50.0,male,caucasian,slightlyhappy
001398,27.0,female,caucasian,neutral
001399,13.0,female,caucasian,slightlyhappy
001400,19.0,male,caucasian,slightlyhappy
001401,22.0,female,caucasian,happy
001402,36.0,male,caucasian,slightlyhappy
001403,16.0,male,caucasian,slightlyhappy
001404,22.0,female,caucasian,slightlyhappy
001405,25.0,female,asian,happy
001406,90.0,female,caucasian,slightlyhappy
001407,47.0,female,caucasian,slightlyhappy
001408,53.0,female,caucasian,neutral
001409,8.0,male,asian,neutral
001410,48.0,male,caucasian,neutral
001411,25.0,male,asian,neutral
001412,11.0,male,caucasian,neutral
001413,50.0,male,caucasian,neutral
001414,50.0,male,caucasian,slightlyhappy
001415,23.0,female,caucasian,neutral
001416,18.0,male,caucasian,slightlyhappy
001417,27.0,female,asian,slightlyhappy
001418,40.0,male,caucasian,slightlyhappy
001419,20.0,male,asian,neutral
001420,32.0,female,caucasian,neutral
001421,30.0,female,caucasian,slightlyhappy
001422,27.0,male,caucasian,neutral
001423,14.0,female,caucasian,slightlyhappy
001424,60.0,male,asian,neutral
001425,17.0,male,caucasian,slightlyhappy
001426,36.0,male,caucasian,neutral
001427,28.0,female,caucasian,slightlyhappy
001428,28.0,male,caucasian,neutral
001429,1.0,female,asian,slightlyhappy
001430,36.0,male,caucasian,neutral
001431,23.0,male,caucasian,neutral
001432,9.0,female,caucasian,neutral
001433,8.0,female,caucasian,other
001434,80.0,male,caucasian,neutral
001435,2.0,female,caucasian,neutral
001436,22.0,male,caucasian,neutral
001437,34.0,female,caucasian,slightlyhappy
001438,19.0,male,caucasian,slightlyhappy
001439,25.0,female,caucasian,slightlyhappy
001440,34.0,female,asian,neutral
001441,6.0,female,caucasian,neutral
001442,3.0,female,caucasian,slightlyhappy
001443,19.0,female,caucasian,neutral
001444,52.0,female,caucasian,neutral
001445,30.0,female,asian,slightlyhappy
001446,59.0,female,caucasian,slightlyhappy
001447,24.0,female,caucasian,slightlyhappy
001448,59.0,female,caucasian,slightlyhappy
001449,5.0,male,caucasian,other
001450,40.0,female,caucasian,other
001451,26.0,female,caucasian,slightlyhappy
001452,49.0,male,caucasian,slightlyhappy
001453,23.0,female,caucasian,slightlyhappy
001454,30.0,female,caucasian,slightlyhappy
001455,5.0,male,caucasian,slightlyhappy
001456,26.0,male,caucasian,slightlyhappy
001457,47.0,male,afroamerican,neutral
001458,27.0,female,caucasian,slightlyhappy
001459,27.0,male,caucasian,other
001460,41.0,female,caucasian,slightlyhappy
001461,30.0,female,caucasian,slightlyhappy
001462,32.0,female,caucasian,slightlyhappy
001463,10.0,male,caucasian,neutral
001464,17.0,male,caucasian,slightlyhappy
001465,6.0,male,caucasian,slightlyhappy
001466,47.0,male,caucasian,slightlyhappy
001467,18.0,female,caucasian,slightlyhappy
001468,26.0,female,caucasian,slightlyhappy
001469,19.0,male,caucasian,slightlyhappy
001470,15.0,female,caucasian,slightlyhappy
001471,14.0,female,caucasian,happy
001472,22.0,male,caucasian,neutral
001473,25.0,male,caucasian,slightlyhappy
001474,31.0,female,caucasian,slightlyhappy
001475,6.0,female,caucasian,neutral
001476,30.0,male,caucasian,slightlyhappy
001477,33.0,male,caucasian,neutral
001478,18.0,male,caucasian,slightlyhappy
001479,31.0,male,caucasian,slightlyhappy
001480,14.0,male,caucasian,neutral
001481,1.0,male,caucasian,neutral
001482,35.0,male,caucasian,other
001483,6.0,female,caucasian,slightlyhappy
001484,12.0,male,caucasian,other
001485,40.0,female,caucasian,happy
001486,44.0,male,caucasian,slightlyhappy
001487,70.0,female,caucasian,happy
001488,28.0,female,caucasian,slightlyhappy
001489,30.0,male,caucasian,neutral
001490,37.0,female,asian,slightlyhappy
001491,29.0,female,caucasian,slightlyhappy
001492,17.0,female,caucasian,slightlyhappy
001493,43.0,male,caucasian,other
001494,42.0,female,caucasian,happy
001495,25.0,female,caucasian,neutral
001496,8.0,female,caucasian,slightlyhappy
001497,32.0,female,caucasian,neutral
001498,13.0,female,caucasian,slightlyhappy
001499,30.0,female,caucasian,slightlyhappy
001500,25.0,female,caucasian,slightlyhappy
001501,70.0,male,caucasian,neutral
001502,16.0,male,caucasian,slightlyhappy
001503,60.0,male,caucasian,neutral
001504,20.0,female,caucasian,happy
001505,20.0,female,caucasian,neutral
001506,16.0,female,asian,happy
001507,65.0,male,caucasian,slightlyhappy
001508,23.0,male,caucasian,neutral
001509,60.0,male,caucasian,neutral
001510,44.0,male,caucasian,slightlyhappy
001511,73.0,male,caucasian,neutral
001512,9.0,male,caucasian,slightlyhappy
001513,30.0,male,caucasian,neutral
001514,28.0,male,caucasian,neutral
001515,30.0,female,caucasian,slightlyhappy
001516,25.0,male,caucasian,slightlyhappy
001517,23.0,female,caucasian,neutral
001518,30.0,female,caucasian,slightlyhappy
001519,25.0,male,afroamerican,happy
001520,38.0,male,caucasian,happy
001521,25.0,female,caucasian,happy
001522,57.0,male,caucasian,slightlyhappy
001523,32.0,female,asian,neutral
001524,25.0,female,caucasian,slightlyhappy
001525,42.0,male,asian,neutral
001526,25.0,female,caucasian,slightlyhappy
001527,30.0,male,caucasian,happy
001528,50.0,female,caucasian,happy
001529,48.0,male,caucasian,neutral
001530,32.0,male,caucasian,neutral
001531,36.0,male,caucasian,happy
001532,32.0,male,caucasian,slightlyhappy
001533,84.0,female,caucasian,neutral
001534,44.0,male,caucasian,neutral
001535,24.0,male,caucasian,slightlyhappy
001536,58.0,female,caucasian,neutral
001537,29.0,female,caucasian,slightlyhappy
001538,37.0,female,caucasian,slightlyhappy
001539,34.0,male,caucasian,neutral
001540,23.0,female,caucasian,slightlyhappy
001541,5.0,female,caucasian,neutral
001542,16.0,female,caucasian,slightlyhappy
001543,39.0,male,caucasian,neutral
001544,6.0,female,caucasian,slightlyhappy
001545,28.0,female,caucasian,happy
001546,60.0,female,caucasian,neutral
001547,45.0,female,caucasian,slightlyhappy
001548,37.0,male,caucasian,slightlyhappy
001549,25.0,female,caucasian,slightlyhappy
001550,21.0,female,caucasian,happy
001551,19.0,female,caucasian,other
001552,30.0,female,asian,slightlyhappy
001553,31.0,female,caucasian,slightlyhappy
001554,43.0,male,asian,neutral
001555,35.0,male,caucasian,slightlyhappy
001556,18.0,female,caucasian,other
001557,50.0,female,asian,happy
001558,55.0,male,caucasian,happy
001559,13.0,female,caucasian,neutral
001560,30.0,female,caucasian,happy
001561,55.0,male,caucasian,slightlyhappy
001562,60.0,female,caucasian,happy
001563,26.0,male,caucasian,slightlyhappy
001564,9.0,male,caucasian,neutral
001565,7.0,male,caucasian,other
001566,21.0,female,caucasian,happy
001567,15.0,female,caucasian,neutral
001568,37.0,female,caucasian,slightlyhappy
001569,35.0,male,caucasian,happy
001570,40.0,female,caucasian,happy
001571,30.0,female,caucasian,other
001572,38.0,female,caucasian,happy
001573,37.0,male,caucasian,neutral
001574,27.0,male,caucasian,slightlyhappy
001575,50.0,female,caucasian,other
001576,25.0,female,caucasian,happy
001577,29.0,female,caucasian,happy
001578,27.0,female,caucasian,happy
001579,13.0,female,asian,slightlyhappy
001580,23.0,female,caucasian,slightlyhappy
001581,44.0,female,caucasian,slightlyhappy
001582,15.0,female,caucasian,happy
001583,25.0,female,caucasian,happy
001584,13.0,female,caucasian,happy
001585,24.0,female,caucasian,neutral
001586,13.0,male,caucasian,neutral
001587,25.0,male,caucasian,slightlyhappy
001588,1.0,male,caucasian,slightlyhappy
001589,54.0,female,caucasian,neutral
001590,12.0,male,caucasian,slightlyhappy
001591,22.0,female,caucasian,slightlyhappy
001592,19.0,male,caucasian,happy
001593,25.0,female,caucasian,other
001594,28.0,female,caucasian,happy
001595,27.0,male,caucasian,neutral
001596,5.0,male,caucasian,slightlyhappy
001597,28.0,male,afroamerican,slightlyhappy
001598,13.0,male,caucasian,slightlyhappy
001599,57.0,male,caucasian,slightlyhappy
001600,29.0,male,caucasian,neutral
001601,50.0,female,caucasian,happy
001602,8.0,male,caucasian,other
001603,38.0,male,caucasian,neutral
001604,35.0,female,caucasian,happy
001605,24.0,male,asian,neutral
001606,41.0,male,caucasian,neutral
001607,22.0,male,caucasian,happy
001608,58.0,male,caucasian,slightlyhappy
001609,32.0,male,caucasian,slightlyhappy
001610,57.0,female,caucasian,other
001611,38.0,female,caucasian,slightlyhappy
001612,2.0,female,caucasian,slightlyhappy
001613,51.0,female,caucasian,slightlyhappy
001614,15.0,female,asian,slightlyhappy
001615,19.0,female,caucasian,happy
001616,23.0,female,caucasian,happy
001617,20.0,female,afroamerican,slightlyhappy
001618,20.0,female,caucasian,neutral
001619,45.0,male,asian,slightlyhappy
001620,21.0,female,caucasian,slightlyhappy
001621,28.0,female,caucasian,happy
001622,26.0,male,caucasian,neutral
001623,4.0,female,afroamerican,happy
001624,23.0,male,afroamerican,neutral
001625,28.0,female,caucasian,slightlyhappy
001626,26.0,female,caucasian,slightlyhappy
001627,36.0,male,caucasian,other
001628,27.0,female,caucasian,slightlyhappy
001629,31.0,female,caucasian,slightlyhappy
001630,31.0,male,caucasian,neutral
001631,25.0,female,caucasian,other
001632,29.0,male,caucasian,slightlyhappy
001633,20.0,female,caucasian,happy
001634,28.0,male,caucasian,neutral
001635,46.0,male,caucasian,slightlyhappy
001636,31.0,female,caucasian,slightlyhappy
001637,38.0,male,asian,slightlyhappy
001638,20.0,male,caucasian,neutral
001639,30.0,female,afroamerican,happy
001640,90.0,female,caucasian,other
001641,24.0,male,caucasian,other
001642,11.0,female,caucasian,slightlyhappy
001643,35.0,female,caucasian,happy
001644,14.0,male,caucasian,neutral
001645,22.0,male,caucasian,slightlyhappy
001646,10.0,male,caucasian,neutral
001647,34.0,female,caucasian,happy
001648,27.0,female,caucasian,happy
001649,5.0,male,caucasian,slightlyhappy
001650,20.0,male,caucasian,neutral
001651,4.0,female,caucasian,slightlyhappy
001652,21.0,male,caucasian,neutral
001653,36.0,male,caucasian,neutral
001654,60.0,male,caucasian,slightlyhappy
001655,34.0,male,asian,neutral
001656,41.0,male,caucasian,slightlyhappy
001657,22.0,female,caucasian,slightlyhappy
001658,21.0,female,caucasian,slightlyhappy
001659,49.0,female,caucasian,slightlyhappy
001660,21.0,female,caucasian,slightlyhappy
001661,41.0,male,caucasian,neutral
001662,1.0,male,caucasian,neutral
001663,57.0,male,caucasian,slightlyhappy
001664,15.0,male,asian,neutral
001665,17.0,male,asian,slightlyhappy
001666,15.0,female,asian,slightlyhappy
001667,39.0,male,caucasian,neutral
001668,23.0,female,caucasian,happy
001669,23.0,male,asian,slightlyhappy
001670,30.0,female,asian,happy
001671,26.0,female,caucasian,slightlyhappy
001672,33.0,male,caucasian,neutral
001673,33.0,female,afroamerican,happy
001674,20.0,female,caucasian,slightlyhappy
001675,26.0,male,caucasian,neutral
001676,24.0,male,caucasian,neutral
001677,23.0,male,caucasian,slightlyhappy
001678,59.0,female,caucasian,neutral
001679,52.0,female,caucasian,slightlyhappy
001680,40.0,male,caucasian,neutral
001681,45.0,male,caucasian,neutral
001682,50.0,female,caucasian,slightlyhappy
001683,46.0,male,caucasian,happy
001684,4.0,female,caucasian,slightlyhappy
001685,11.0,male,afroamerican,neutral
001686,87.0,female,caucasian,slightlyhappy
001687,44.0,female,caucasian,slightlyhappy
001688,66.0,male,caucasian,neutral
001689,40.0,male,asian,slightlyhappy
001690,30.0,male,caucasian,neutral
001691,30.0,female,caucasian,slightlyhappy
001692,1.0,female,caucasian,slightlyhappy
001693,50.0,female,caucasian,slightlyhappy
001694,23.0,female,caucasian,slightlyhappy
001695,1.0,female,caucasian,neutral
001696,23.0,female,asian,happy
001697,24.0,female,caucasian,slightlyhappy
001698,27.0,male,caucasian,slightlyhappy
001699,24.0,male,caucasian,neutral
001700,42.0,female,caucasian,neutral
001701,17.0,male,caucasian,neutral
001702,38.0,female,caucasian,neutral
001703,14.0,female,asian,neutral
001704,14.0,female,caucasian,slightlyhappy
001705,82.0,female,caucasian,happy
001706,25.0,female,caucasian,neutral
001707,15.0,female,caucasian,neutral
001708,26.0,male,caucasian,neutral
001709,32.0,female,caucasian,slightlyhappy
001710,50.0,female,afroamerican,happy
001711,86.0,male,caucasian,neutral
001712,37.0,female,caucasian,slightlyhappy
001713,32.0,female,asian,neutral
001714,32.0,male,caucasian,neutral
001715,20.0,male,caucasian,neutral
001716,40.0,male,caucasian,slightlyhappy
001717,22.0,male,asian,slightlyhappy
001718,30.0,female,caucasian,happy
001719,22.0,male,caucasian,neutral
001720,40.0,female,caucasian,slightlyhappy
001721,40.0,male,caucasian,slightlyhappy
001722,25.0,male,caucasian,neutral
001723,37.0,female,caucasian,slightlyhappy
001724,70.0,female,caucasian,neutral
001725,1.0,male,caucasian,neutral
001726,18.0,female,asian,happy
001727,36.0,female,caucasian,slightlyhappy
001728,7.0,female,asian,slightlyhappy
001729,57.0,male,caucasian,slightlyhappy
001730,19.0,female,caucasian,happy
001731,38.0,male,caucasian,slightlyhappy
001732,66.0,male,caucasian,neutral
001733,26.0,male,asian,slightlyhappy
001734,27.0,male,asian,neutral
001735,24.0,female,caucasian,happy
001736,2.0,male,caucasian,neutral
001737,50.0,male,caucasian,neutral
001738,31.0,male,caucasian,slightlyhappy
001739,29.0,male,caucasian,neutral
001740,43.0,female,caucasian,happy
001741,19.0,female,caucasian,slightlyhappy
001742,34.0,male,caucasian,slightlyhappy
001743,29.0,female,caucasian,slightlyhappy
001744,25.0,male,caucasian,neutral
001745,36.0,female,caucasian,slightlyhappy
001746,27.0,male,caucasian,slightlyhappy
001747,15.0,female,caucasian,slightlyhappy
001748,27.0,male,caucasian,other
001749,50.0,female,caucasian,happy
001750,7.0,female,caucasian,slightlyhappy
001751,46.0,male,caucasian,neutral
001752,31.0,female,caucasian,happy
001753,2.0,male,caucasian,neutral
001754,25.0,female,caucasian,happy
001755,33.0,female,caucasian,slightlyhappy
001756,1.0,female,asian,neutral
001757,28.0,female,caucasian,slightlyhappy
001758,37.0,male,caucasian,neutral
001759,14.0,female,caucasian,neutral
001760,7.0,male,caucasian,happy
001761,32.0,female,caucasian,slightlyhappy
001762,42.0,male,caucasian,neutral
001763,54.0,female,afroamerican,neutral
001764,48.0,male,caucasian,slightlyhappy
001765,40.0,male,caucasian,happy
001766,46.0,female,caucasian,slightlyhappy
001767,22.0,female,caucasian,happy
001768,26.0,female,caucasian,neutral
001769,45.0,male,asian,neutral
001770,43.0,female,caucasian,happy
001771,43.0,male,caucasian,neutral
001772,23.0,male,asian,slightlyhappy
001773,12.0,male,caucasian,slightlyhappy
001774,41.0,female,caucasian,happy
001775,35.0,male,caucasian,slightlyhappy
001776,29.0,male,caucasian,slightlyhappy
001777,40.0,female,caucasian,slightlyhappy
001778,22.0,female,caucasian,slightlyhappy
001779,24.0,male,caucasian,neutral
001780,30.0,male,caucasian,neutral
001781,1.0,male,caucasian,neutral
001782,29.0,female,asian,slightlyhappy
001783,53.0,female,caucasian,slightlyhappy
001784,52.0,female,caucasian,slightlyhappy
001785,46.0,male,asian,neutral
001786,50.0,male,caucasian,neutral
001787,18.0,female,caucasian,slightlyhappy
001788,22.0,male,caucasian,slightlyhappy
001789,40.0,male,caucasian,neutral
001790,60.0,male,caucasian,slightlyhappy
001791,37.0,male,caucasian,slightlyhappy
001792,29.0,male,caucasian,slightlyhappy
001793,14.0,female,afroamerican,slightlyhappy
001794,23.0,female,caucasian,slightlyhappy
001795,51.0,female,caucasian,slightlyhappy
001796,28.0,female,caucasian,neutral
001797,27.0,male,caucasian,other
001798,27.0,female,caucasian,neutral
001799,37.0,female,asian,happy
001800,26.0,female,caucasian,slightlyhappy
001801,33.0,male,asian,neutral
001802,20.0,female,caucasian,happy
001803,27.0,female,asian,happy
001804,54.0,male,caucasian,neutral
001805,32.0,male,caucasian,neutral
001806,19.0,female,caucasian,slightlyhappy
001807,30.0,female,caucasian,slightlyhappy
001808,27.0,male,caucasian,neutral
001809,24.0,female,caucasian,neutral
001810,34.0,female,caucasian,slightlyhappy
001811,28.0,female,caucasian,slightlyhappy
001812,2.0,female,asian,neutral
001813,50.0,female,caucasian,neutral
001814,49.0,male,caucasian,slightlyhappy
001815,30.0,female,caucasian,neutral
001816,44.0,male,caucasian,slightlyhappy
001817,38.0,female,caucasian,slightlyhappy
001818,2.0,male,caucasian,neutral
001819,22.0,male,caucasian,neutral
001820,16.0,female,caucasian,slightlyhappy
001821,31.0,female,caucasian,slightlyhappy
001822,47.0,male,caucasian,neutral
001823,1.0,male,caucasian,neutral
001824,60.0,male,caucasian,neutral
001825,90.0,female,caucasian,neutral
001826,39.0,male,afroamerican,neutral
001827,20.0,male,caucasian,slightlyhappy
001828,52.0,female,caucasian,slightlyhappy
001829,11.0,male,caucasian,happy
001830,16.0,female,caucasian,slightlyhappy
001831,28.0,male,caucasian,neutral
001832,17.0,female,caucasian,happy
001833,38.0,male,caucasian,neutral
001834,59.0,male,caucasian,neutral
001835,13.0,female,caucasian,slightlyhappy
001836,37.0,male,caucasian,slightlyhappy
001837,61.0,male,caucasian,slightlyhappy
001838,15.0,male,caucasian,neutral
001839,28.0,male,caucasian,slightlyhappy
001840,20.0,female,caucasian,happy
001841,53.0,female,caucasian,happy
001842,60.0,male,caucasian,neutral
001843,11.0,male,asian,slightlyhappy
001844,50.0,male,asian,slightlyhappy
001845,4.0,female,caucasian,slightlyhappy
001846,31.0,male,caucasian,slightlyhappy
001847,57.0,female,caucasian,slightlyhappy
001848,30.0,female,afroamerican,other
001849,34.0,female,asian,slightlyhappy
001850,36.0,female,caucasian,slightlyhappy
001851,40.0,female,caucasian,slightlyhappy
001852,36.0,male,caucasian,slightlyhappy
001853,38.0,female,caucasian,neutral
001854,37.0,female,caucasian,slightlyhappy
001855,4.0,female,caucasian,neutral
001856,6.0,male,asian,slightlyhappy
001857,32.0,female,asian,neutral
001858,7.0,female,asian,neutral
001859,35.0,female,caucasian,slightlyhappy
001860,53.0,male,caucasian,neutral
001861,38.0,female,caucasian,slightlyhappy
001862,14.0,male,caucasian,slightlyhappy
001863,40.0,female,caucasian,slightlyhappy
001864,4.0,female,caucasian,slightlyhappy
001865,22.0,male,caucasian,slightlyhappy
001866,20.0,male,caucasian,neutral
001867,26.0,female,asian,slightlyhappy
001868,17.0,male,asian,neutral
001869,40.0,female,caucasian,slightlyhappy
001870,32.0,female,caucasian,slightlyhappy
001871,15.0,male,caucasian,happy
001872,28.0,male,caucasian,slightlyhappy
001873,28.0,male,caucasian,neutral
001874,22.0,male,caucasian,neutral
001875,26.0,female,caucasian,slightlyhappy
001876,22.0,female,asian,slightlyhappy
001877,43.0,male,afroamerican,neutral
001878,61.0,male,caucasian,slightlyhappy
001879,26.0,male,caucasian,neutral
001880,22.0,female,asian,slightlyhappy
001881,42.0,female,caucasian,neutral
001882,30.0,female,caucasian,slightlyhappy
001883,21.0,female,caucasian,neutral
001884,75.0,male,caucasian,neutral
001885,26.0,female,caucasian,slightlyhappy
001886,42.0,female,caucasian,slightlyhappy
001887,25.0,female,caucasian,happy
001888,42.0,male,caucasian,slightlyhappy
001889,23.0,female,asian,happy
001890,29.0,female,caucasian,happy
001891,13.0,female,caucasian,slightlyhappy
001892,23.0,female,caucasian,slightlyhappy
001893,25.0,female,afroamerican,slightlyhappy
001894,30.0,female,caucasian,slightlyhappy
001895,11.0,female,caucasian,slightlyhappy
001896,15.0,male,caucasian,slightlyhappy
001897,16.0,female,caucasian,happy
001898,43.0,male,caucasian,neutral
001899,30.0,male,afroamerican,slightlyhappy
001900,18.0,male,caucasian,happy
001901,27.0,male,caucasian,neutral
001902,17.0,female,caucasian,happy
001903,27.0,male,caucasian,slightlyhappy
001904,11.0,male,caucasian,neutral
001905,17.0,male,caucasian,slightlyhappy
001906,28.0,male,caucasian,slightlyhappy
001907,32.0,female,caucasian,happy
001908,59.0,male,caucasian,neutral
001909,9.0,male,caucasian,slightlyhappy
001910,33.0,female,caucasian,slightlyhappy
001911,30.0,female,caucasian,slightlyhappy
001912,35.0,female,caucasian,slightlyhappy
001913,24.0,female,caucasian,happy
001914,50.0,male,caucasian,slightlyhappy
001915,8.0,male,caucasian,neutral
001916,27.0,female,caucasian,slightlyhappy
001917,48.0,female,caucasian,slightlyhappy
001918,9.0,female,caucasian,happy
001919,30.0,female,caucasian,happy
001920,53.0,male,asian,neutral
001921,17.0,male,caucasian,neutral
001922,55.0,male,caucasian,happy
001923,12.0,female,caucasian,neutral
001924,26.0,female,asian,happy
001925,45.0,female,caucasian,happy
001926,47.0,male,caucasian,neutral
001927,17.0,male,caucasian,neutral
001928,16.0,male,caucasian,neutral
001929,1.0,male,caucasian,neutral
001930,30.0,male,caucasian,slightlyhappy
001931,43.0,female,caucasian,slightlyhappy
001932,13.0,female,caucasian,neutral
001933,57.0,male,caucasian,neutral
001934,33.0,female,caucasian,slightlyhappy
001935,19.0,male,caucasian,happy
001936,51.0,male,caucasian,neutral
001937,24.0,female,caucasian,slightlyhappy
001938,44.0,male,caucasian,slightlyhappy
001939,14.0,female,caucasian,slightlyhappy
001940,27.0,female,caucasian,happy
001941,32.0,female,caucasian,slightlyhappy
001942,19.0,female,caucasian,neutral
001943,25.0,male,caucasian,slightlyhappy
001944,34.0,male,caucasian,slightlyhappy
001945,59.0,male,caucasian,neutral
001946,35.0,male,caucasian,slightlyhappy
001947,29.0,female,caucasian,slightlyhappy
001948,30.0,male,caucasian,neutral
001949,27.0,female,asian,neutral
001950,22.0,male,caucasian,neutral
001951,30.0,male,caucasian,slightlyhappy
001952,80.0,male,caucasian,slightlyhappy
001953,32.0,male,asian,slightlyhappy
001954,26.0,female,caucasian,slightlyhappy
001955,24.0,male,caucasian,neutral
001956,16.0,female,caucasian,slightlyhappy
001957,4.0,male,caucasian,happy
001958,55.0,male,caucasian,slightlyhappy
001959,20.0,female,caucasian,slightlyhappy
001960,1.0,male,caucasian,neutral
001961,64.0,female,caucasian,other
001962,38.0,female,caucasian,slightlyhappy
001963,6.0,female,caucasian,slightlyhappy
001964,37.0,female,caucasian,happy
001965,43.0,male,caucasian,neutral
001966,27.0,female,asian,neutral
001967,21.0,male,asian,other
001968,30.0,male,caucasian,happy
001969,36.0,female,caucasian,happy
001970,27.0,female,caucasian,neutral
001971,31.0,female,asian,happy
001972,70.0,female,caucasian,neutral
001973,17.0,female,caucasian,slightlyhappy
001974,15.0,female,caucasian,happy
001975,20.0,female,caucasian,slightlyhappy
001976,26.0,female,caucasian,slightlyhappy
001977,31.0,male,caucasian,neutral
001978,16.0,female,caucasian,happy
001979,5.0,female,caucasian,neutral
001980,17.0,female,caucasian,slightlyhappy
001981,27.0,female,caucasian,slightlyhappy
001982,30.0,male,caucasian,slightlyhappy
001983,58.0,male,caucasian,happy
001984,20.0,female,caucasian,happy
001985,27.0,female,asian,slightlyhappy
001986,24.0,male,caucasian,neutral
001987,70.0,female,caucasian,slightlyhappy
001988,49.0,female,caucasian,slightlyhappy
001989,55.0,male,caucasian,slightlyhappy
001990,25.0,male,caucasian,slightlyhappy
001991,20.0,female,afroamerican,happy
001992,30.0,male,caucasian,neutral
001993,59.0,female,caucasian,slightlyhappy
001994,61.0,male,caucasian,slightlyhappy
001995,25.0,male,caucasian,happy
001996,42.0,male,caucasian,slightlyhappy
001997,30.0,male,caucasian,neutral
001998,27.0,female,caucasian,slightlyhappy
001999,37.0,male,caucasian,neutral
002000,14.0,female,caucasian,neutral
002001,14.0,female,caucasian,happy
002002,19.0,male,caucasian,neutral
002003,24.0,male,caucasian,neutral
002004,20.0,male,asian,neutral
002005,13.0,female,caucasian,slightlyhappy
002006,33.0,male,caucasian,slightlyhappy
002007,11.0,male,afroamerican,other
002008,38.0,male,caucasian,slightlyhappy
002009,23.0,female,caucasian,neutral
002010,36.0,male,caucasian,slightlyhappy
002011,23.0,male,caucasian,neutral
002012,16.0,male,caucasian,other
002013,18.0,male,caucasian,slightlyhappy
002014,23.0,female,caucasian,happy
002015,60.0,male,caucasian,other
002016,58.0,male,caucasian,neutral
002017,32.0,male,caucasian,neutral
002018,11.0,female,caucasian,happy
002019,31.0,male,caucasian,slightlyhappy
002020,33.0,female,caucasian,happy
002021,17.0,male,caucasian,slightlyhappy
002022,40.0,male,caucasian,happy
002023,18.0,male,asian,neutral
002024,14.0,female,caucasian,happy
002025,14.0,female,caucasian,happy
002026,50.0,male,caucasian,happy
002027,23.0,male,caucasian,happy
002028,27.0,female,caucasian,other
002029,2.0,male,caucasian,neutral
002030,68.0,male,caucasian,happy
002031,65.0,male,caucasian,slightlyhappy
002032,31.0,male,caucasian,neutral
002033,25.0,female,asian,slightlyhappy
002034,33.0,male,caucasian,neutral
002035,45.0,male,caucasian,neutral
002036,18.0,male,caucasian,neutral
002037,39.0,female,caucasian,happy
002038,21.0,male,caucasian,happy
002039,23.0,male,caucasian,happy
002040,20.0,male,caucasian,neutral
002041,68.0,male,caucasian,neutral
002042,43.0,female,asian,happy
002043,27.0,female,asian,happy
002044,29.0,female,asian,neutral
002045,70.0,male,caucasian,neutral
002046,23.0,male,asian,neutral
002047,29.0,male,caucasian,slightlyhappy
002048,40.0,male,caucasian,neutral
002049,37.0,male,caucasian,neutral
002050,58.0,male,caucasian,slightlyhappy
002051,10.0,male,caucasian,neutral
002052,11.0,male,caucasian,slightlyhappy
002053,12.0,male,caucasian,slightlyhappy
002054,80.0,male,caucasian,slightlyhappy
002055,20.0,female,caucasian,neutral
002056,20.0,female,caucasian,neutral
002057,34.0,female,caucasian,neutral
002058,25.0,female,caucasian,slightlyhappy
002059,34.0,male,caucasian,happy
002060,46.0,male,caucasian,happy
002061,44.0,male,caucasian,neutral
002062,5.0,male,caucasian,slightlyhappy
002063,26.0,male,caucasian,neutral
002064,1.0,male,caucasian,slightlyhappy
002065,26.0,male,caucasian,slightlyhappy
002066,24.0,female,caucasian,happy
002067,16.0,male,caucasian,neutral
002068,2.0,female,caucasian,neutral
002069,19.0,female,caucasian,neutral
002070,10.0,male,caucasian,neutral
002071,58.0,male,caucasian,neutral
002072,27.0,male,caucasian,happy
002073,32.0,female,caucasian,happy
002074,22.0,male,caucasian,slightlyhappy
002075,45.0,female,caucasian,happy
002076,43.0,female,caucasian,happy
002077,30.0,female,caucasian,slightlyhappy
002078,1.0,male,caucasian,neutral
002079,23.0,male,caucasian,happy
002080,23.0,female,caucasian,slightlyhappy
002081,40.0,female,caucasian,happy
002082,43.0,male,caucasian,neutral
002083,15.0,female,caucasian,slightlyhappy
002084,65.0,male,asian,neutral
002085,41.0,female,caucasian,neutral
002086,5.0,male,asian,neutral
002087,50.0,male,caucasian,neutral
002088,20.0,female,caucasian,happy
002089,52.0,male,caucasian,happy
002090,19.0,female,caucasian,happy
002091,15.0,female,caucasian,happy
002092,25.0,male,asian,neutral
002093,54.0,male,caucasian,slightlyhappy
002094,10.0,male,caucasian,slightlyhappy
002095,45.0,female,afroamerican,neutral
002096,21.0,female,caucasian,neutral
002097,50.0,female,afroamerican,neutral
002098,36.0,male,caucasian,neutral
002099,30.0,female,caucasian,happy
002100,51.0,female,caucasian,neutral
002101,19.0,female,caucasian,happy
002102,36.0,male,caucasian,happy
002103,50.0,male,caucasian,neutral
002104,29.0,male,caucasian,happy
002105,14.0,male,caucasian,neutral
002106,46.0,female,caucasian,happy
002107,13.0,female,caucasian,happy
002108,5.0,male,caucasian,neutral
002109,6.0,female,caucasian,slightlyhappy
002110,37.0,female,caucasian,neutral
002111,56.0,female,caucasian,slightlyhappy
002112,26.0,female,caucasian,happy
002113,4.0,male,caucasian,neutral
002114,1.0,male,caucasian,slightlyhappy
002115,30.0,male,caucasian,neutral
002116,29.0,male,caucasian,slightlyhappy
002117,51.0,male,caucasian,slightlyhappy
002118,38.0,male,caucasian,other
002119,46.0,male,caucasian,slightlyhappy
002120,21.0,female,caucasian,slightlyhappy
002121,8.0,female,caucasian,neutral
002122,25.0,male,caucasian,slightlyhappy
002123,30.0,female,caucasian,slightlyhappy
002124,44.0,male,caucasian,neutral
002125,15.0,female,caucasian,neutral
002126,43.0,male,caucasian,slightlyhappy
002127,40.0,female,asian,slightlyhappy
002128,60.0,male,caucasian,neutral
002129,17.0,female,caucasian,slightlyhappy
002130,37.0,female,caucasian,slightlyhappy
002131,16.0,male,caucasian,slightlyhappy
002132,4.0,male,caucasian,neutral
002133,36.0,female,caucasian,slightlyhappy
002134,30.0,male,caucasian,neutral
002135,26.0,male,asian,neutral
002136,30.0,male,caucasian,slightlyhappy
002137,71.0,male,caucasian,slightlyhappy
002138,17.0,female,caucasian,slightlyhappy
002139,26.0,female,caucasian,slightlyhappy
002140,50.0,female,caucasian,slightlyhappy
002141,24.0,male,caucasian,slightlyhappy
002142,67.0,male,caucasian,neutral
002143,40.0,female,asian,neutral
002144,62.0,male,caucasian,neutral
002145,31.0,female,caucasian,neutral
002146,25.0,male,caucasian,happy
002147,19.0,male,caucasian,slightlyhappy
002148,31.0,female,caucasian,happy
002149,38.0,male,caucasian,neutral
002150,15.0,male,caucasian,neutral
002151,41.0,male,caucasian,slightlyhappy
002152,25.0,female,caucasian,slightlyhappy
002153,32.0,female,caucasian,happy
002154,28.0,female,caucasian,slightlyhappy
002155,19.0,male,caucasian,happy
002156,32.0,female,caucasian,neutral
002157,31.0,male,caucasian,other
002158,6.0,female,caucasian,happy
002159,62.0,female,caucasian,neutral
002160,21.0,male,caucasian,slightlyhappy
002161,55.0,female,caucasian,happy
002162,15.0,male,caucasian,neutral
002163,29.0,male,caucasian,slightlyhappy
002164,4.0,male,caucasian,slightlyhappy
002165,16.0,male,caucasian,neutral
002166,16.0,female,asian,slightlyhappy
002167,56.0,male,caucasian,slightlyhappy
002168,39.0,female,caucasian,slightlyhappy
002169,45.0,female,caucasian,happy
002170,28.0,female,asian,slightlyhappy
002171,18.0,female,caucasian,neutral
002172,28.0,female,caucasian,slightlyhappy
002173,19.0,male,asian,slightlyhappy
002174,22.0,female,caucasian,neutral
002175,19.0,female,caucasian,slightlyhappy
002176,37.0,male,caucasian,neutral
002177,18.0,male,asian,slightlyhappy
002178,50.0,male,caucasian,neutral
002179,49.0,female,caucasian,slightlyhappy
002180,27.0,male,caucasian,slightlyhappy
002181,21.0,female,caucasian,slightlyhappy
002182,14.0,female,caucasian,slightlyhappy
002183,19.0,female,caucasian,slightlyhappy
002184,29.0,female,caucasian,slightlyhappy
002185,26.0,male,caucasian,neutral
002186,19.0,female,caucasian,slightlyhappy
002187,2.0,male,caucasian,neutral
002188,85.0,female,caucasian,neutral
002189,30.0,male,asian,neutral
002190,32.0,female,caucasian,happy
002191,36.0,female,caucasian,slightlyhappy
002192,50.0,female,caucasian,slightlyhappy
002193,10.0,male,caucasian,slightlyhappy
002194,28.0,male,caucasian,slightlyhappy
002195,29.0,female,caucasian,neutral
002196,20.0,male,caucasian,neutral
002197,23.0,male,caucasian,neutral
002198,49.0,male,caucasian,neutral
002199,16.0,male,caucasian,other
002200,48.0,male,caucasian,neutral
002201,30.0,female,caucasian,neutral
002202,39.0,male,caucasian,slightlyhappy
002203,49.0,female,caucasian,slightlyhappy
002204,19.0,female,caucasian,slightlyhappy
002205,43.0,male,asian,neutral
002206,64.0,male,caucasian,slightlyhappy
002207,21.0,male,caucasian,slightlyhappy
002208,30.0,male,caucasian,neutral
002209,26.0,male,caucasian,neutral
002210,24.0,male,caucasian,neutral
002211,19.0,male,caucasian,neutral
002212,35.0,male,caucasian,slightlyhappy
002213,65.0,male,caucasian,neutral
002214,5.0,male,caucasian,neutral
002215,21.0,female,caucasian,happy
002216,13.0,female,caucasian,neutral
002217,13.0,female,caucasian,slightlyhappy
002218,18.0,female,caucasian,neutral
002219,17.0,female,caucasian,neutral
002220,11.0,female,caucasian,neutral
002221,37.0,female,caucasian,slightlyhappy
002222,25.0,female,caucasian,neutral
002223,34.0,female,caucasian,slightlyhappy
002224,34.0,female,caucasian,neutral
002225,42.0,female,asian,slightlyhappy
002226,42.0,female,caucasian,neutral
002227,28.0,male,caucasian,happy
002228,42.0,female,caucasian,neutral
002229,27.0,male,caucasian,slightlyhappy
002230,27.0,male,caucasian,neutral
002231,14.0,male,caucasian,neutral
002232,23.0,female,caucasian,slightlyhappy
002233,24.0,male,caucasian,slightlyhappy
002234,30.0,female,caucasian,neutral
002235,46.0,female,caucasian,neutral
002236,66.0,male,caucasian,neutral
002237,46.0,male,caucasian,slightlyhappy
002238,26.0,female,caucasian,neutral
002239,28.0,male,caucasian,slightlyhappy
002240,16.0,male,caucasian,neutral
002241,1.0,male,caucasian,neutral
002242,22.0,female,caucasian,slightlyhappy
002243,39.0,female,afroamerican,happy
002244,30.0,male,caucasian,happy
002245,36.0,male,caucasian,neutral
002246,23.0,male,caucasian,neutral
002247,21.0,male,asian,neutral
002248,27.0,male,caucasian,slightlyhappy
002249,16.0,female,caucasian,happy
002250,23.0,male,caucasian,neutral
002251,32.0,female,caucasian,slightlyhappy
002252,17.0,female,caucasian,slightlyhappy
002253,1.0,male,caucasian,neutral
002254,31.0,male,caucasian,neutral
002255,20.0,female,caucasian,neutral
002256,22.0,male,caucasian,neutral
002257,18.0,male,caucasian,neutral
002258,66.0,male,caucasian,slightlyhappy
002259,8.0,male,caucasian,neutral
002260,2.0,female,caucasian,slightlyhappy
002261,52.0,female,caucasian,slightlyhappy
002262,32.0,female,caucasian,slightlyhappy
002263,15.0,female,caucasian,happy
002264,16.0,female,caucasian,neutral
002265,15.0,female,asian,happy
002266,40.0,female,caucasian,happy
002267,21.0,male,asian,happy
002268,19.0,female,caucasian,neutral
002269,18.0,female,caucasian,happy
002270,28.0,male,caucasian,slightlyhappy
002271,26.0,female,caucasian,slightlyhappy
002272,22.0,female,caucasian,slightlyhappy
002273,20.0,female,caucasian,happy
002274,20.0,male,afroamerican,neutral
002275,35.0,female,caucasian,slightlyhappy
002276,54.0,female,caucasian,neutral
002277,13.0,male,caucasian,neutral
002278,50.0,female,caucasian,slightlyhappy
002279,18.0,female,caucasian,neutral
002280,90.0,female,caucasian,neutral
002281,37.0,male,caucasian,neutral
002282,15.0,male,caucasian,neutral
002283,6.0,male,caucasian,slightlyhappy
002284,51.0,male,caucasian,neutral
002285,50.0,female,caucasian,slightlyhappy
002286,48.0,female,caucasian,slightlyhappy
002287,37.0,male,caucasian,neutral
002288,59.0,female,caucasian,slightlyhappy
002289,72.0,female,caucasian,neutral
002290,80.0,male,caucasian,neutral
002291,24.0,female,asian,slightlyhappy
002292,55.0,female,caucasian,neutral
002293,22.0,female,caucasian,slightlyhappy
002294,4.0,male,caucasian,neutral
002295,40.0,male,caucasian,neutral
002296,29.0,female,asian,slightlyhappy
002297,21.0,male,caucasian,slightlyhappy
002298,30.0,female,caucasian,slightlyhappy
002299,20.0,female,caucasian,slightlyhappy
002300,35.0,female,asian,slightlyhappy
002301,5.0,male,caucasian,slightlyhappy
002302,17.0,female,caucasian,slightlyhappy
002303,1.0,male,afroamerican,happy
002304,25.0,female,caucasian,slightlyhappy
002305,8.0,female,caucasian,neutral
002306,52.0,male,caucasian,slightlyhappy
002307,17.0,male,caucasian,happy
002308,22.0,male,caucasian,neutral
002309,27.0,female,caucasian,slightlyhappy
002310,33.0,male,caucasian,neutral
002311,26.0,female,caucasian,slightlyhappy
002312,38.0,male,caucasian,neutral
002313,36.0,male,caucasian,neutral
002314,36.0,male,caucasian,slightlyhappy
002315,14.0,male,caucasian,neutral
002316,46.0,male,caucasian,neutral
002317,30.0,male,caucasian,slightlyhappy
002318,48.0,male,caucasian,neutral
002319,48.0,male,caucasian,neutral
002320,51.0,male,caucasian,happy
002321,41.0,male,caucasian,happy
002322,7.0,female,caucasian,slightlyhappy
002323,27.0,female,caucasian,happy
002324,35.0,female,caucasian,happy
002325,20.0,female,caucasian,happy
002326,42.0,male,caucasian,happy
002327,24.0,male,caucasian,happy
002328,18.0,female,caucasian,slightlyhappy
002329,30.0,female,afroamerican,slightlyhappy
002330,28.0,male,asian,slightlyhappy
002331,58.0,female,caucasian,slightlyhappy
002332,40.0,female,caucasian,neutral
002333,14.0,male,caucasian,slightlyhappy
002334,6.0,male,caucasian,slightlyhappy
002335,34.0,male,asian,neutral
002336,36.0,male,caucasian,neutral
002337,55.0,male,caucasian,slightlyhappy
002338,23.0,female,caucasian,slightlyhappy
002339,16.0,female,caucasian,slightlyhappy
002340,85.0,male,caucasian,neutral
002341,54.0,male,caucasian,slightlyhappy
002342,23.0,female,caucasian,neutral
002343,30.0,female,caucasian,slightlyhappy
002344,55.0,male,caucasian,slightlyhappy
002345,59.0,male,caucasian,happy
002346,20.0,female,caucasian,happy
002347,12.0,female,caucasian,happy
002348,71.0,male,caucasian,neutral
002349,38.0,male,caucasian,happy
002350,5.0,male,caucasian,happy
002351,42.0,male,caucasian,slightlyhappy
002352,24.0,female,caucasian,happy
002353,55.0,female,caucasian,slightlyhappy
002354,42.0,male,caucasian,slightlyhappy
002355,20.0,male,caucasian,slightlyhappy
002356,1.0,male,caucasian,neutral
002357,23.0,male,asian,slightlyhappy
002358,47.0,male,caucasian,neutral
002359,2.0,female,caucasian,neutral
002360,46.0,male,caucasian,slightlyhappy
002361,47.0,male,caucasian,slightlyhappy
002362,30.0,male,caucasian,slightlyhappy
002363,48.0,male,caucasian,slightlyhappy
002364,36.0,female,caucasian,neutral
002365,27.0,female,caucasian,slightlyhappy
002366,10.0,male,caucasian,slightlyhappy
002367,23.0,female,caucasian,neutral
002368,51.0,male,asian,slightlyhappy
002369,37.0,male,caucasian,slightlyhappy
002370,25.0,female,caucasian,slightlyhappy
002371,37.0,male,caucasian,neutral
002372,37.0,male,caucasian,neutral
002373,70.0,male,caucasian,neutral
002374,23.0,male,caucasian,slightlyhappy
002375,30.0,male,caucasian,slightlyhappy
002376,55.0,male,caucasian,neutral
002377,37.0,male,caucasian,slightlyhappy
002378,41.0,male,caucasian,neutral
002379,30.0,male,asian,neutral
002380,52.0,female,caucasian,slightlyhappy
002381,30.0,female,caucasian,slightlyhappy
002382,50.0,male,caucasian,neutral
002383,27.0,male,caucasian,slightlyhappy
002384,62.0,female,caucasian,neutral
002385,28.0,female,caucasian,slightlyhappy
002386,55.0,female,caucasian,slightlyhappy
002387,52.0,female,caucasian,slightlyhappy
002388,34.0,female,caucasian,happy
002389,22.0,female,afroamerican,happy
002390,34.0,female,caucasian,slightlyhappy
002391,35.0,female,asian,slightlyhappy
002392,16.0,female,asian,slightlyhappy
002393,33.0,female,caucasian,happy
002394,7.0,male,caucasian,other
002395,30.0,male,asian,slightlyhappy
002396,33.0,male,caucasian,neutral
002397,14.0,female,caucasian,neutral
002398,25.0,female,asian,slightlyhappy
002399,1.0,male,caucasian,neutral
002400,38.0,female,asian,neutral
002401,30.0,female,caucasian,slightlyhappy
002402,20.0,female,caucasian,happy
002403,29.0,male,caucasian,neutral
002404,22.0,female,caucasian,neutral
002405,1.0,female,caucasian,neutral
002406,28.0,male,caucasian,other
002407,39.0,male,asian,slightlyhappy
002408,21.0,male,caucasian,other
002409,12.0,female,caucasian,slightlyhappy
002410,19.0,male,caucasian,slightlyhappy
002411,49.0,male,caucasian,happy
002412,24.0,male,caucasian,happy
002413,26.0,male,caucasian,neutral
002414,32.0,male,asian,neutral
002415,51.0,female,caucasian,slightlyhappy
002416,50.0,male,caucasian,slightlyhappy
002417,8.0,male,caucasian,slightlyhappy
002418,39.0,female,caucasian,slightlyhappy
002419,32.0,male,caucasian,neutral
002420,87.0,male,asian,slightlyhappy
002421,31.0,male,caucasian,slightlyhappy
002422,29.0,female,caucasian,happy
002423,25.0,male,caucasian,slightlyhappy
002424,50.0,male,caucasian,neutral
002425,41.0,male,afroamerican,slightlyhappy
002426,32.0,female,asian,neutral
002427,47.0,female,afroamerican,slightlyhappy
002428,37.0,male,caucasian,slightlyhappy
002429,2.0,male,caucasian,slightlyhappy
002430,6.0,female,caucasian,slightlyhappy
002431,44.0,female,caucasian,slightlyhappy
002432,47.0,female,caucasian,slightlyhappy
002433,43.0,female,asian,slightlyhappy
002434,20.0,female,caucasian,happy
002435,50.0,male,caucasian,slightlyhappy
002436,31.0,male,caucasian,slightlyhappy
002437,23.0,male,asian,slightlyhappy
002438,32.0,female,caucasian,happy
002439,2.0,female,caucasian,happy
002440,30.0,female,caucasian,neutral
002441,49.0,female,caucasian,slightlyhappy
002442,25.0,female,caucasian,neutral
002443,25.0,female,asian,slightlyhappy
002444,34.0,female,caucasian,neutral
002445,42.0,male,caucasian,neutral
002446,55.0,male,caucasian,slightlyhappy
002447,30.0,male,caucasian,neutral
002448,35.0,female,caucasian,neutral
002449,62.0,male,caucasian,slightlyhappy
002450,50.0,female,caucasian,slightlyhappy
002451,35.0,female,caucasian,slightlyhappy
002452,14.0,female,caucasian,slightlyhappy
002453,22.0,male,caucasian,slightlyhappy
002454,44.0,male,caucasian,neutral
002455,80.0,female,caucasian,slightlyhappy
002456,45.0,male,caucasian,slightlyhappy
002457,26.0,female,caucasian,happy
002458,10.0,female,afroamerican,neutral
002459,23.0,male,caucasian,slightlyhappy
002460,2.0,female,caucasian,neutral
002461,29.0,female,caucasian,slightlyhappy
002462,45.0,female,caucasian,neutral
002463,13.0,male,caucasian,slightlyhappy
002464,25.0,female,caucasian,neutral
002465,50.0,female,caucasian,slightlyhappy
002466,15.0,female,caucasian,slightlyhappy
002467,44.0,male,caucasian,neutral
002468,49.0,female,caucasian,slightlyhappy
002469,5.0,female,caucasian,slightlyhappy
002470,28.0,male,caucasian,neutral
002471,39.0,female,caucasian,slightlyhappy
002472,35.0,female,caucasian,slightlyhappy
002473,36.0,male,caucasian,slightlyhappy
002474,23.0,male,caucasian,neutral
002475,34.0,male,caucasian,slightlyhappy
002476,21.0,male,caucasian,slightlyhappy
002477,25.0,male,caucasian,slightlyhappy
002478,21.0,female,caucasian,slightlyhappy
002479,37.0,male,caucasian,slightlyhappy
002480,39.0,female,caucasian,slightlyhappy
002481,18.0,female,caucasian,slightlyhappy
002482,28.0,male,caucasian,neutral
002483,45.0,male,caucasian,slightlyhappy
002484,16.0,male,asian,neutral
002485,16.0,female,caucasian,neutral
002486,26.0,female,caucasian,slightlyhappy
002487,6.0,male,caucasian,neutral
002488,2.0,female,caucasian,slightlyhappy
002489,19.0,female,caucasian,happy
002490,22.0,male,caucasian,slightlyhappy
002491,23.0,female,asian,neutral
002492,72.0,male,caucasian,slightlyhappy
002493,6.0,male,caucasian,neutral
002494,77.0,male,caucasian,neutral
002495,14.0,female,caucasian,slightlyhappy
002496,22.0,male,caucasian,slightlyhappy
002497,29.0,male,caucasian,slightlyhappy
002498,41.0,female,caucasian,slightlyhappy
002499,26.0,female,afroamerican,neutral
002500,44.0,male,afroamerican,slightlyhappy
002501,4.0,male,caucasian,slightlyhappy
002502,27.0,female,caucasian,slightlyhappy
002503,25.0,female,caucasian,slightlyhappy
002504,1.0,female,caucasian,neutral
002505,32.0,male,caucasian,neutral
002506,27.0,male,caucasian,slightlyhappy
002507,42.0,female,caucasian,slightlyhappy
002508,28.0,male,caucasian,neutral
002509,1.0,male,caucasian,neutral
002510,68.0,male,caucasian,neutral
002511,27.0,male,caucasian,slightlyhappy
002512,22.0,female,caucasian,slightlyhappy
002513,19.0,male,caucasian,neutral
002514,29.0,female,caucasian,slightlyhappy
002515,21.0,female,asian,slightlyhappy
002516,21.0,female,asian,slightlyhappy
002517,53.0,male,caucasian,slightlyhappy
002518,26.0,male,caucasian,slightlyhappy
002519,16.0,male,caucasian,neutral
002520,1.0,female,caucasian,neutral
002521,90.0,male,caucasian,slightlyhappy
002522,41.0,female,asian,slightlyhappy
002523,4.0,male,caucasian,neutral
002524,22.0,male,caucasian,neutral
002525,26.0,female,asian,slightlyhappy
002526,15.0,female,caucasian,neutral
002527,16.0,female,caucasian,slightlyhappy
002528,10.0,female,afroamerican,slightlyhappy
002529,20.0,female,caucasian,slightlyhappy
002530,73.0,male,caucasian,neutral
002531,8.0,male,caucasian,happy
002532,14.0,female,caucasian,slightlyhappy
002533,28.0,female,caucasian,happy
002534,31.0,female,asian,happy
002535,14.0,female,caucasian,slightlyhappy
002536,15.0,female,caucasian,happy
002537,25.0,female,caucasian,slightlyhappy
002538,25.0,male,caucasian,slightlyhappy
002539,30.0,male,caucasian,happy
002540,28.0,female,caucasian,neutral
002541,27.0,female,afroamerican,neutral
002542,27.0,male,caucasian,happy
002543,38.0,male,asian,slightlyhappy
002544,20.0,female,caucasian,slightlyhappy
002545,26.0,male,asian,slightlyhappy
002546,33.0,male,asian,slightlyhappy
002547,52.0,female,caucasian,happy
002548,30.0,male,caucasian,neutral
002549,53.0,female,caucasian,slightlyhappy
002550,4.0,female,caucasian,neutral
002551,44.0,male,caucasian,slightlyhappy
002552,21.0,female,caucasian,slightlyhappy
002553,34.0,male,caucasian,neutral
002554,17.0,male,caucasian,slightlyhappy
002555,25.0,male,caucasian,slightlyhappy
002556,35.0,female,caucasian,slightlyhappy
002557,64.0,female,caucasian,neutral
002558,38.0,male,caucasian,slightlyhappy
002559,26.0,female,caucasian,slightlyhappy
002560,27.0,female,asian,slightlyhappy
002561,48.0,female,caucasian,slightlyhappy
002562,29.0,male,caucasian,slightlyhappy
002563,7.0,male,caucasian,neutral
002564,17.0,female,caucasian,slightlyhappy
002565,36.0,male,caucasian,neutral
002566,1.0,male,caucasian,neutral
002567,28.0,male,caucasian,slightlyhappy
002568,52.0,female,caucasian,neutral
002569,29.0,male,caucasian,neutral
002570,36.0,male,caucasian,neutral
002571,17.0,male,caucasian,other
002572,18.0,female,caucasian,slightlyhappy
002573,14.0,female,caucasian,slightlyhappy
002574,50.0,male,caucasian,slightlyhappy
002575,2.0,male,caucasian,neutral
002576,1.0,male,caucasian,neutral
002577,30.0,female,caucasian,happy
002578,47.0,male,caucasian,neutral
002579,40.0,male,caucasian,neutral
002580,33.0,male,caucasian,slightlyhappy
002581,59.0,female,caucasian,slightlyhappy
002582,27.0,female,caucasian,neutral
002583,40.0,female,caucasian,slightlyhappy
002584,24.0,female,caucasian,happy
002585,4.0,male,caucasian,slightlyhappy
002586,25.0,male,caucasian,neutral
002587,70.0,male,caucasian,slightlyhappy
002588,15.0,male,asian,neutral
002589,44.0,female,caucasian,slightlyhappy
002590,42.0,female,caucasian,slightlyhappy
002591,5.0,female,caucasian,neutral
002592,66.0,male,caucasian,neutral
002593,6.0,female,asian,neutral
002594,35.0,male,caucasian,neutral
002595,15.0,male,caucasian,slightlyhappy
002596,7.0,female,caucasian,slightlyhappy
002597,53.0,female,caucasian,slightlyhappy
002598,11.0,female,caucasian,happy
002599,37.0,male,caucasian,neutral
002600,37.0,female,caucasian,happy
002601,5.0,male,caucasian,neutral
002602,34.0,female,caucasian,happy
002603,36.0,female,afroamerican,happy
002604,51.0,female,caucasian,neutral
002605,47.0,male,caucasian,slightlyhappy
002606,18.0,female,asian,slightlyhappy
002607,33.0,female,caucasian,happy
002608,18.0,male,caucasian,neutral
002609,58.0,male,caucasian,neutral
002610,18.0,female,caucasian,neutral
002611,57.0,male,caucasian,neutral
002612,58.0,male,caucasian,neutral
002613,71.0,male,caucasian,neutral
002614,27.0,male,caucasian,neutral
002615,57.0,female,caucasian,slightlyhappy
002616,52.0,female,caucasian,slightlyhappy
002617,25.0,female,asian,slightlyhappy
002618,53.0,male,caucasian,neutral
002619,52.0,male,caucasian,slightlyhappy
002620,30.0,female,caucasian,slightlyhappy
002621,25.0,male,caucasian,neutral
002622,49.0,male,asian,slightlyhappy
002623,59.0,male,caucasian,neutral
002624,62.0,male,caucasian,neutral
002625,28.0,female,caucasian,neutral
002626,32.0,female,caucasian,slightlyhappy
002627,16.0,female,caucasian,slightlyhappy
002628,60.0,male,afroamerican,other
002629,34.0,female,caucasian,slightlyhappy
002630,7.0,male,asian,happy
002631,25.0,female,caucasian,neutral
002632,53.0,male,caucasian,happy
002633,6.0,male,caucasian,neutral
002634,90.0,female,caucasian,slightlyhappy
002635,46.0,female,caucasian,slightlyhappy
002636,41.0,female,caucasian,slightlyhappy
002637,16.0,male,caucasian,neutral
002638,20.0,female,caucasian,slightlyhappy
002639,36.0,female,afroamerican,neutral
002640,30.0,female,caucasian,slightlyhappy
002641,31.0,male,caucasian,neutral
002642,33.0,female,asian,slightlyhappy
002643,61.0,male,caucasian,slightlyhappy
002644,46.0,male,caucasian,happy
002645,12.0,female,caucasian,happy
002646,80.0,male,caucasian,slightlyhappy
002647,50.0,female,caucasian,slightlyhappy
002648,21.0,male,caucasian,slightlyhappy
002649,65.0,male,caucasian,neutral
002650,16.0,female,caucasian,happy
002651,4.0,male,caucasian,slightlyhappy
002652,63.0,female,caucasian,slightlyhappy
002653,32.0,male,caucasian,slightlyhappy
002654,18.0,female,caucasian,slightlyhappy
002655,28.0,female,asian,slightlyhappy
002656,20.0,male,caucasian,slightlyhappy
002657,40.0,male,caucasian,slightlyhappy
002658,7.0,male,caucasian,slightlyhappy
002659,30.0,female,caucasian,slightlyhappy
002660,37.0,male,caucasian,slightlyhappy
002661,100.0,female,caucasian,neutral
002662,42.0,male,caucasian,neutral
002663,4.0,female,caucasian,slightlyhappy
002664,19.0,male,caucasian,neutral
002665,47.0,male,caucasian,slightlyhappy
002666,34.0,male,caucasian,slightlyhappy
002667,17.0,male,caucasian,neutral
002668,39.0,female,caucasian,slightlyhappy
002669,52.0,male,caucasian,slightlyhappy
002670,19.0,female,caucasian,slightlyhappy
002671,22.0,male,caucasian,neutral
002672,25.0,female,caucasian,slightlyhappy
002673,60.0,female,caucasian,slightlyhappy
002674,25.0,male,asian,neutral
002675,17.0,male,caucasian,neutral
002676,27.0,male,asian,slightlyhappy
002677,57.0,female,caucasian,slightlyhappy
002678,9.0,male,caucasian,slightlyhappy
002679,34.0,male,caucasian,neutral
002680,42.0,female,caucasian,neutral
002681,1.0,male,caucasian,neutral
002682,28.0,female,caucasian,neutral
002683,23.0,female,caucasian,neutral
002684,32.0,female,caucasian,neutral
002685,7.0,female,afroamerican,happy
002686,36.0,female,caucasian,neutral
002687,50.0,male,caucasian,neutral
002688,19.0,female,caucasian,slightlyhappy
002689,13.0,female,caucasian,neutral
002690,40.0,male,asian,neutral
002691,33.0,male,caucasian,slightlyhappy
002692,23.0,male,asian,slightlyhappy
002693,11.0,female,caucasian,slightlyhappy
002694,35.0,male,caucasian,neutral
002695,44.0,female,caucasian,slightlyhappy
002696,30.0,female,caucasian,slightlyhappy
002697,34.0,female,caucasian,slightlyhappy
002698,23.0,female,caucasian,slightlyhappy
002699,70.0,female,caucasian,slightlyhappy
002700,29.0,male,caucasian,neutral
002701,6.0,female,asian,neutral
002702,35.0,female,caucasian,slightlyhappy
002703,19.0,female,caucasian,slightlyhappy
002704,11.0,male,asian,other
002705,21.0,male,caucasian,slightlyhappy
002706,19.0,male,afroamerican,slightlyhappy
002707,23.0,male,caucasian,neutral
002708,26.0,male,asian,neutral
002709,17.0,female,afroamerican,happy
002710,36.0,male,caucasian,slightlyhappy
002711,52.0,male,caucasian,neutral
002712,23.0,female,caucasian,happy
002713,24.0,female,asian,slightlyhappy
002714,2.0,male,caucasian,neutral
002715,12.0,male,caucasian,neutral
002716,20.0,female,caucasian,slightlyhappy
002717,34.0,male,caucasian,happy
002718,26.0,male,caucasian,happy
002719,14.0,male,caucasian,neutral
002720,16.0,female,caucasian,happy
002721,15.0,male,asian,neutral
002722,31.0,male,caucasian,neutral
002723,43.0,female,caucasian,slightlyhappy
002724,61.0,female,caucasian,happy
002725,20.0,female,caucasian,slightlyhappy
002726,45.0,female,caucasian,neutral
002727,41.0,female,caucasian,slightlyhappy
002728,33.0,male,asian,happy
002729,31.0,female,caucasian,slightlyhappy
002730,47.0,female,caucasian,neutral
002731,28.0,female,caucasian,happy
002732,4.0,female,caucasian,neutral
002733,40.0,female,caucasian,slightlyhappy
002734,20.0,female,caucasian,neutral
002735,52.0,male,caucasian,neutral
002736,39.0,female,caucasian,neutral
002737,32.0,male,caucasian,slightlyhappy
002738,34.0,female,caucasian,slightlyhappy
002739,7.0,female,caucasian,neutral
002740,24.0,female,caucasian,slightlyhappy
002741,40.0,female,caucasian,happy
002742,51.0,female,caucasian,neutral
002743,31.0,female,caucasian,neutral
002744,39.0,male,caucasian,slightlyhappy
002745,41.0,male,asian,neutral
002746,48.0,male,caucasian,neutral
002747,49.0,male,caucasian,neutral
002748,37.0,female,caucasian,slightlyhappy
002749,28.0,female,caucasian,slightlyhappy
002750,4.0,female,asian,slightlyhappy
002751,21.0,female,caucasian,happy
002752,16.0,female,caucasian,slightlyhappy
002753,33.0,male,asian,neutral
002754,31.0,female,caucasian,slightlyhappy
002755,25.0,male,asian,neutral
002756,25.0,male,caucasian,slightlyhappy
002757,41.0,female,caucasian,slightlyhappy
002758,46.0,male,afroamerican,neutral
002759,15.0,male,caucasian,neutral
002760,24.0,male,caucasian,other
002761,69.0,male,asian,other
002762,48.0,male,caucasian,slightlyhappy
002763,45.0,male,caucasian,slightlyhappy
002764,31.0,male,caucasian,slightlyhappy
002765,27.0,male,caucasian,slightlyhappy
002766,20.0,female,caucasian,slightlyhappy
002767,24.0,male,caucasian,neutral
002768,28.0,male,asian,slightlyhappy
002769,40.0,male,caucasian,neutral
002770,51.0,male,caucasian,neutral
002771,27.0,female,asian,neutral
002772,27.0,male,asian,slightlyhappy
002773,22.0,male,caucasian,neutral
002774,50.0,female,caucasian,neutral
002775,32.0,male,caucasian,slightlyhappy
002776,25.0,female,caucasian,neutral
002777,29.0,female,caucasian,slightlyhappy
002778,45.0,female,caucasian,slightlyhappy
002779,37.0,female,asian,slightlyhappy
002780,32.0,male,caucasian,slightlyhappy
002781,20.0,male,caucasian,slightlyhappy
002782,31.0,female,asian,slightlyhappy
002783,16.0,female,caucasian,slightlyhappy
002784,58.0,male,caucasian,other
002785,47.0,male,caucasian,other
002786,25.0,female,caucasian,slightlyhappy
002787,36.0,male,caucasian,other
002788,36.0,male,caucasian,neutral
002789,33.0,male,caucasian,slightlyhappy
002790,46.0,male,caucasian,slightlyhappy
002791,35.0,female,caucasian,slightlyhappy
002792,25.0,female,caucasian,slightlyhappy
002793,23.0,male,asian,slightlyhappy
002794,16.0,female,caucasian,slightlyhappy
002795,68.0,male,asian,neutral
002796,1.0,male,caucasian,neutral
002797,2.0,female,caucasian,slightlyhappy
002798,50.0,male,caucasian,neutral
002799,46.0,female,asian,slightlyhappy
002800,27.0,male,caucasian,slightlyhappy
002801,61.0,male,caucasian,neutral
002802,32.0,female,caucasian,neutral
002803,24.0,female,caucasian,happy
002804,45.0,female,caucasian,neutral
002805,35.0,male,caucasian,slightlyhappy
002806,28.0,female,asian,slightlyhappy
002807,7.0,male,caucasian,happy
002808,21.0,male,caucasian,happy
002809,51.0,female,caucasian,slightlyhappy
002810,64.0,male,caucasian,slightlyhappy
002811,55.0,male,caucasian,neutral
002812,17.0,female,caucasian,slightlyhappy
002813,54.0,female,caucasian,slightlyhappy
002814,39.0,male,caucasian,slightlyhappy
002815,35.0,female,caucasian,slightlyhappy
002816,49.0,male,caucasian,slightlyhappy
002817,33.0,male,caucasian,neutral
002818,35.0,female,caucasian,neutral
002819,16.0,female,caucasian,slightlyhappy
002820,43.0,female,caucasian,slightlyhappy
002821,2.0,female,caucasian,neutral
002822,42.0,male,caucasian,neutral
002823,58.0,female,caucasian,slightlyhappy
002824,20.0,female,afroamerican,happy
002825,70.0,male,caucasian,neutral
002826,17.0,male,caucasian,neutral
002827,46.0,female,caucasian,slightlyhappy
002828,21.0,male,caucasian,slightlyhappy
002829,23.0,female,caucasian,neutral
002830,28.0,male,caucasian,slightlyhappy
002831,63.0,male,caucasian,slightlyhappy
002832,18.0,male,asian,slightlyhappy
002833,56.0,male,caucasian,neutral
002834,24.0,male,caucasian,other
002835,21.0,male,asian,neutral
002836,17.0,female,caucasian,slightlyhappy
002837,38.0,male,caucasian,slightlyhappy
002838,48.0,female,caucasian,slightlyhappy
002839,51.0,female,caucasian,slightlyhappy
002840,26.0,male,caucasian,slightlyhappy
002841,46.0,male,caucasian,slightlyhappy
002842,41.0,male,caucasian,neutral
002843,28.0,female,caucasian,slightlyhappy
002844,31.0,male,caucasian,neutral
002845,37.0,female,caucasian,neutral
002846,65.0,male,caucasian,slightlyhappy
002847,1.0,female,caucasian,neutral
002848,5.0,female,caucasian,slightlyhappy
002849,19.0,female,caucasian,slightlyhappy
002850,15.0,female,asian,slightlyhappy
002851,34.0,male,caucasian,neutral
002852,52.0,male,caucasian,neutral
002853,34.0,male,caucasian,neutral
002854,38.0,female,caucasian,neutral
002855,72.0,female,caucasian,neutral
002856,46.0,male,caucasian,other
002857,19.0,female,caucasian,slightlyhappy
002858,30.0,female,caucasian,slightlyhappy
002859,46.0,female,caucasian,neutral
002860,24.0,male,caucasian,slightlyhappy
002861,42.0,male,caucasian,neutral
002862,17.0,female,afroamerican,neutral
002863,50.0,female,caucasian,slightlyhappy
002864,56.0,male,caucasian,slightlyhappy
002865,16.0,male,afroamerican,neutral
002866,40.0,male,caucasian,slightlyhappy
002867,36.0,female,caucasian,slightlyhappy
002868,47.0,female,caucasian,slightlyhappy
002869,23.0,female,caucasian,slightlyhappy
002870,31.0,male,asian,slightlyhappy
002871,56.0,male,caucasian,neutral
002872,19.0,female,asian,happy
002873,6.0,female,caucasian,happy
002874,17.0,male,caucasian,neutral
002875,49.0,female,caucasian,slightlyhappy
002876,22.0,female,caucasian,slightlyhappy
002877,30.0,male,caucasian,happy
002878,4.0,male,caucasian,other
002879,21.0,female,caucasian,happy
002880,1.0,male,asian,neutral
002881,16.0,female,caucasian,slightlyhappy
002882,63.0,male,caucasian,neutral
002883,1.0,female,caucasian,neutral
002884,19.0,female,caucasian,slightlyhappy
002885,27.0,female,caucasian,slightlyhappy
002886,2.0,male,caucasian,slightlyhappy
002887,23.0,male,caucasian,other
002888,49.0,male,caucasian,other
002889,5.0,male,caucasian,slightlyhappy
002890,45.0,female,asian,slightlyhappy
002891,25.0,male,caucasian,other
002892,25.0,female,caucasian,neutral
002893,44.0,male,asian,slightlyhappy
002894,41.0,female,asian,slightlyhappy
002895,19.0,female,caucasian,slightlyhappy
002896,21.0,female,caucasian,slightlyhappy
002897,44.0,female,caucasian,slightlyhappy
002898,24.0,female,asian,slightlyhappy
002899,14.0,male,asian,slightlyhappy
002900,30.0,male,caucasian,slightlyhappy
002901,16.0,male,caucasian,slightlyhappy
002902,52.0,female,caucasian,slightlyhappy
002903,18.0,female,caucasian,slightlyhappy
002904,23.0,female,caucasian,neutral
002905,16.0,male,afroamerican,neutral
002906,38.0,male,caucasian,neutral
002907,29.0,female,asian,slightlyhappy
002908,29.0,female,caucasian,slightlyhappy
002909,60.0,male,asian,neutral
002910,5.0,female,caucasian,neutral
002911,67.0,female,caucasian,happy
002912,32.0,male,caucasian,slightlyhappy
002913,17.0,female,caucasian,neutral
002914,4.0,male,asian,other
002915,33.0,female,caucasian,happy
002916,18.0,female,caucasian,slightlyhappy
002917,56.0,male,caucasian,neutral
002918,25.0,male,caucasian,neutral
002919,33.0,male,caucasian,neutral
002920,51.0,female,caucasian,neutral
002921,16.0,male,asian,happy
002922,16.0,male,caucasian,happy
002923,22.0,female,caucasian,happy
002924,48.0,male,caucasian,neutral
002925,21.0,male,afroamerican,neutral
002926,9.0,male,caucasian,slightlyhappy
002927,33.0,male,caucasian,neutral
002928,45.0,male,caucasian,neutral
002929,14.0,male,caucasian,other
002930,40.0,female,asian,happy
002931,56.0,female,caucasian,slightlyhappy
002932,41.0,male,caucasian,slightlyhappy
002933,38.0,female,caucasian,happy
002934,40.0,female,caucasian,happy
002935,1.0,male,caucasian,other
002936,48.0,male,caucasian,happy
002937,26.0,male,caucasian,happy
002938,20.0,female,caucasian,happy
002939,31.0,female,caucasian,slightlyhappy
002940,26.0,female,caucasian,slightlyhappy
002941,2.0,male,caucasian,neutral
002942,36.0,female,caucasian,slightlyhappy
002943,53.0,male,caucasian,slightlyhappy
002944,17.0,male,caucasian,neutral
002945,24.0,male,caucasian,neutral
002946,25.0,female,afroamerican,happy
002947,31.0,male,caucasian,neutral
002948,39.0,female,caucasian,happy
002949,39.0,female,caucasian,happy
002950,51.0,female,caucasian,happy
002951,47.0,female,caucasian,happy
002952,30.0,female,afroamerican,slightlyhappy
002953,24.0,female,caucasian,neutral
002954,35.0,female,afroamerican,happy
002955,32.0,male,caucasian,neutral
002956,25.0,female,caucasian,neutral
002957,47.0,male,caucasian,neutral
002958,20.0,female,asian,neutral
002959,30.0,female,caucasian,slightlyhappy
002960,34.0,female,caucasian,happy
002961,23.0,female,caucasian,happy
002962,38.0,female,caucasian,neutral
002963,40.0,female,caucasian,happy
002964,26.0,female,caucasian,happy
002965,21.0,female,caucasian,happy
002966,19.0,female,asian,slightlyhappy
002967,38.0,male,caucasian,happy
002968,52.0,female,caucasian,slightlyhappy
002969,34.0,female,caucasian,happy
002970,15.0,male,caucasian,slightlyhappy
002971,31.0,female,caucasian,happy
002972,32.0,female,caucasian,slightlyhappy
002973,44.0,female,caucasian,slightlyhappy
002974,17.0,female,caucasian,slightlyhappy
002975,29.0,male,asian,neutral
002976,60.0,male,caucasian,neutral
002977,15.0,male,caucasian,slightlyhappy
002978,16.0,male,afroamerican,happy
002979,24.0,male,asian,neutral
002980,6.0,female,caucasian,other
002981,23.0,female,caucasian,slightlyhappy
002982,30.0,female,caucasian,slightlyhappy
002983,48.0,female,caucasian,neutral
002984,58.0,male,caucasian,neutral
002985,15.0,male,caucasian,slightlyhappy
002986,13.0,female,caucasian,slightlyhappy
002987,55.0,male,caucasian,neutral
002988,25.0,male,caucasian,other
002989,33.0,male,caucasian,happy
002990,22.0,female,asian,happy
002991,19.0,female,caucasian,happy
002992,24.0,female,afroamerican,happy
002993,34.0,female,caucasian,slightlyhappy
002994,51.0,female,caucasian,neutral
002995,29.0,female,asian,slightlyhappy
002996,47.0,male,caucasian,neutral
002997,70.0,male,caucasian,neutral
002998,33.0,female,caucasian,slightlyhappy
002999,20.0,female,caucasian,happy
003000,22.0,female,caucasian,neutral
003001,25.0,male,caucasian,neutral
003002,28.0,female,caucasian,slightlyhappy
003003,15.0,female,caucasian,neutral
003004,43.0,female,caucasian,happy
003005,31.0,female,caucasian,happy
003006,19.0,female,caucasian,happy
003007,24.0,male,caucasian,neutral
003008,29.0,male,caucasian,neutral
003009,37.0,male,caucasian,neutral
003010,52.0,male,caucasian,neutral
003011,53.0,female,caucasian,neutral
003012,33.0,male,afroamerican,slightlyhappy
003013,50.0,female,caucasian,happy
003014,49.0,female,caucasian,neutral
003015,34.0,male,caucasian,slightlyhappy
003016,30.0,male,caucasian,happy
003017,20.0,male,caucasian,slightlyhappy
003018,79.0,male,caucasian,slightlyhappy
003019,34.0,male,caucasian,neutral
003020,42.0,female,caucasian,neutral
003021,20.0,female,caucasian,slightlyhappy
003022,31.0,male,caucasian,neutral
003023,50.0,male,caucasian,neutral
003024,26.0,female,caucasian,slightlyhappy
003025,67.0,male,caucasian,neutral
003026,23.0,female,asian,slightlyhappy
003027,15.0,female,caucasian,slightlyhappy
003028,22.0,male,caucasian,neutral
003029,42.0,female,caucasian,slightlyhappy
003030,70.0,male,asian,neutral
003031,27.0,male,caucasian,neutral
003032,34.0,female,caucasian,neutral
003033,32.0,male,caucasian,neutral
003034,41.0,female,caucasian,slightlyhappy
003035,23.0,male,asian,slightlyhappy
003036,41.0,male,caucasian,neutral
003037,41.0,male,caucasian,slightlyhappy
003038,35.0,female,caucasian,slightlyhappy
003039,1.0,male,caucasian,neutral
003040,32.0,female,caucasian,slightlyhappy
003041,66.0,female,caucasian,happy
003042,25.0,male,asian,slightlyhappy
003043,18.0,male,caucasian,neutral
003044,16.0,female,caucasian,slightlyhappy
003045,35.0,male,caucasian,neutral
003046,39.0,female,caucasian,slightlyhappy
003047,14.0,female,caucasian,slightlyhappy
003048,39.0,female,caucasian,neutral
003049,19.0,female,caucasian,slightlyhappy
003050,12.0,female,caucasian,other
003051,45.0,female,caucasian,happy
003052,27.0,female,caucasian,happy
003053,87.0,male,caucasian,neutral
003054,56.0,male,caucasian,slightlyhappy
003055,33.0,female,caucasian,slightlyhappy
003056,25.0,female,afroamerican,happy
003057,33.0,male,caucasian,slightlyhappy
003058,50.0,female,caucasian,slightlyhappy
003059,63.0,male,caucasian,other
003060,48.0,female,caucasian,slightlyhappy
003061,37.0,male,caucasian,happy
003062,33.0,male,asian,slightlyhappy
003063,37.0,male,caucasian,slightlyhappy
003064,40.0,female,caucasian,slightlyhappy
003065,42.0,female,caucasian,slightlyhappy
003066,37.0,female,caucasian,slightlyhappy
003067,39.0,female,caucasian,slightlyhappy
003068,57.0,male,caucasian,slightlyhappy
003069,20.0,male,caucasian,neutral
003070,39.0,male,caucasian,other
003071,23.0,female,caucasian,happy
003072,60.0,male,caucasian,neutral
003073,20.0,female,caucasian,slightlyhappy
003074,15.0,male,caucasian,neutral
003075,39.0,female,caucasian,neutral
003076,25.0,male,caucasian,neutral
003077,33.0,male,caucasian,slightlyhappy
003078,59.0,male,caucasian,happy
003079,19.0,female,caucasian,happy
003080,34.0,male,caucasian,slightlyhappy
003081,54.0,female,caucasian,happy
003082,1.0,female,caucasian,neutral
003083,24.0,female,caucasian,slightlyhappy
003084,35.0,female,caucasian,slightlyhappy
003085,32.0,male,asian,slightlyhappy
003086,29.0,male,caucasian,other
003087,27.0,male,caucasian,neutral
003088,21.0,male,caucasian,neutral
003089,1.0,male,caucasian,neutral
003090,27.0,male,caucasian,neutral
003091,19.0,female,caucasian,slightlyhappy
003092,25.0,female,caucasian,slightlyhappy
003093,33.0,male,caucasian,neutral
003094,44.0,female,caucasian,slightlyhappy
003095,51.0,male,caucasian,slightlyhappy
003096,38.0,female,caucasian,slightlyhappy
003097,26.0,male,caucasian,neutral
003098,14.0,female,caucasian,slightlyhappy
003099,1.0,male,caucasian,other
003100,17.0,female,caucasian,slightlyhappy
003101,35.0,male,caucasian,slightlyhappy
003102,56.0,male,caucasian,slightlyhappy
003103,27.0,female,caucasian,other
003104,29.0,male,caucasian,neutral
003105,28.0,male,caucasian,neutral
003106,14.0,male,caucasian,neutral
003107,21.0,female,caucasian,happy
003108,43.0,female,caucasian,happy
003109,41.0,female,caucasian,slightlyhappy
003110,43.0,male,caucasian,neutral
003111,26.0,male,caucasian,neutral
003112,30.0,male,caucasian,slightlyhappy
003113,20.0,female,caucasian,neutral
003114,42.0,male,caucasian,happy
003115,4.0,female,caucasian,neutral
003116,32.0,male,caucasian,slightlyhappy
003117,22.0,male,caucasian,slightlyhappy
003118,50.0,male,caucasian,slightlyhappy
003119,34.0,male,asian,neutral
003120,46.0,male,caucasian,neutral
003121,40.0,male,caucasian,neutral
003122,11.0,female,afroamerican,happy
003123,23.0,female,asian,slightlyhappy
003124,20.0,male,caucasian,neutral
003125,43.0,male,caucasian,slightlyhappy
003126,37.0,male,caucasian,neutral
003127,16.0,female,caucasian,neutral
003128,25.0,male,caucasian,neutral
003129,45.0,female,caucasian,slightlyhappy
003130,32.0,male,caucasian,slightlyhappy
003131,22.0,male,caucasian,slightlyhappy
003132,26.0,female,asian,slightlyhappy
003133,78.0,male,caucasian,neutral
003134,33.0,female,caucasian,slightlyhappy
003135,32.0,female,caucasian,happy
003136,30.0,male,caucasian,slightlyhappy
003137,2.0,female,caucasian,other
003138,28.0,male,caucasian,neutral
003139,23.0,female,caucasian,slightlyhappy
003140,26.0,female,caucasian,neutral
003141,44.0,male,caucasian,slightlyhappy
003142,28.0,female,caucasian,happy
003143,14.0,female,caucasian,slightlyhappy
003144,30.0,male,caucasian,slightlyhappy
003145,64.0,male,caucasian,neutral
003146,17.0,male,caucasian,neutral
003147,16.0,male,caucasian,neutral
003148,22.0,male,caucasian,slightlyhappy
003149,15.0,male,caucasian,neutral
003150,27.0,female,asian,slightlyhappy
003151,52.0,female,caucasian,neutral
003152,47.0,female,caucasian,happy
003153,12.0,male,caucasian,happy
003154,26.0,female,caucasian,slightlyhappy
003155,22.0,female,caucasian,happy
003156,22.0,female,caucasian,neutral
003157,31.0,male,caucasian,neutral
003158,35.0,female,asian,slightlyhappy
003159,29.0,female,asian,slightlyhappy
003160,19.0,female,caucasian,happy
003161,28.0,male,caucasian,happy
003162,60.0,female,caucasian,happy
003163,28.0,female,caucasian,happy
003164,44.0,female,caucasian,happy
003165,13.0,female,caucasian,happy
003166,37.0,female,caucasian,happy
003167,19.0,male,caucasian,slightlyhappy
003168,20.0,female,caucasian,slightlyhappy
003169,22.0,male,caucasian,neutral
003170,32.0,male,afroamerican,other
003171,20.0,male,caucasian,neutral
003172,40.0,female,caucasian,happy
003173,15.0,male,caucasian,slightlyhappy
003174,24.0,male,caucasian,slightlyhappy
003175,31.0,male,caucasian,other
003176,73.0,male,caucasian,neutral
003177,51.0,male,caucasian,neutral
003178,29.0,female,caucasian,slightlyhappy
003179,23.0,female,caucasian,happy
003180,47.0,male,caucasian,slightlyhappy
003181,46.0,female,caucasian,slightlyhappy
003182,46.0,female,caucasian,slightlyhappy
003183,32.0,female,caucasian,neutral
003184,39.0,male,caucasian,neutral
003185,28.0,female,asian,happy
003186,33.0,male,caucasian,slightlyhappy
003187,60.0,female,caucasian,happy
003188,20.0,female,caucasian,happy
003189,22.0,male,caucasian,neutral
003190,20.0,male,asian,neutral
003191,55.0,male,caucasian,slightlyhappy
003192,62.0,male,afroamerican,slightlyhappy
003193,26.0,male,caucasian,other
003194,14.0,female,caucasian,slightlyhappy
003195,25.0,male,asian,slightlyhappy
003196,16.0,female,caucasian,slightlyhappy
003197,45.0,male,caucasian,slightlyhappy
003198,28.0,female,caucasian,slightlyhappy
003199,19.0,female,afroamerican,slightlyhappy
003200,18.0,male,caucasian,neutral
003201,32.0,female,asian,slightlyhappy
003202,32.0,male,caucasian,slightlyhappy
003203,29.0,female,caucasian,slightlyhappy
003204,16.0,male,caucasian,slightlyhappy
003205,60.0,male,caucasian,slightlyhappy
003206,5.0,female,caucasian,neutral
003207,37.0,male,caucasian,neutral
003208,22.0,male,caucasian,other
003209,26.0,male,caucasian,neutral
003210,45.0,male,caucasian,happy
003211,12.0,female,caucasian,happy
003212,38.0,male,caucasian,slightlyhappy
003213,18.0,male,caucasian,neutral
003214,54.0,male,caucasian,slightlyhappy
003215,19.0,male,caucasian,slightlyhappy
003216,28.0,male,caucasian,slightlyhappy
003217,25.0,male,caucasian,slightlyhappy
003218,32.0,female,caucasian,slightlyhappy
003219,22.0,female,asian,slightlyhappy
003220,63.0,male,caucasian,slightlyhappy
003221,18.0,female,caucasian,slightlyhappy
003222,47.0,male,caucasian,slightlyhappy
003223,18.0,male,caucasian,neutral
003224,17.0,female,caucasian,neutral
003225,34.0,male,caucasian,neutral
003226,47.0,female,asian,slightlyhappy
003227,14.0,female,caucasian,neutral
003228,25.0,male,caucasian,neutral
003229,38.0,female,caucasian,slightlyhappy
003230,19.0,female,caucasian,happy
003231,76.0,male,caucasian,slightlyhappy
003232,28.0,female,asian,slightlyhappy
003233,7.0,female,caucasian,neutral
003234,60.0,female,caucasian,slightlyhappy
003235,28.0,female,caucasian,slightlyhappy
003236,16.0,female,asian,happy
003237,17.0,female,caucasian,happy
003238,36.0,female,caucasian,happy
003239,20.0,female,caucasian,happy
003240,21.0,male,caucasian,slightlyhappy
003241,41.0,male,caucasian,neutral
003242,34.0,male,caucasian,happy
003243,22.0,female,asian,happy
003244,23.0,female,caucasian,happy
003245,35.0,female,afroamerican,neutral
003246,56.0,male,caucasian,slightlyhappy
003247,56.0,male,caucasian,neutral
003248,17.0,male,caucasian,neutral
003249,42.0,male,caucasian,slightlyhappy
003250,65.0,female,caucasian,happy
003251,19.0,male,caucasian,neutral
003252,25.0,female,caucasian,slightlyhappy
003253,13.0,female,caucasian,happy
003254,1.0,male,caucasian,neutral
003255,17.0,male,caucasian,slightlyhappy
003256,30.0,male,caucasian,neutral
003257,31.0,male,caucasian,slightlyhappy
003258,26.0,female,asian,slightlyhappy
003259,13.0,female,caucasian,slightlyhappy
003260,94.0,female,caucasian,neutral
003261,18.0,male,caucasian,neutral
003262,19.0,male,caucasian,neutral
003263,25.0,male,caucasian,neutral
003264,51.0,female,caucasian,neutral
003265,26.0,male,asian,neutral
003266,24.0,female,asian,slightlyhappy
003267,1.0,male,caucasian,happy
003268,22.0,male,caucasian,neutral
003269,50.0,male,caucasian,neutral
003270,34.0,female,asian,neutral
003271,37.0,female,caucasian,slightlyhappy
003272,42.0,female,caucasian,slightlyhappy
003273,22.0,female,afroamerican,slightlyhappy
003274,22.0,male,caucasian,slightlyhappy
003275,22.0,male,caucasian,neutral
003276,38.0,male,caucasian,slightlyhappy
003277,17.0,female,caucasian,slightlyhappy
003278,52.0,female,caucasian,slightlyhappy
003279,89.0,female,caucasian,slightlyhappy
003280,4.0,female,caucasian,slightlyhappy
003281,55.0,male,caucasian,neutral
003282,15.0,female,caucasian,slightlyhappy
003283,28.0,female,caucasian,slightlyhappy
003284,15.0,female,caucasian,slightlyhappy
003285,44.0,male,caucasian,happy
003286,52.0,male,caucasian,slightlyhappy
003287,21.0,female,asian,slightlyhappy
003288,25.0,male,caucasian,neutral
003289,22.0,female,caucasian,slightlyhappy
003290,35.0,male,caucasian,neutral
003291,23.0,male,caucasian,slightlyhappy
003292,24.0,female,caucasian,neutral
003293,20.0,female,caucasian,slightlyhappy
003294,19.0,female,caucasian,happy
003295,56.0,male,caucasian,neutral
003296,22.0,male,caucasian,happy
003297,42.0,male,caucasian,happy
003298,37.0,female,caucasian,other
003299,23.0,female,caucasian,neutral
003300,27.0,male,caucasian,neutral
003301,16.0,female,caucasian,happy
003302,36.0,female,caucasian,slightlyhappy
003303,30.0,female,caucasian,slightlyhappy
003304,40.0,male,caucasian,happy
003305,26.0,male,asian,neutral
003306,39.0,female,caucasian,happy
003307,25.0,male,caucasian,slightlyhappy
003308,29.0,male,caucasian,neutral
003309,24.0,male,caucasian,slightlyhappy
003310,13.0,female,caucasian,happy
003311,50.0,male,caucasian,neutral
003312,18.0,male,caucasian,slightlyhappy
003313,26.0,male,caucasian,slightlyhappy
003314,36.0,male,caucasian,slightlyhappy
003315,31.0,female,caucasian,slightlyhappy
003316,61.0,male,caucasian,slightlyhappy
003317,22.0,female,caucasian,slightlyhappy
003318,28.0,male,caucasian,neutral
003319,38.0,female,caucasian,slightlyhappy
003320,47.0,female,caucasian,slightlyhappy
003321,28.0,female,caucasian,happy
003322,44.0,male,caucasian,other
003323,31.0,female,caucasian,happy
003324,24.0,female,caucasian,slightlyhappy
003325,18.0,female,caucasian,slightlyhappy
003326,39.0,male,caucasian,neutral
003327,41.0,male,caucasian,neutral
003328,22.0,female,caucasian,slightlyhappy
003329,18.0,male,caucasian,neutral
003330,51.0,male,afroamerican,neutral
003331,36.0,female,asian,neutral
003332,28.0,male,caucasian,slightlyhappy
003333,18.0,female,caucasian,slightlyhappy
003334,26.0,male,caucasian,other
003335,22.0,female,afroamerican,neutral
003336,51.0,male,caucasian,neutral
003337,28.0,male,caucasian,happy
003338,39.0,male,caucasian,slightlyhappy
003339,32.0,female,caucasian,happy
003340,20.0,female,caucasian,neutral
003341,27.0,female,caucasian,slightlyhappy
003342,10.0,male,caucasian,slightlyhappy
003343,47.0,male,caucasian,happy
003344,26.0,female,caucasian,slightlyhappy
003345,16.0,female,asian,happy
003346,25.0,female,caucasian,happy
003347,21.0,male,caucasian,happy
003348,45.0,male,caucasian,other
003349,28.0,male,caucasian,slightlyhappy
003350,25.0,male,caucasian,neutral
003351,4.0,female,asian,neutral
003352,36.0,female,caucasian,happy
003353,37.0,male,caucasian,neutral
003354,36.0,male,asian,slightlyhappy
003355,47.0,male,caucasian,happy
003356,15.0,female,caucasian,happy
003357,37.0,male,caucasian,slightlyhappy
003358,39.0,male,asian,slightlyhappy
003359,60.0,female,caucasian,happy
003360,59.0,male,caucasian,slightlyhappy
003361,38.0,male,caucasian,neutral
003362,36.0,male,caucasian,neutral
003363,25.0,female,caucasian,slightlyhappy
003364,17.0,female,caucasian,neutral
003365,42.0,female,caucasian,neutral
003366,16.0,female,caucasian,other
003367,33.0,female,asian,slightlyhappy
003368,32.0,male,caucasian,slightlyhappy
003369,14.0,male,asian,neutral
003370,26.0,female,caucasian,slightlyhappy
003371,32.0,male,asian,neutral
003372,18.0,male,caucasian,neutral
003373,26.0,male,caucasian,neutral
003374,21.0,female,caucasian,happy
003375,16.0,female,caucasian,happy
003376,30.0,female,caucasian,slightlyhappy
003377,13.0,female,caucasian,slightlyhappy
003378,21.0,female,caucasian,happy
003379,16.0,male,caucasian,happy
003380,15.0,male,caucasian,happy
003381,30.0,female,caucasian,slightlyhappy
003382,50.0,female,caucasian,happy
003383,43.0,female,caucasian,happy
003384,29.0,female,asian,slightlyhappy
003385,25.0,female,caucasian,slightlyhappy
003386,20.0,female,caucasian,happy
003387,41.0,male,caucasian,slightlyhappy
003388,39.0,male,caucasian,happy
003389,61.0,male,caucasian,slightlyhappy
003390,43.0,female,caucasian,neutral
003391,64.0,male,caucasian,neutral
003392,4.0,female,caucasian,neutral
003393,25.0,male,caucasian,neutral
003394,36.0,male,caucasian,happy
003395,19.0,female,caucasian,happy
003396,10.0,male,caucasian,slightlyhappy
003397,19.0,male,caucasian,neutral
003398,39.0,female,asian,happy
003399,22.0,female,caucasian,other
003400,20.0,female,caucasian,neutral
003401,53.0,female,asian,neutral
003402,40.0,male,caucasian,slightlyhappy
003403,20.0,female,caucasian,neutral
003404,2.0,male,caucasian,neutral
003405,29.0,female,asian,neutral
003406,38.0,male,caucasian,slightlyhappy
003407,62.0,male,caucasian,slightlyhappy
003408,28.0,male,caucasian,other
003409,43.0,male,caucasian,neutral
003410,23.0,female,caucasian,slightlyhappy
003411,14.0,female,afroamerican,neutral
003412,21.0,male,caucasian,neutral
003413,17.0,male,asian,slightlyhappy
003414,26.0,female,asian,slightlyhappy
003415,24.0,male,caucasian,neutral
003416,15.0,female,caucasian,slightlyhappy
003417,17.0,male,caucasian,neutral
003418,38.0,male,caucasian,slightlyhappy
003419,27.0,female,caucasian,happy
003420,37.0,male,caucasian,slightlyhappy
003421,28.0,female,caucasian,slightlyhappy
003422,39.0,female,asian,slightlyhappy
003423,37.0,female,caucasian,slightlyhappy
003424,50.0,male,caucasian,neutral
003425,29.0,female,asian,happy
003426,38.0,female,caucasian,slightlyhappy
003427,15.0,male,asian,slightlyhappy
003428,15.0,female,caucasian,neutral
003429,36.0,male,caucasian,neutral
003430,63.0,male,caucasian,happy
003431,17.0,male,caucasian,neutral
003432,41.0,male,caucasian,slightlyhappy
003433,67.0,male,caucasian,slightlyhappy
003434,6.0,male,caucasian,neutral
003435,33.0,female,asian,slightlyhappy
003436,47.0,male,caucasian,slightlyhappy
003437,23.0,male,caucasian,slightlyhappy
003438,6.0,female,caucasian,slightlyhappy
003439,41.0,male,caucasian,happy
003440,23.0,female,caucasian,slightlyhappy
003441,18.0,female,caucasian,happy
003442,32.0,male,caucasian,other
003443,23.0,male,caucasian,neutral
003444,40.0,female,caucasian,happy
003445,16.0,male,caucasian,slightlyhappy
003446,2.0,male,caucasian,other
003447,33.0,female,caucasian,other
003448,58.0,male,caucasian,happy
003449,40.0,male,caucasian,neutral
003450,22.0,male,caucasian,slightlyhappy
003451,36.0,male,caucasian,happy
003452,24.0,male,caucasian,neutral
003453,33.0,male,asian,neutral
003454,22.0,female,caucasian,happy
003455,19.0,male,caucasian,slightlyhappy
003456,33.0,male,asian,happy
003457,30.0,male,caucasian,neutral
003458,21.0,female,caucasian,happy
003459,46.0,male,caucasian,neutral
003460,36.0,male,caucasian,neutral
003461,30.0,male,caucasian,neutral
003462,45.0,female,caucasian,neutral
003463,18.0,female,asian,happy
003464,29.0,male,caucasian,slightlyhappy
003465,20.0,female,caucasian,happy
003466,38.0,male,caucasian,happy
003467,10.0,female,caucasian,neutral
003468,25.0,male,caucasian,slightlyhappy
003469,25.0,male,caucasian,neutral
003470,18.0,female,caucasian,happy
003471,67.0,male,afroamerican,other
003472,34.0,female,caucasian,happy
003473,27.0,male,caucasian,slightlyhappy
003474,37.0,male,caucasian,neutral
003475,51.0,female,caucasian,slightlyhappy
003476,44.0,male,asian,neutral
003477,32.0,female,caucasian,other
003478,14.0,male,caucasian,neutral
003479,22.0,male,caucasian,happy
003480,33.0,male,asian,slightlyhappy
003481,30.0,female,caucasian,slightlyhappy
003482,30.0,male,afroamerican,slightlyhappy
003483,19.0,female,caucasian,slightlyhappy
003484,71.0,female,caucasian,other
003485,34.0,female,caucasian,happy
003486,30.0,male,caucasian,neutral
003487,76.0,male,caucasian,happy
003488,52.0,female,caucasian,neutral
003489,33.0,female,caucasian,happy
003490,47.0,female,caucasian,slightlyhappy
003491,30.0,male,caucasian,slightlyhappy
003492,14.0,female,caucasian,slightlyhappy
003493,55.0,male,asian,slightlyhappy
003494,25.0,male,caucasian,slightlyhappy
003495,18.0,female,asian,happy
003496,15.0,female,caucasian,slightlyhappy
003497,31.0,female,caucasian,happy
003498,30.0,female,caucasian,happy
003499,18.0,female,caucasian,slightlyhappy
003500,28.0,female,caucasian,slightlyhappy
003501,70.0,male,caucasian,happy
003502,56.0,male,caucasian,slightlyhappy
003503,24.0,male,caucasian,other
003504,27.0,female,caucasian,happy
003505,34.0,male,caucasian,happy
003506,42.0,male,caucasian,happy
003507,63.0,male,caucasian,happy
003508,32.0,male,caucasian,happy
003509,16.0,male,caucasian,happy
003510,40.0,male,caucasian,happy
003511,29.0,female,caucasian,other
003512,45.0,male,caucasian,neutral
003513,30.0,male,caucasian,happy
003514,42.0,male,asian,slightlyhappy
003515,46.0,female,caucasian,slightlyhappy
003516,31.0,male,caucasian,other
003517,19.0,female,caucasian,happy
003518,19.0,female,asian,slightlyhappy
003519,32.0,male,caucasian,neutral
003520,33.0,female,caucasian,slightlyhappy
003521,30.0,female,caucasian,happy
003522,9.0,female,asian,happy
003523,30.0,female,caucasian,happy
003524,23.0,female,caucasian,happy
003525,48.0,male,caucasian,happy
003526,27.0,female,caucasian,happy
003527,44.0,female,caucasian,neutral
003528,11.0,female,caucasian,happy
003529,65.0,male,caucasian,happy
003530,15.0,female,caucasian,happy
003531,28.0,female,asian,slightlyhappy
003532,77.0,male,caucasian,neutral
003533,34.0,male,caucasian,slightlyhappy
003534,21.0,male,caucasian,neutral
003535,36.0,male,caucasian,slightlyhappy
003536,27.0,male,caucasian,slightlyhappy
003537,24.0,male,caucasian,neutral
003538,32.0,male,caucasian,slightlyhappy
003539,16.0,female,caucasian,slightlyhappy
003540,29.0,female,asian,slightlyhappy
003541,24.0,male,caucasian,slightlyhappy
003542,37.0,female,caucasian,slightlyhappy
003543,31.0,female,caucasian,happy
003544,15.0,female,caucasian,slightlyhappy
003545,31.0,female,caucasian,happy
003546,27.0,female,caucasian,slightlyhappy
003547,25.0,female,caucasian,slightlyhappy
003548,39.0,female,caucasian,happy
003549,17.0,female,afroamerican,slightlyhappy
003550,50.0,female,caucasian,slightlyhappy
003551,40.0,female,caucasian,happy
003552,57.0,male,caucasian,slightlyhappy
003553,16.0,female,caucasian,neutral
003554,45.0,female,caucasian,happy
003555,20.0,female,caucasian,happy
003556,43.0,female,caucasian,slightlyhappy
003557,22.0,male,caucasian,neutral
003558,42.0,male,caucasian,happy
003559,40.0,female,caucasian,happy
003560,8.0,female,asian,slightlyhappy
003561,36.0,male,asian,neutral
003562,57.0,male,caucasian,slightlyhappy
003563,34.0,female,caucasian,slightlyhappy
003564,49.0,female,asian,slightlyhappy
003565,17.0,female,caucasian,neutral
003566,25.0,female,caucasian,slightlyhappy
003567,52.0,female,caucasian,neutral
003568,17.0,male,caucasian,slightlyhappy
003569,18.0,male,caucasian,slightlyhappy
003570,42.0,male,caucasian,neutral
003571,25.0,female,caucasian,slightlyhappy
003572,43.0,female,caucasian,neutral
003573,13.0,male,caucasian,neutral
003574,37.0,male,caucasian,slightlyhappy
003575,24.0,female,caucasian,neutral
003576,47.0,female,caucasian,slightlyhappy
003577,29.0,female,caucasian,happy
003578,47.0,female,asian,happy
003579,22.0,male,caucasian,happy
003580,22.0,female,caucasian,slightlyhappy
003581,37.0,male,asian,neutral
003582,17.0,female,caucasian,slightlyhappy
003583,28.0,female,caucasian,happy
003584,32.0,male,caucasian,happy
003585,44.0,female,caucasian,slightlyhappy
003586,70.0,male,caucasian,neutral
003587,6.0,female,caucasian,happy
003588,72.0,female,caucasian,slightlyhappy
003589,36.0,female,caucasian,neutral
003590,14.0,female,caucasian,happy
003591,26.0,male,caucasian,slightlyhappy
003592,12.0,male,caucasian,neutral
003593,29.0,male,caucasian,neutral
003594,28.0,male,caucasian,neutral
003595,35.0,male,caucasian,slightlyhappy
003596,33.0,female,caucasian,happy
003597,66.0,female,caucasian,slightlyhappy
003598,15.0,female,asian,slightlyhappy
003599,27.0,female,caucasian,happy
003600,69.0,male,caucasian,happy
003601,15.0,male,caucasian,slightlyhappy
003602,17.0,female,caucasian,slightlyhappy
003603,40.0,male,caucasian,neutral
003604,51.0,male,caucasian,neutral
003605,18.0,female,caucasian,slightlyhappy
003606,52.0,male,caucasian,slightlyhappy
003607,4.0,female,caucasian,slightlyhappy
003608,23.0,female,asian,happy
003609,51.0,male,caucasian,slightlyhappy
003610,45.0,female,caucasian,slightlyhappy
003611,29.0,male,caucasian,slightlyhappy
003612,84.0,male,caucasian,neutral
003613,20.0,female,caucasian,neutral
003614,46.0,female,caucasian,neutral
003615,38.0,male,caucasian,happy
003616,15.0,female,caucasian,neutral
003617,22.0,female,caucasian,happy
003618,35.0,male,caucasian,slightlyhappy
003619,28.0,male,asian,slightlyhappy
003620,24.0,male,caucasian,neutral
003621,49.0,male,caucasian,neutral
003622,36.0,male,caucasian,neutral
003623,22.0,female,caucasian,slightlyhappy
003624,44.0,male,caucasian,slightlyhappy
003625,53.0,male,caucasian,neutral
003626,33.0,female,caucasian,neutral
003627,21.0,female,caucasian,slightlyhappy
003628,42.0,male,asian,neutral
003629,22.0,female,caucasian,slightlyhappy
003630,28.0,male,caucasian,slightlyhappy
003631,14.0,female,caucasian,happy
003632,17.0,female,afroamerican,happy
003633,25.0,female,asian,slightlyhappy
003634,30.0,female,asian,happy
003635,44.0,male,caucasian,slightlyhappy
003636,36.0,male,caucasian,slightlyhappy
003637,8.0,male,caucasian,neutral
003638,26.0,male,caucasian,neutral
003639,76.0,female,asian,slightlyhappy
003640,16.0,female,caucasian,happy
003641,12.0,male,caucasian,neutral
003642,44.0,male,caucasian,slightlyhappy
003643,46.0,female,caucasian,neutral
003644,3.0,female,caucasian,happy
003645,24.0,male,caucasian,other
003646,43.0,male,asian,neutral
003647,35.0,female,asian,happy
003648,50.0,male,caucasian,happy
003649,16.0,male,afroamerican,neutral
003650,45.0,female,caucasian,neutral
003651,15.0,female,caucasian,neutral
003652,37.0,male,caucasian,happy
003653,62.0,male,caucasian,happy
003654,32.0,male,caucasian,happy
003655,23.0,female,caucasian,happy
003656,34.0,female,caucasian,happy
003657,19.0,male,caucasian,happy
003658,47.0,male,caucasian,other
003659,18.0,male,caucasian,other
003660,27.0,female,caucasian,slightlyhappy
003661,1.0,female,asian,other
003662,38.0,male,caucasian,other
003663,47.0,female,asian,happy
003664,69.0,male,caucasian,neutral
003665,56.0,male,caucasian,neutral
003666,27.0,female,afroamerican,happy
003667,35.0,male,caucasian,happy
003668,74.0,male,caucasian,neutral
003669,41.0,female,caucasian,slightlyhappy
003670,24.0,female,caucasian,neutral
003671,58.0,male,caucasian,happy
003672,38.0,male,caucasian,neutral
003673,35.0,female,caucasian,slightlyhappy
003674,37.0,male,caucasian,slightlyhappy
003675,38.0,female,caucasian,happy
003676,24.0,male,asian,neutral
003677,35.0,female,caucasian,neutral
003678,25.0,female,caucasian,neutral
003679,27.0,female,caucasian,slightlyhappy
003680,23.0,female,caucasian,happy
003681,23.0,male,caucasian,happy
003682,23.0,male,asian,neutral
003683,39.0,male,caucasian,slightlyhappy
003684,20.0,female,caucasian,neutral
003685,54.0,female,caucasian,neutral
003686,23.0,male,caucasian,slightlyhappy
003687,18.0,female,caucasian,slightlyhappy
003688,38.0,female,caucasian,slightlyhappy
003689,20.0,male,caucasian,slightlyhappy
003690,70.0,male,asian,slightlyhappy
003691,30.0,male,caucasian,happy
003692,41.0,female,caucasian,happy
003693,15.0,male,caucasian,neutral
003694,28.0,male,caucasian,slightlyhappy
003695,19.0,male,caucasian,slightlyhappy
003696,40.0,male,caucasian,happy
003697,67.0,male,caucasian,neutral
003698,31.0,female,caucasian,happy
003699,27.0,male,caucasian,neutral
003700,29.0,female,asian,happy
003701,25.0,female,caucasian,happy
003702,16.0,female,caucasian,happy
003703,40.0,female,caucasian,happy
003704,24.0,female,caucasian,happy
003705,32.0,female,caucasian,slightlyhappy
003706,84.0,male,caucasian,neutral
003707,37.0,female,caucasian,happy
003708,35.0,female,caucasian,happy
003709,41.0,male,asian,happy
003710,59.0,female,caucasian,neutral
003711,18.0,female,caucasian,happy
003712,18.0,female,caucasian,happy
003713,27.0,male,caucasian,happy
003714,34.0,male,caucasian,neutral
003715,31.0,male,caucasian,neutral
003716,25.0,female,caucasian,slightlyhappy
003717,35.0,male,caucasian,slightlyhappy
003718,23.0,male,caucasian,slightlyhappy
003719,13.0,female,caucasian,happy
003720,13.0,male,asian,slightlyhappy
003721,19.0,female,caucasian,slightlyhappy
003722,30.0,male,caucasian,slightlyhappy
003723,28.0,female,caucasian,happy
003724,32.0,male,caucasian,slightlyhappy
003725,20.0,female,caucasian,happy
003726,59.0,male,caucasian,slightlyhappy
003727,22.0,female,caucasian,happy
003728,24.0,female,caucasian,happy
003729,25.0,male,caucasian,happy
003730,26.0,male,asian,happy
003731,43.0,female,caucasian,happy
003732,21.0,female,caucasian,happy
003733,18.0,male,caucasian,happy
003734,24.0,male,caucasian,neutral
003735,38.0,male,caucasian,happy
003736,41.0,male,caucasian,happy
003737,26.0,female,caucasian,happy
003738,18.0,female,caucasian,happy
003739,35.0,female,caucasian,neutral
003740,44.0,male,asian,neutral
003741,21.0,female,caucasian,happy
003742,14.0,female,asian,happy
003743,21.0,male,caucasian,happy
003744,46.0,female,caucasian,happy
003745,25.0,female,asian,happy
003746,68.0,male,caucasian,neutral
003747,25.0,male,asian,happy
003748,28.0,male,caucasian,slightlyhappy
003749,25.0,male,caucasian,neutral
003750,28.0,male,caucasian,neutral
003751,23.0,female,caucasian,slightlyhappy
003752,19.0,female,caucasian,happy
003753,40.0,female,caucasian,happy
003754,5.0,male,caucasian,slightlyhappy
003755,19.0,female,caucasian,slightlyhappy
003756,30.0,female,caucasian,slightlyhappy
003757,14.0,male,caucasian,neutral
003758,28.0,male,caucasian,slightlyhappy
003759,31.0,male,caucasian,neutral
003760,18.0,female,caucasian,happy
003761,38.0,female,caucasian,neutral
003762,28.0,female,caucasian,happy
003763,27.0,male,caucasian,slightlyhappy
003764,24.0,female,caucasian,slightlyhappy
003765,26.0,female,caucasian,happy
003766,23.0,male,caucasian,happy
003767,23.0,female,caucasian,happy
003768,28.0,female,caucasian,neutral
003769,33.0,male,caucasian,slightlyhappy
003770,33.0,female,caucasian,happy
003771,14.0,female,caucasian,neutral
003772,4.0,male,caucasian,neutral
003773,30.0,female,caucasian,happy
003774,17.0,male,caucasian,slightlyhappy
003775,2.0,female,caucasian,neutral
003776,30.0,male,caucasian,neutral
003777,26.0,male,caucasian,neutral
003778,18.0,female,caucasian,slightlyhappy
003779,31.0,male,caucasian,happy
003780,27.0,female,caucasian,happy
003781,29.0,male,caucasian,happy
003782,26.0,female,caucasian,happy
003783,23.0,male,caucasian,neutral
003784,22.0,female,caucasian,neutral
003785,50.0,male,caucasian,neutral
003786,16.0,female,caucasian,slightlyhappy
003787,19.0,male,caucasian,happy
003788,17.0,female,asian,happy
003789,18.0,male,caucasian,happy
003790,19.0,female,caucasian,happy
003791,43.0,male,caucasian,happy
003792,49.0,male,caucasian,neutral
003793,53.0,male,caucasian,neutral
003794,37.0,female,caucasian,happy
003795,18.0,male,caucasian,happy
003796,16.0,male,caucasian,neutral
003797,56.0,male,caucasian,slightlyhappy
003798,53.0,male,caucasian,neutral
003799,23.0,female,caucasian,happy
003800,30.0,female,caucasian,neutral
003801,28.0,female,caucasian,happy
003802,45.0,female,caucasian,happy
003803,20.0,female,caucasian,neutral
003804,33.0,male,caucasian,other
003805,40.0,female,caucasian,neutral
003806,23.0,male,asian,happy
003807,7.0,male,caucasian,happy
003808,40.0,female,caucasian,happy
003809,30.0,male,caucasian,happy
003810,51.0,female,caucasian,happy
003811,21.0,male,caucasian,other
003812,31.0,female,caucasian,slightlyhappy
003813,38.0,male,caucasian,slightlyhappy
003814,1.0,female,caucasian,slightlyhappy
003815,29.0,male,caucasian,neutral
003816,7.0,male,caucasian,slightlyhappy
003817,25.0,male,caucasian,neutral
003818,17.0,female,caucasian,neutral
003819,21.0,female,caucasian,slightlyhappy
003820,39.0,male,caucasian,happy
003821,58.0,male,caucasian,happy
003822,54.0,female,caucasian,slightlyhappy
003823,21.0,male,caucasian,slightlyhappy
003824,30.0,male,caucasian,neutral
003825,2.0,male,caucasian,neutral
003826,41.0,male,caucasian,neutral
003827,49.0,male,caucasian,neutral
003828,55.0,male,caucasian,neutral
003829,23.0,male,caucasian,slightlyhappy
003830,55.0,female,afroamerican,neutral
003831,25.0,female,caucasian,happy
003832,14.0,female,caucasian,happy
003833,30.0,male,caucasian,neutral
003834,28.0,female,caucasian,happy
003835,1.0,male,caucasian,neutral
003836,48.0,female,caucasian,happy
003837,25.0,male,caucasian,slightlyhappy
003838,32.0,male,caucasian,other
003839,4.0,female,caucasian,slightlyhappy
003840,17.0,female,caucasian,slightlyhappy
003841,52.0,female,caucasian,slightlyhappy
003842,14.0,female,caucasian,slightlyhappy
003843,3.0,male,caucasian,neutral
003844,24.0,male,caucasian,happy
003845,30.0,female,caucasian,neutral
003846,19.0,male,asian,neutral
003847,28.0,female,caucasian,happy
003848,29.0,female,caucasian,neutral
003849,21.0,male,caucasian,neutral
003850,32.0,female,caucasian,slightlyhappy
003851,30.0,female,caucasian,slightlyhappy
003852,15.0,female,caucasian,slightlyhappy
003853,6.0,female,caucasian,neutral
003854,30.0,female,caucasian,neutral
003855,22.0,male,caucasian,happy
003856,36.0,male,caucasian,happy
003857,32.0,female,caucasian,slightlyhappy
003858,18.0,female,caucasian,happy
003859,34.0,male,caucasian,other
003860,47.0,male,caucasian,happy
003861,28.0,female,caucasian,happy
003862,77.0,male,caucasian,other
003863,13.0,male,caucasian,neutral
003864,72.0,male,caucasian,happy
003865,61.0,female,caucasian,happy
003866,43.0,male,caucasian,slightlyhappy
003867,21.0,female,caucasian,happy
003868,41.0,male,caucasian,neutral
003869,38.0,female,caucasian,happy
003870,47.0,female,caucasian,neutral
003871,21.0,female,caucasian,happy
003872,26.0,female,caucasian,happy
003873,33.0,male,asian,neutral
003874,26.0,male,caucasian,neutral
003875,20.0,male,caucasian,neutral
003876,48.0,female,caucasian,happy
003877,35.0,female,afroamerican,slightlyhappy
003878,27.0,male,caucasian,slightlyhappy
003879,35.0,female,caucasian,slightlyhappy
003880,1.0,male,caucasian,slightlyhappy
003881,35.0,male,asian,neutral
003882,27.0,female,caucasian,neutral
003883,49.0,male,caucasian,slightlyhappy
003884,49.0,male,caucasian,neutral
003885,47.0,female,caucasian,slightlyhappy
003886,55.0,female,caucasian,slightlyhappy
003887,19.0,female,caucasian,slightlyhappy
003888,28.0,female,caucasian,happy
003889,22.0,female,asian,happy
003890,23.0,female,caucasian,happy
003891,32.0,female,caucasian,happy
003892,22.0,female,asian,happy
003893,16.0,female,caucasian,happy
003894,23.0,male,caucasian,slightlyhappy
003895,20.0,male,caucasian,neutral
003896,52.0,female,caucasian,happy
003897,14.0,male,caucasian,neutral
003898,35.0,male,caucasian,neutral
003899,51.0,male,caucasian,neutral
003900,20.0,male,caucasian,neutral
003901,22.0,male,afroamerican,happy
003902,58.0,female,caucasian,happy
003903,15.0,male,caucasian,happy
003904,25.0,male,caucasian,happy
003905,38.0,male,caucasian,other
003906,11.0,female,caucasian,happy
003907,23.0,male,caucasian,neutral
003908,27.0,female,caucasian,happy
003909,17.0,male,caucasian,slightlyhappy
003910,58.0,male,caucasian,neutral
003911,27.0,male,caucasian,neutral
003912,26.0,male,caucasian,neutral
003913,53.0,male,caucasian,neutral
003914,21.0,female,caucasian,happy
003915,24.0,male,caucasian,neutral
003916,17.0,female,caucasian,happy
003917,20.0,male,caucasian,slightlyhappy
003918,23.0,male,asian,neutral
003919,41.0,male,caucasian,slightlyhappy
003920,39.0,male,caucasian,slightlyhappy
003921,31.0,female,asian,slightlyhappy
003922,28.0,male,caucasian,happy
003923,43.0,female,caucasian,happy
003924,33.0,male,asian,neutral
003925,1.0,male,caucasian,slightlyhappy
003926,16.0,female,caucasian,slightlyhappy
003927,30.0,female,caucasian,slightlyhappy
003928,17.0,female,caucasian,slightlyhappy
003929,29.0,male,caucasian,slightlyhappy
003930,35.0,female,caucasian,slightlyhappy
003931,27.0,male,caucasian,happy
003932,27.0,female,caucasian,happy
003933,43.0,male,asian,neutral
003934,19.0,male,caucasian,happy
003935,24.0,female,asian,slightlyhappy
003936,2.0,female,caucasian,happy
003937,15.0,female,caucasian,happy
003938,29.0,male,caucasian,slightlyhappy
003939,12.0,female,caucasian,other
003940,14.0,female,caucasian,slightlyhappy
003941,17.0,female,caucasian,neutral
003942,46.0,female,caucasian,slightlyhappy
003943,51.0,male,caucasian,neutral
003944,46.0,female,caucasian,neutral
003945,42.0,male,caucasian,slightlyhappy
003946,52.0,female,caucasian,neutral
003947,35.0,female,caucasian,slightlyhappy
003948,39.0,male,caucasian,happy
003949,19.0,male,asian,neutral
003950,24.0,male,caucasian,neutral
003951,51.0,female,caucasian,slightlyhappy
003952,24.0,male,caucasian,other
003953,42.0,male,caucasian,happy
003954,15.0,male,caucasian,slightlyhappy
003955,38.0,male,caucasian,neutral
003956,27.0,female,caucasian,happy
003957,26.0,male,caucasian,other
003958,21.0,female,caucasian,happy
003959,38.0,female,caucasian,happy
003960,37.0,male,caucasian,slightlyhappy
003961,38.0,female,caucasian,neutral
003962,26.0,male,caucasian,happy
003963,32.0,male,afroamerican,neutral
003964,59.0,female,caucasian,happy
003965,22.0,female,caucasian,slightlyhappy
003966,24.0,female,caucasian,slightlyhappy
003967,42.0,male,caucasian,happy
003968,46.0,male,caucasian,happy
003969,21.0,female,caucasian,happy
003970,25.0,male,caucasian,neutral
003971,32.0,female,caucasian,neutral
003972,52.0,female,caucasian,slightlyhappy
003973,48.0,female,caucasian,happy
003974,58.0,female,caucasian,happy
003975,28.0,female,asian,happy
003976,44.0,male,caucasian,happy
003977,26.0,female,caucasian,slightlyhappy
003978,27.0,male,caucasian,slightlyhappy
003979,54.0,male,caucasian,neutral
003980,61.0,male,asian,neutral
003981,19.0,female,asian,happy
003982,38.0,male,caucasian,slightlyhappy
003983,25.0,male,caucasian,slightlyhappy
003984,18.0,female,caucasian,happy
003985,39.0,male,caucasian,slightlyhappy
003986,24.0,female,caucasian,happy
003987,23.0,male,caucasian,slightlyhappy
003988,51.0,female,caucasian,slightlyhappy
003989,62.0,male,caucasian,slightlyhappy
003990,18.0,female,caucasian,happy
003991,44.0,male,caucasian,neutral
003992,34.0,female,caucasian,slightlyhappy
003993,47.0,male,caucasian,slightlyhappy
003994,39.0,female,caucasian,happy
003995,15.0,male,caucasian,slightlyhappy
003996,70.0,male,caucasian,neutral
003997,34.0,female,caucasian,slightlyhappy
003998,15.0,male,caucasian,neutral
003999,34.0,female,asian,happy
004000,20.0,male,asian,neutral
004001,12.0,female,caucasian,happy
004002,14.0,female,caucasian,happy
004003,25.0,female,asian,happy
004004,22.0,male,caucasian,happy
004005,17.0,male,caucasian,slightlyhappy
004006,28.0,male,caucasian,neutral
004007,32.0,male,asian,happy
004008,20.0,female,caucasian,slightlyhappy
004009,44.0,female,asian,slightlyhappy
004010,23.0,female,caucasian,slightlyhappy
004011,15.0,female,asian,happy
004012,26.0,female,caucasian,slightlyhappy
004013,39.0,male,caucasian,slightlyhappy
004014,22.0,female,asian,slightlyhappy
004015,19.0,female,caucasian,slightlyhappy
004016,27.0,male,caucasian,slightlyhappy
004017,41.0,male,caucasian,neutral
004018,30.0,male,caucasian,neutral
004019,63.0,male,caucasian,slightlyhappy
004020,30.0,female,caucasian,happy
004021,32.0,female,caucasian,happy
004022,28.0,male,caucasian,happy
004023,37.0,male,caucasian,slightlyhappy
004024,27.0,male,caucasian,slightlyhappy
004025,25.0,female,caucasian,happy
004026,50.0,male,caucasian,neutral
004027,40.0,female,caucasian,slightlyhappy
004028,30.0,female,afroamerican,slightlyhappy
004029,58.0,male,caucasian,slightlyhappy
004030,24.0,female,asian,neutral
004031,33.0,female,caucasian,slightlyhappy
004032,20.0,male,caucasian,neutral
004033,33.0,female,afroamerican,slightlyhappy
004034,41.0,male,caucasian,neutral
004035,25.0,male,caucasian,happy
004036,23.0,female,caucasian,slightlyhappy
004037,23.0,female,asian,happy
004038,45.0,female,caucasian,happy
004039,29.0,female,asian,neutral
004040,56.0,male,caucasian,slightlyhappy
004041,23.0,male,afroamerican,other
004042,18.0,female,caucasian,happy
004043,22.0,male,caucasian,neutral
004044,35.0,male,caucasian,happy
004045,15.0,male,caucasian,slightlyhappy
004046,27.0,male,caucasian,happy
004047,24.0,female,caucasian,slightlyhappy
004048,20.0,female,asian,slightlyhappy
004049,14.0,female,caucasian,slightlyhappy
004050,65.0,male,caucasian,happy
004051,16.0,male,caucasian,neutral
004052,38.0,female,caucasian,happy
004053,64.0,male,caucasian,happy
004054,50.0,male,caucasian,neutral
004055,22.0,male,afroamerican,other
004056,48.0,male,caucasian,neutral
004057,20.0,male,caucasian,neutral
004058,17.0,female,asian,happy
004059,38.0,male,caucasian,neutral
004060,29.0,female,caucasian,slightlyhappy
004061,33.0,female,afroamerican,slightlyhappy
004062,29.0,female,caucasian,neutral
004063,47.0,male,caucasian,slightlyhappy
004064,28.0,female,caucasian,slightlyhappy
004065,61.0,male,caucasian,happy
004066,14.0,female,caucasian,happy
004067,34.0,female,caucasian,happy
004068,24.0,male,caucasian,slightlyhappy
004069,27.0,female,caucasian,happy
004070,15.0,male,caucasian,slightlyhappy
004071,23.0,female,caucasian,slightlyhappy
004072,31.0,female,caucasian,slightlyhappy
004073,26.0,female,caucasian,slightlyhappy
004074,16.0,male,asian,neutral
004075,16.0,male,caucasian,slightlyhappy
004076,28.0,male,asian,slightlyhappy
004077,12.0,female,caucasian,slightlyhappy
004078,38.0,male,caucasian,neutral
004079,28.0,male,caucasian,happy
004080,47.0,female,caucasian,happy
004081,33.0,male,caucasian,neutral
004082,37.0,male,caucasian,neutral
004083,19.0,female,caucasian,neutral
004084,39.0,male,caucasian,happy
004085,29.0,male,asian,neutral
004086,29.0,female,caucasian,happy
004087,26.0,male,caucasian,neutral
004088,12.0,male,caucasian,neutral
004089,22.0,female,caucasian,neutral
004090,32.0,male,caucasian,slightlyhappy
004091,47.0,female,caucasian,slightlyhappy
004092,21.0,male,caucasian,happy
004093,59.0,male,caucasian,neutral
004094,19.0,male,caucasian,happy
004095,20.0,female,caucasian,happy
004096,5.0,female,asian,happy
004097,32.0,female,caucasian,happy
004098,37.0,male,caucasian,slightlyhappy
004099,19.0,female,caucasian,slightlyhappy
004100,40.0,male,caucasian,other
004101,22.0,female,caucasian,happy
004102,18.0,male,caucasian,other
004103,56.0,male,caucasian,slightlyhappy
004104,20.0,male,afroamerican,other
004105,34.0,male,asian,neutral
004106,41.0,female,caucasian,happy
004107,36.0,male,caucasian,neutral
004108,41.0,male,caucasian,happy
004109,53.0,male,caucasian,happy
004110,35.0,male,caucasian,neutral
004111,28.0,male,caucasian,neutral
004112,20.0,female,caucasian,happy
